age_years,min,availability_ratio,offensive_efficiency,progressive_actions,position,compition,value_tier
22,1948.0,0.8846153846153846,6.6,108.0,"MF,FW",Premier League,High
35,2520.0,1.0,2.2,167.0,DF,Ligue 1,High
23,1261.0,0.7,108.0,0.26,"MF,FW",Ligue 1,High
23,2336.0,1.0,2.3,168.0,MF,Ligue 1,High
30,1551.0,0.95,9.4,10.02,MF,Ligue 1,Mid
20,600.0,0.7,4.1,12.7,FW,Ligue 1,Low
22,366.0,0.7142857142857143,20.0,,DF,La Liga,Mid
23,1995.0,0.8214285714285714,10.399999999999999,129.0,"FW,MF",Ligue 1,High
25,1743.0,0.7407407407407407,12.4,66.0,FW,Serie A,High
35,1605.0,0.85,24.2,17.03,DF,Serie A,Mid
31,1328.0,0.7142857142857143,1.8,34.3,DF,La Liga,Low
26,1873.0,0.88,8.7,44.0,FW,Premier League,High
24,2156.0,1.0,155.0,0.06,MF,Premier League,High
29,633.0,0.18181818181818182,4.2,34.0,"FW,MF",Bundesliga,Low
25,1185.0,0.8666666666666667,40.2,7.08,DF,Premier League,Mid
21,799.0,0.75,4.5,48.0,"FW,MF",Bundesliga,Mid
22,923.0,0.5294117647058824,4.8,34.6,"FW,MF",Bundesliga,Mid
26,1011.0,0.4782608695652174,2.7,70.0,"FW,MF",Serie A,Mid
20,605.0,0.3125,62.0,,"FW,MF",Serie A,High
25,1705.0,0.9047619047619048,12.6,64.08,DF,Ligue 1,High
22,405.0,0.8,0.0,,GK,La Liga,Low
21,646.0,0.8888888888888888,6.5,,MF,Ligue 1,Mid
26,1298.0,0.5416666666666666,2.1,113.0,MF,La Liga,Mid
24,1788.0,0.8076923076923077,64.2,80.06,"MF,FW",Serie A,High
26,875.0,0.9,5.0,0.25,DF,Premier League,Low
29,868.0,0.625,70.0,0.13,DF,Ligue 1,Mid
20,1398.0,1.0,1.6,45.1,MF,Bundesliga,High
29,1064.0,0.5909090909090909,2.0,23.9,MF,Ligue 1,Low
27,2323.0,1.0,70.8,10.08,DF,La Liga,High
26,807.0,0.5625,2.7,72.0,DF,Serie A,Mid
21,1031.0,0.45,2.4,106.0,DF,Premier League,Mid
22,1299.0,0.7777777777777778,25.0,0.05,DF,Serie A,Mid
24,763.0,1.0,,,DF,Premier League,Mid
29,771.0,0.6923076923076923,4.3,15.0,FW,Ligue 1,Low
29,647.0,0.8888888888888888,3.1,18.0,FW,Bundesliga,Low
27,1631.0,0.85,21.4,10.06,DF,Premier League,Mid
28,1513.0,0.8095238095238095,48.0,0.16,DF,Premier League,High
25,2115.0,1.0,4.9,139.0,DF,La Liga,High
21,307.0,0.5714285714285714,31.0,,"MF,FW",Ligue 1,Mid
30,922.0,0.6875,45.0,0.09,MF,Serie A,Mid
27,1381.0,0.6666666666666666,38.0,0.12,DF,Bundesliga,Mid
30,1545.0,0.8947368421052632,1.8,74.0,DF,La Liga,Mid
34,999.0,0.625,1.2,36.8,DF,La Liga,Low
30,1473.0,0.6666666666666666,5.5,49.3,MF,Serie A,Mid
37,2014.0,1.0,12.01,0.0,DF,La Liga,Mid
31,1154.0,1.0,34.0,0.15,MF,Premier League,Mid
20,327.0,0.5,1.2999999999999998,23.0,MF,Premier League,Low
31,1259.0,0.7,2.7,18.0,MF,La Liga,Low
26,1080.0,0.9230769230769231,17.0,6.02,DF,La Liga,Mid
28,828.0,0.4,31.2,7.08,"MF,FW",La Liga,Mid
25,1583.0,0.8333333333333334,3.4,21.5,MF,La Liga,Mid
24,1933.0,0.8846153846153846,7.9,189.0,DF,Premier League,High
23,1005.0,0.5789473684210527,18.0,0.05,MF,La Liga,Mid
19,360.0,0.2727272727272727,23.5,,FW,La Liga,Mid
30,2340.0,1.0,0.04,0.04,GK,Premier League,Mid
28,1658.0,0.6923076923076923,5.5,178.0,"DF,FW",Ligue 1,High
22,1594.0,0.782608695652174,2.9000000000000004,163.0,MF,La Liga,High
29,1978.0,0.96,7.699999999999999,168.0,FW,Premier League,High
32,682.0,0.4,1.9000000000000001,21.0,DF,La Liga,Low
33,1115.0,0.5238095238095238,57.0,0.12,DF,Ligue 1,Mid
23,902.0,0.6428571428571429,0.6000000000000001,32.0,DF,La Liga,Low
23,749.0,0.3,25.6,,"FW,MF",Premier League,Mid
21,312.0,0.05555555555555555,1.6,8.0,"FW,MF",Serie A,Low
28,1805.0,1.0,0.8,26.3,DF,La Liga,Mid
29,424.0,0.5714285714285714,,,"DF,MF",Ligue 1,Low
28,1520.0,0.8947368421052632,26.0,0.15,DF,Premier League,Mid
26,589.0,0.16666666666666666,3.4000000000000004,46.0,"MF,FW",La Liga,Low
25,1499.0,0.8,26.5,48.07,DF,Serie A,High
21,1330.0,1.0,8.1,8.03,DF,Serie A,Mid
26,721.0,0.3157894736842105,1.6,61.0,"MF,FW",Bundesliga,Low
22,1810.0,1.0,19.9,9.05,"DF,MF",Serie A,High
26,1657.0,0.8333333333333334,54.0,0.07,MF,Serie A,High
26,1927.0,1.0,3.6,11.0,DF,Premier League,Mid
29,2105.0,0.9259259259259259,8.8,143.0,FW,Serie A,High
32,2206.0,1.0,2.9,264.0,MF,Ligue 1,High
27,1378.0,0.5714285714285714,8.4,8.9,FW,Ligue 1,Mid
28,1866.0,0.9565217391304348,2.4000000000000004,95.0,MF,Bundesliga,High
26,1891.0,0.875,23.8,100.04,DF,Bundesliga,High
29,543.0,0.7,15.0,,DF,La Liga,Low
23,1004.0,0.4090909090909091,4.7,83.0,"MF,FW",Premier League,Mid
26,2171.0,1.0,3.6,90.0,DF,Bundesliga,High
22,311.0,0.2727272727272727,0.0,,MF,Serie A,Low
33,1129.0,0.5217391304347826,4.5,44.0,FW,Premier League,Low
23,1071.0,0.9285714285714286,6.3,146.0,"FW,MF",Premier League,High
29,1216.0,0.65,7.2,189.0,"FW,MF",Bundesliga,High
24,445.0,0.5454545454545454,1.3,44.0,MF,Ligue 1,Low
30,795.0,0.6,66.0,,"DF,MF",Ligue 1,High
27,826.0,1.0,9.5,30.02,MF,La Liga,Low
33,493.0,0.4,0.8,10.0,MF,Bundesliga,Low
24,1121.0,0.9285714285714286,21.4,45.11,DF,La Liga,Mid
30,309.0,0.4,0.0,,GK,Premier League,Low
26,1094.0,0.5789473684210527,3.6,75.0,"MF,FW",Premier League,Mid
26,1111.0,0.5,2.3,52.0,FW,Premier League,Mid
30,1003.0,0.43478260869565216,4.9,100.0,"MF,FW",Premier League,Mid
33,1231.0,0.875,9.0,16.0,FW,Serie A,Low
28,2088.0,1.0,9.0,17.3,MF,Bundesliga,High
28,1665.0,1.0,0.0,0.0,GK,Premier League,Mid
32,928.0,0.4230769230769231,4.300000000000001,67.0,MF,Serie A,Low
24,928.0,0.4090909090909091,7.4,8.7,FW,Serie A,Low
24,389.0,0.4444444444444444,,,"DF,MF",La Liga,Low
28,1005.0,0.8125,3.6,36.0,"FW,MF",Bundesliga,Low
26,727.0,0.5384615384615384,7.0,,MF,Serie A,Low
33,810.0,1.0,0.0,0.0,GK,La Liga,Low
27,701.0,0.35,7.6,27.6,"FW,MF",La Liga,Low
22,622.0,0.3333333333333333,25.0,,MF,Serie A,Mid
35,2194.0,0.9230769230769231,13.3,68.5,FW,La Liga,High
26,637.0,0.5384615384615384,2.9,75.0,"DF,MF",Ligue 1,Low
33,441.0,0.3333333333333333,1.7,29.0,FW,Premier League,Low
26,2250.0,1.0,0.0,0.0,GK,Serie A,Mid
28,2074.0,0.9230769230769231,2.3,141.0,DF,Serie A,High
30,1430.0,0.8888888888888888,2.4,75.0,DF,Premier League,Mid
32,1259.0,0.8,3.8,22.5,"MF,FW",Ligue 1,Low
29,1465.0,0.8695652173913043,13.0,22.7,"FW,MF",La Liga,Mid
36,1462.0,0.8888888888888888,2.0,3.06,DF,Ligue 1,Low
25,730.0,0.5625,11.5,,FW,Premier League,Low
21,482.0,0.21428571428571427,,,"DF,FW",Bundesliga,Mid
31,1877.0,0.7857142857142857,3.0999999999999996,95.0,"FW,MF",Premier League,High
28,545.0,0.5,0.0,,DF,Serie A,Low
31,1244.0,0.65,3.4,65.0,DF,Premier League,Low
28,557.0,0.35714285714285715,4.5,30.0,"FW,MF",Bundesliga,Low
33,1106.0,0.5789473684210527,77.0,0.14,DF,Premier League,Mid
27,1141.0,0.7368421052631579,9.0,0.08,MF,La Liga,Low
26,2025.0,0.9565217391304348,2.0,21.0,DF,La Liga,Mid
22,628.0,0.875,7.0,,DF,La Liga,Mid
31,2340.0,1.0,0.0,0.0,GK,La Liga,Mid
22,635.0,0.875,10.0,,DF,Premier League,Mid
22,839.0,0.8181818181818182,1.6,3.21,DF,Ligue 1,Low
21,1294.0,0.5217391304347826,4.2,41.0,"MF,FW",La Liga,Mid
25,1609.0,0.8076923076923077,8.1,95.0,"FW,MF",Premier League,High
28,433.0,0.36363636363636365,,,DF,Ligue 1,Low
18,526.0,0.5454545454545454,2.0,11.0,MF,Premier League,Low
24,940.0,0.42105263157894735,2.4,51.0,"MF,FW",Serie A,Mid
24,317.0,0.2857142857142857,17.3,,FW,Serie A,Low
22,1155.0,0.65,2.8,23.1,"DF,MF",Bundesliga,Mid
24,2016.0,0.88,5.4,146.0,"DF,FW",Bundesliga,High
20,1158.0,0.8888888888888888,3.6999999999999997,98.0,MF,Serie A,High
19,1660.0,0.8695652173913043,64.0,144.02,DF,La Liga,High
20,1627.0,0.8260869565217391,131.0,0.08,DF,Ligue 1,High
24,2063.0,0.8888888888888888,11.1,71.02,DF,Ligue 1,High
31,2181.0,1.0,154.0,0.12,DF,La Liga,High
21,2119.0,0.8888888888888888,21.5,43.3,FW,Ligue 1,High
32,648.0,0.45454545454545453,,,DF,Ligue 1,Low
27,1976.0,0.9166666666666666,10.6,197.0,FW,Ligue 1,High
29,956.0,0.5789473684210527,10.399999999999999,15.7,FW,Premier League,Low
22,1180.0,0.5,2.8,73.0,"FW,MF",Serie A,High
27,1739.0,0.8076923076923077,5.1,105.0,MF,Serie A,High
30,1244.0,0.8095238095238095,4.4,65.0,"FW,MF",La Liga,Mid
24,454.0,0.2857142857142857,41.0,,MF,Premier League,Mid
28,1318.0,0.6818181818181818,5.199999999999999,108.0,MF,Serie A,Mid
29,316.0,0.42857142857142855,16.0,,MF,Serie A,Low
20,777.0,0.4444444444444444,4.1,53.0,"FW,MF",Ligue 1,Mid
22,1723.0,0.8260869565217391,114.0,0.07,DF,Ligue 1,High
25,330.0,0.2727272727272727,,,MF,La Liga,Low
26,2010.0,0.9230769230769231,7.5,217.0,MF,Serie A,High
25,639.0,0.4375,1.9000000000000001,60.0,"FW,MF",La Liga,Low
29,701.0,0.3684210526315789,4.6,46.0,"MF,FW",Ligue 1,Low
24,399.0,0.125,11.8,,MF,Bundesliga,Low
25,2036.0,0.96,9.5,128.0,"MF,FW",Premier League,High
23,1499.0,0.7391304347826086,3.9,52.0,MF,Bundesliga,Mid
21,411.0,0.45454545454545453,13.2,,"DF,FW",La Liga,Low
32,715.0,0.5833333333333334,15.8,,MF,Ligue 1,Low
19,439.0,0.5,11.9,,MF,La Liga,Mid
24,1198.0,0.7142857142857143,4.8,60.0,"FW,MF",Serie A,Mid
26,2340.0,1.0,3.3,17.0,DF,Serie A,High
26,422.0,0.2222222222222222,31.0,,MF,Serie A,Mid
26,398.0,0.8571428571428571,14.5,,FW,Bundesliga,Low
23,1627.0,0.9047619047619048,38.7,36.06,DF,Serie A,High
26,946.0,0.9230769230769231,2.0,36.0,"MF,DF",Serie A,Low
31,686.0,0.5333333333333333,,,MF,La Liga,Low
23,1233.0,0.7368421052631579,10.0,0.26,DF,Bundesliga,Mid
32,2250.0,1.0,0.0,0.0,GK,Bundesliga,Mid
27,517.0,0.8571428571428571,5.0,,DF,Bundesliga,Low
35,463.0,0.25,,,MF,Bundesliga,Low
23,1910.0,1.0,9.4,139.0,"MF,FW",Bundesliga,High
26,1642.0,0.7777777777777778,3.8,43.8,MF,Ligue 1,High
21,2520.0,1.0,0.0,0.0,GK,Premier League,High
28,636.0,0.8,10.1,,FW,Bundesliga,Low
27,1862.0,1.0,1.7999999999999998,80.0,DF,Serie A,High
28,1797.0,0.96,6.2,88.0,FW,Bundesliga,High
26,822.0,1.0,3.0,0.09,DF,Premier League,Low
32,949.0,0.36,2.7,46.0,FW,Bundesliga,Low
21,384.0,0.5,,,"MF,DF",Ligue 1,Mid
29,693.0,0.4375,1.3,69.0,"DF,MF",Ligue 1,Low
31,1089.0,0.875,8.1,34.5,"MF,FW",Ligue 1,Low
31,356.0,0.6666666666666666,17.4,,"FW,MF",Ligue 1,Low
29,1813.0,0.7142857142857143,1.4,41.0,MF,Ligue 1,Mid
31,1590.0,0.8095238095238095,10.1,7.04,DF,Bundesliga,Low
21,1482.0,1.0,7.3,2.05,DF,Premier League,Mid
24,1622.0,0.95,5.2,179.0,MF,Ligue 1,High
19,2075.0,0.9583333333333334,8.2,269.0,MF,Bundesliga,High
29,614.0,0.18181818181818182,63.0,,FW,Serie A,Mid
24,2099.0,0.9230769230769231,22.9,20.03,MF,La Liga,High
18,681.0,0.9,2.5,61.0,"FW,MF",Ligue 1,Mid
32,1468.0,0.8333333333333334,15.5,41.7,FW,Ligue 1,Mid
28,664.0,0.7777777777777778,33.0,,MF,Serie A,Mid
25,1625.0,0.8636363636363636,3.5,139.0,MF,Serie A,High
27,1429.0,0.625,7.8999999999999995,76.8,"FW,MF",Premier League,High
27,1874.0,1.0,4.9,33.5,DF,Bundesliga,High
28,1905.0,0.9565217391304348,5.8,29.0,MF,Ligue 1,Mid
25,1500.0,0.9444444444444444,3.0,102.0,MF,Premier League,High
35,1393.0,1.0,14.5,49.8,FW,La Liga,Mid
28,1174.0,0.8235294117647058,12.2,31.2,FW,Serie A,Mid
33,1326.0,0.8823529411764706,1.6,33.6,DF,La Liga,Low
27,1633.0,0.76,9.8,215.0,FW,La Liga,High
30,1198.0,1.0,60.0,0.03,DF,Serie A,Mid
23,761.0,0.21739130434782608,46.2,,"FW,DF",Ligue 1,High
24,1508.0,0.9473684210526315,16.7,22.5,FW,Bundesliga,High
33,630.0,1.0,14.0,,DF,Ligue 1,Low
25,1800.0,1.0,0.0,0.0,GK,Ligue 1,Mid
30,1139.0,0.5714285714285714,3.1999999999999997,40.0,DF,Ligue 1,Low
20,350.0,1.0,,,DF,Premier League,Mid
25,1709.0,0.7037037037037037,10.3,30.0,FW,Serie A,High
30,1693.0,0.9,1.7,9.0,DF,Serie A,Low
32,1443.0,0.85,14.05,0.1,DF,La Liga,Low
24,1833.0,1.0,2.7,45.0,DF,Serie A,High
21,1169.0,0.7368421052631579,13.5,67.0,FW,La Liga,High
26,1951.0,0.9230769230769231,4.9,81.0,"MF,FW",Premier League,High
30,1982.0,0.92,5.9,173.0,DF,Serie A,High
23,1087.0,0.5909090909090909,47.9,96.09,DF,Serie A,High
25,325.0,0.05263157894736842,,,"FW,MF",Ligue 1,Low
26,814.0,0.4,17.0,0.1,MF,Premier League,Low
24,461.0,0.45454545454545453,,,MF,Serie A,Low
29,1017.0,0.875,1.9,61.0,"MF,DF",Bundesliga,Mid
32,2430.0,1.0,0.0,0.0,GK,Ligue 1,Mid
27,360.0,1.0,0.0,,GK,Ligue 1,Low
25,2050.0,0.8148148148148148,9.3,86.6,"FW,MF",Ligue 1,High
31,1620.0,1.0,0.0,0.0,GK,Bundesliga,Low
29,1772.0,0.9523809523809523,3.0,0.2,DF,Ligue 1,Mid
26,1608.0,0.68,2.6,34.0,"MF,DF",Serie A,Mid
34,315.0,0.6666666666666666,,,DF,Ligue 1,Low
29,851.0,0.4444444444444444,26.0,0.19,MF,Bundesliga,Low
26,585.0,0.29411764705882354,4.0,107.0,"MF,FW",Serie A,Mid
24,492.0,0.46153846153846156,,,MF,Serie A,Low
32,592.0,1.0,10.0,,DF,Premier League,Low
33,1556.0,0.782608695652174,8.6,123.0,MF,Serie A,High
25,1075.0,0.5454545454545454,3.4,53.0,"FW,MF",Serie A,Mid
27,1159.0,0.7894736842105263,6.199999999999999,98.0,"MF,FW",La Liga,Mid
26,416.0,0.5714285714285714,,,DF,Serie A,Low
35,692.0,0.5384615384615384,1.1,26.0,DF,Serie A,Low
26,2161.0,1.0,4.9,117.0,DF,Ligue 1,High
24,1343.0,0.8421052631578947,8.0,0.04,DF,Bundesliga,Mid
27,696.0,0.25,4.4,16.4,"FW,MF",Bundesliga,Low
23,355.0,0.16666666666666666,1.7000000000000002,18.0,FW,Serie A,Low
23,2047.0,0.9583333333333334,9.0,0.14,DF,Premier League,High
18,331.0,0.3333333333333333,22.0,,"FW,MF",Ligue 1,Mid
23,1192.0,0.7777777777777778,25.6,36.04,MF,Ligue 1,High
29,834.0,0.6923076923076923,6.6,49.1,"FW,MF",Ligue 1,Low
31,2061.0,1.0,0.0,0.0,GK,La Liga,Mid
31,2088.0,0.9629629629629629,30.2,24.05,MF,Serie A,High
29,2198.0,1.0,8.2,31.4,"MF,FW",Ligue 1,High
20,332.0,0.23076923076923078,7.0,,MF,Serie A,Low
26,2330.0,1.0,8.9,77.7,"FW,MF",Premier League,High
27,1692.0,0.8333333333333334,6.0,46.8,FW,La Liga,High
23,1535.0,0.7272727272727273,49.3,88.01,DF,Serie A,High
23,548.0,0.15789473684210525,3.0999999999999996,96.0,"FW,MF",Ligue 1,Mid
31,1724.0,1.0,12.6,27.4,"FW,MF",La Liga,Mid
24,1017.0,0.6666666666666666,24.4,11.09,DF,La Liga,Mid
26,1757.0,0.8695652173913043,10.0,126.0,"MF,FW",Bundesliga,High
31,1004.0,0.3333333333333333,1.8,65.0,MF,La Liga,Low
23,2193.0,0.9615384615384616,48.0,0.08,DF,Ligue 1,High
39,540.0,1.0,0.0,,GK,La Liga,Low
28,540.0,1.0,0.0,,GK,Bundesliga,Low
26,2016.0,1.0,3.9,39.0,DF,Serie A,High
27,1425.0,0.8,74.0,0.06,DF,Serie A,High
30,540.0,1.0,,,DF,Bundesliga,Low
30,1013.0,0.6470588235294118,4.199999999999999,36.0,MF,Serie A,Low
29,1762.0,1.0,41.0,0.08,DF,Bundesliga,High
24,1273.0,0.7368421052631579,39.9,93.03,"DF,FW",Ligue 1,High
22,325.0,0.42857142857142855,1.8,20.0,"DF,MF",La Liga,Low
22,328.0,0.0625,1.0,26.0,"DF,FW",Bundesliga,Low
31,1130.0,0.6666666666666666,8.0,82.0,FW,La Liga,Mid
26,1633.0,0.6666666666666666,106.7,40.28,"MF,FW",Premier League,High
20,1040.0,0.8666666666666667,43.8,52.02,DF,Premier League,High
24,2237.0,1.0,15.1,107.05,DF,La Liga,High
29,1921.0,0.88,9.9,58.3,"FW,MF",Bundesliga,High
30,591.0,0.15789473684210525,69.0,,"MF,FW",Serie A,Mid
23,1743.0,0.8260869565217391,10.5,15.08,DF,Serie A,Mid
22,533.0,0.6363636363636364,5.2,12.3,"MF,FW",Bundesliga,Low
30,2210.0,0.9615384615384616,49.0,0.13,DF,Premier League,High
23,641.0,0.5833333333333334,15.5,,DF,Ligue 1,Mid
34,1647.0,0.9090909090909091,13.0,155.01,MF,La Liga,High
26,587.0,0.6666666666666666,1.3,46.0,DF,Bundesliga,Low
18,489.0,0.3076923076923077,4.9,57.0,"FW,MF",Bundesliga,Mid
33,1722.0,0.8636363636363636,11.399999999999999,248.0,"MF,FW",Ligue 1,High
28,511.0,0.45454545454545453,28.4,,"DF,MF",Ligue 1,Mid
31,1872.0,0.9565217391304348,69.0,0.13,DF,La Liga,High
22,387.0,0.375,44.0,,DF,Serie A,Mid
25,1441.0,0.7272727272727273,2.3,77.0,DF,Bundesliga,Mid
21,2089.0,0.9583333333333334,2.6,169.0,MF,Premier League,High
32,471.0,0.045454545454545456,47.0,,MF,Premier League,Low
23,1002.0,0.36363636363636365,2.4,30.1,MF,Ligue 1,Mid
26,1015.0,0.8666666666666667,1.6,71.0,DF,Serie A,Mid
28,1162.0,0.6666666666666666,5.05,0.1,DF,Serie A,Low
32,1657.0,0.8636363636363636,22.0,0.11000000000000001,DF,Serie A,Mid
27,1223.0,0.8333333333333334,6.0,0.09,"DF,MF",La Liga,Low
26,716.0,0.7,,,DF,Premier League,Low
29,1924.0,0.8846153846153846,4.7,40.7,MF,Serie A,High
26,731.0,0.8181818181818182,6.199999999999999,41.0,FW,Premier League,Low
24,1440.0,0.8095238095238095,79.0,0.1,MF,Ligue 1,High
26,412.0,0.5,19.0,,MF,Serie A,Low
23,1563.0,0.9,23.9,95.04,MF,Ligue 1,High
20,418.0,0.7142857142857143,,,DF,Ligue 1,Mid
20,1349.0,0.5384615384615384,46.9,66.05,"MF,DF",La Liga,High
22,578.0,0.23529411764705882,2.5,56.0,"FW,MF",Serie A,Low
23,1620.0,0.76,54.2,70.03,DF,Serie A,High
22,1829.0,0.8461538461538461,7.699999999999999,59.0,FW,La Liga,High
29,1090.0,0.6111111111111112,0.9,64.0,MF,Bundesliga,Low
32,1639.0,0.9047619047619048,7.8,58.0,"FW,MF",La Liga,Mid
28,1274.0,0.9411764705882353,1.6,73.7,DF,Premier League,Mid
28,359.0,0.6666666666666666,1.1,26.0,"DF,FW",Bundesliga,Low
36,2075.0,0.9230769230769231,5.0,59.4,"DF,MF",Serie A,Mid
35,1138.0,0.5714285714285714,16.2,28.1,"MF,DF",Ligue 1,Low
34,1464.0,0.8947368421052632,80.0,0.26,MF,La Liga,High
29,1807.0,0.8888888888888888,8.5,75.7,"MF,FW",Serie A,High
35,1094.0,0.8666666666666667,12.9,6.08,FW,Serie A,Low
35,963.0,0.9166666666666666,4.2,21.0,FW,Serie A,Low
23,1970.0,0.8846153846153846,5.5,162.0,MF,Ligue 1,High
29,1416.0,0.8888888888888888,17.6,50.01,DF,La Liga,Mid
26,301.0,0.6,,,DF,Ligue 1,Low
24,2093.0,1.0,5.0,127.0,DF,Serie A,High
35,900.0,1.0,0.0,0.0,GK,La Liga,Low
21,536.0,0.875,0.5,18.0,"MF,DF",La Liga,Low
21,527.0,0.5,1.6,10.2,DF,La Liga,Low
22,1620.0,1.0,0.06,0.06,GK,Serie A,Mid
29,1404.0,0.625,10.1,224.0,"DF,MF",La Liga,High
31,1452.0,0.7619047619047619,16.1,98.01,DF,La Liga,Mid
20,340.0,0.3333333333333333,12.1,,"MF,FW",Premier League,Low
30,1627.0,0.9090909090909091,4.2,35.0,MF,La Liga,Mid
25,1675.0,1.0,0.8999999999999999,63.0,DF,Serie A,Mid
31,1338.0,0.7894736842105263,4.2,12.1,MF,Premier League,Low
25,1639.0,0.782608695652174,41.9,56.01,DF,Premier League,High
27,2265.0,0.9615384615384616,3.5999999999999996,111.0,DF,Premier League,High
33,757.0,0.4375,10.8,,MF,Serie A,Low
30,2250.0,1.0,0.04,0.0,GK,Bundesliga,Mid
24,1911.0,0.96,12.8,30.9,FW,La Liga,High
28,1758.0,0.9130434782608695,15.03,0.06,DF,Ligue 1,Mid
28,1122.0,0.75,6.199999999999999,125.0,FW,La Liga,High
29,1261.0,0.7777777777777778,1.3,94.0,DF,Premier League,Mid
28,1635.0,0.9166666666666666,9.2,13.01,MF,Serie A,Mid
28,2159.0,1.0,2.0,10.3,DF,La Liga,Mid
20,747.0,0.4666666666666667,3.4,118.0,"FW,MF",Ligue 1,High
26,1385.0,1.0,23.0,0.04,DF,Ligue 1,Mid
36,965.0,0.9333333333333333,9.3,9.3,FW,La Liga,Low
26,819.0,0.5263157894736842,39.3,26.05,MF,La Liga,Mid
30,1033.0,0.9333333333333333,0.7999999999999999,63.0,DF,Serie A,Low
29,1178.0,0.6086956521739131,6.1,79.0,FW,Serie A,Mid
21,332.0,0.21428571428571427,,,FW,Serie A,Mid
26,1013.0,0.625,80.0,0.18,DF,Serie A,High
27,1132.0,0.8666666666666667,110.0,0.12,DF,Ligue 1,High
28,1421.0,0.64,35.0,68.13,MF,La Liga,High
28,540.0,1.0,,,GK,Ligue 1,Low
25,993.0,1.0,3.7,1.1,DF,Bundesliga,Low
24,321.0,0.5,,,MF,Ligue 1,Low
17,317.0,0.42857142857142855,0.0,,DF,Ligue 1,Low
20,1720.0,0.6923076923076923,7.1,119.0,"FW,MF",Ligue 1,High
23,1007.0,0.6875,18.0,0.08,DF,Premier League,Mid
28,1591.0,0.85,4.0,0.08,DF,Ligue 1,Low
32,1831.0,0.7307692307692307,3.0,91.0,MF,Ligue 1,Mid
19,1124.0,0.48,8.100000000000001,170.0,"MF,FW",Ligue 1,High
21,1980.0,1.0,0.01,0.0,GK,Ligue 1,Mid
25,394.0,0.18181818181818182,22.4,,"DF,MF",Serie A,Low
26,874.0,0.5625,2.2,57.0,"DF,MF",Premier League,Mid
33,726.0,0.9090909090909091,0.0,,DF,Serie A,Low
25,1846.0,0.9565217391304348,17.4,22.04,MF,Ligue 1,High
21,1713.0,0.72,8.2,22.02,MF,Ligue 1,High
26,1263.0,0.9375,16.9,2.03,DF,La Liga,Mid
24,2250.0,1.0,0.0,0.0,GK,Bundesliga,High
28,1066.0,0.5714285714285714,4.2,60.0,"MF,FW",Premier League,Mid
23,1476.0,0.64,6.5,127.0,"FW,MF",La Liga,High
23,863.0,0.75,21.8,3.1,DF,La Liga,Low
31,475.0,0.8571428571428571,2.4,,MF,Bundesliga,Low
37,631.0,0.20833333333333334,4.8,10.0,FW,Serie A,Low
29,1047.0,0.4166666666666667,4.2,11.0,"MF,DF",La Liga,Low
28,1785.0,0.8,8.4,96.0,"DF,MF",Serie A,High
24,485.0,0.26666666666666666,3.0,50.0,"MF,FW",Ligue 1,Low
30,1773.0,0.9166666666666666,8.7,140.0,DF,Ligue 1,High
31,1653.0,0.9523809523809523,41.9,79.03,"DF,MF",La Liga,High
31,1636.0,0.9047619047619048,0.04,0.04,DF,Premier League,Low
30,1970.0,1.0,1.1,44.0,DF,Premier League,Mid
26,322.0,0.17647058823529413,2.3,40.0,"DF,FW",Ligue 1,Low
31,586.0,0.8571428571428571,29.0,,DF,Ligue 1,Low
33,497.0,0.36363636363636365,,,MF,Premier League,Low
34,1450.0,0.85,0.8999999999999999,40.0,DF,Premier League,Low
23,536.0,0.8888888888888888,1.4,26.0,MF,La Liga,Low
30,1384.0,0.9375,34.2,3.07,DF,Serie A,Mid
21,1578.0,0.85,71.0,0.02,DF,Premier League,High
21,1188.0,0.5416666666666666,8.2,16.1,FW,Serie A,Mid
23,537.0,0.21052631578947367,4.0,55.0,MF,Serie A,Low
20,553.0,0.75,,,DF,Premier League,Mid
26,920.0,0.5294117647058824,5.2,71.3,"FW,MF",Bundesliga,Mid
25,1526.0,0.85,0.6,55.0,DF,La Liga,Mid
26,1548.0,0.75,4.2,55.0,MF,La Liga,Mid
36,2250.0,1.0,0.0,0.0,GK,Serie A,Low
25,1177.0,0.8125,3.0,117.0,DF,Ligue 1,High
26,1516.0,0.8095238095238095,11.4,8.01,MF,Premier League,Mid
31,957.0,0.9166666666666666,1.05,0.02,DF,Premier League,Low
31,1106.0,0.9230769230769231,2.5,2.0,DF,Premier League,Low
23,1452.0,0.9473684210526315,9.0,0.09,DF,La Liga,Mid
19,1024.0,0.8461538461538461,9.03,0.06,DF,Serie A,Mid
31,748.0,0.5625,3.0,38.0,MF,La Liga,Low
32,622.0,0.2,19.5,,"DF,MF",Ligue 1,Low
28,972.0,0.375,7.6000000000000005,70.0,"FW,MF",La Liga,Mid
28,448.0,0.2222222222222222,3.0,13.0,FW,Serie A,Low
24,1542.0,0.9,147.0,0.07,"DF,FW",La Liga,High
29,967.0,0.6875,78.0,0.21,DF,Bundesliga,High
22,1346.0,0.6153846153846154,6.6,171.0,"MF,FW",Ligue 1,High
34,711.0,0.6428571428571429,14.0,,FW,Premier League,Low
35,1840.0,1.0,47.8,101.05,DF,La Liga,High
32,1324.0,0.6086956521739131,6.0,21.1,"FW,MF",Ligue 1,Low
22,1245.0,0.65,2.7,20.0,MF,La Liga,Mid
35,1710.0,1.0,0.0,0.0,GK,Ligue 1,Low
30,1426.0,0.8888888888888888,120.0,0.13999999999999999,DF,Premier League,High
26,2056.0,0.96,1.8,115.0,MF,Serie A,High
30,1800.0,1.0,0.0,0.0,GK,La Liga,Low
37,1342.0,0.8333333333333334,17.04,0.04,MF,Ligue 1,Low
30,788.0,0.35,3.2,86.0,"MF,FW",Premier League,Low
20,684.0,0.5,34.4,,"DF,MF",La Liga,High
24,1277.0,0.8235294117647058,2.2,68.0,DF,Ligue 1,Mid
33,1578.0,0.8947368421052632,96.0,0.19,DF,Premier League,High
28,2170.0,1.0,2.2,15.1,MF,Serie A,Mid
30,1533.0,0.8947368421052632,64.0,0.08,DF,La Liga,High
34,1320.0,0.7619047619047619,2.2,31.3,"DF,FW",Serie A,Low
24,1435.0,0.8571428571428571,25.8,58.02,DF,Premier League,High
23,356.0,0.6666666666666666,,,DF,La Liga,Low
23,378.0,1.0,29.0,,MF,Serie A,Mid
23,436.0,0.5555555555555556,8.3,,FW,Premier League,Low
23,377.0,0.18181818181818182,8.2,,"FW,MF",La Liga,Low
18,316.0,1.0,20.0,,FW,Serie A,Mid
34,338.0,0.42857142857142855,,,DF,Ligue 1,Low
30,661.0,0.3125,5.4,10.7,FW,Bundesliga,Low
24,710.0,0.5625,63.0,,DF,Ligue 1,High
25,540.0,1.0,0.0,,GK,Bundesliga,Low
27,307.0,0.5,8.0,,MF,Bundesliga,Low
24,850.0,0.55,5.1,27.0,FW,Premier League,Low
22,1656.0,0.7777777777777778,8.5,42.0,FW,Ligue 1,High
24,1520.0,0.9444444444444444,39.4,57.1,DF,Premier League,High
22,522.0,0.25,32.0,,"MF,FW",Premier League,Mid
21,1481.0,0.8888888888888888,9.7,4.03,DF,Serie A,Mid
31,2353.0,0.9629629629629629,4.199999999999999,136.0,DF,Serie A,High
26,479.0,0.6,3.1,14.0,FW,La Liga,Low
24,2520.0,1.0,3.1,155.0,DF,Ligue 1,High
39,2430.0,1.0,2.2,108.0,DF,Ligue 1,High
21,443.0,0.4,0.30000000000000004,,DF,Bundesliga,Low
29,2313.0,1.0,7.0,241.0,MF,La Liga,High
23,1317.0,0.8333333333333334,33.4,3.07,DF,Ligue 1,Mid
33,1441.0,0.8181818181818182,2.7,78.0,DF,Serie A,Mid
24,1121.0,0.46153846153846156,2.4,100.0,MF,Premier League,High
23,2283.0,0.9629629629629629,22.1,52.6,FW,Ligue 1,High
22,1835.0,0.9545454545454546,6.3,249.0,DF,Bundesliga,High
29,1831.0,0.84,3.3,126.0,DF,Premier League,High
24,477.0,0.25,13.0,,MF,Premier League,Low
27,1130.0,0.875,2.2,17.9,DF,Serie A,Low
32,720.0,1.0,,,DF,Premier League,Low
32,675.0,1.0,16.6,,DF,Premier League,Low
31,1938.0,0.88,14.5,277.0,MF,Premier League,High
22,872.0,0.30434782608695654,41.5,47.17,MF,Serie A,High
28,1115.0,0.7368421052631579,4.0,140.0,MF,La Liga,High
30,921.0,0.6,12.04,0.02,DF,Serie A,Low
34,518.0,0.5555555555555556,21.0,,DF,Serie A,Low
24,1246.0,1.0,63.0,0.07,DF,Ligue 1,High
20,895.0,0.8333333333333334,0.02,0.0,DF,Serie A,Low
31,683.0,0.5,4.5,47.0,FW,Serie A,Low
31,1611.0,0.9166666666666666,4.1,121.0,MF,Ligue 1,High
26,945.0,0.6470588235294118,6.7,37.0,"FW,MF",Ligue 1,Mid
31,857.0,0.7142857142857143,32.7,78.04,DF,Ligue 1,Mid
31,309.0,0.25,4.0,,MF,La Liga,Low
31,781.0,0.6428571428571429,8.4,11.4,FW,Ligue 1,Low
26,841.0,0.38095238095238093,7.7,73.0,"FW,MF",Ligue 1,Mid
25,1100.0,0.7777777777777778,6.6,149.0,FW,La Liga,High
25,1441.0,0.6363636363636364,1.9,5.0,DF,Serie A,Low
29,1167.0,0.65,3.9,89.0,MF,Bundesliga,Mid
25,1854.0,1.0,11.0,25.2,"FW,MF",Bundesliga,High
21,322.0,1.0,,,DF,Bundesliga,Low
27,2352.0,1.0,10.7,36.2,MF,Ligue 1,High
27,365.0,0.23076923076923078,,,MF,Premier League,Low
25,551.0,0.2857142857142857,1.5,27.0,FW,Premier League,Low
25,1492.0,0.7619047619047619,2.4,75.0,DF,Serie A,Mid
28,1653.0,0.95,1.4,41.0,DF,Ligue 1,Mid
28,1334.0,0.7619047619047619,7.5,38.0,FW,Serie A,Mid
22,329.0,0.25,,,DF,Serie A,Mid
32,456.0,0.6,2.8,17.0,FW,Serie A,Low
29,1211.0,0.9375,9.5,154.0,FW,Serie A,High
24,1956.0,0.96,4.800000000000001,173.0,MF,Premier League,High
28,1413.0,0.6538461538461539,4.5,79.0,"FW,MF",Serie A,Mid
25,2340.0,1.0,0.0,0.0,GK,Serie A,High
29,2418.0,1.0,5.300000000000001,241.0,DF,Serie A,High
35,876.0,0.6875,3.1,33.4,"FW,MF",Serie A,Low
26,1764.0,0.7916666666666666,8.2,66.0,FW,Serie A,High
23,1949.0,1.0,15.8,103.9,"FW,MF",Bundesliga,High
26,1457.0,0.9444444444444444,2.0,51.0,DF,La Liga,Mid
22,1962.0,0.9166666666666666,2.8,88.0,DF,Ligue 1,High
26,436.0,1.0,0.9,13.0,"DF,MF",Bundesliga,Low
27,2076.0,0.8214285714285714,22.0,37.5,FW,Ligue 1,High
24,803.0,0.6875,15.0,,MF,Premier League,Mid
26,1722.0,0.9090909090909091,92.0,0.03,DF,Ligue 1,High
19,897.0,0.47368421052631576,75.0,0.19,MF,Ligue 1,High
22,1046.0,0.5,65.0,0.09999999999999999,DF,Ligue 1,High
24,987.0,0.52,6.2,124.0,"FW,MF",Ligue 1,High
25,1369.0,0.7894736842105263,9.0,0.19,DF,Premier League,Mid
24,1654.0,0.75,6.4,136.0,"MF,FW",Ligue 1,High
29,2520.0,1.0,0.0,0.0,GK,Ligue 1,Mid
23,1308.0,0.8260869565217391,6.9,147.0,MF,Serie A,High
26,613.0,0.875,2.7,46.0,FW,Premier League,Low
23,428.0,0.75,3.0,4.0,FW,Ligue 1,Low
29,2275.0,0.9615384615384616,2.4,78.0,DF,Premier League,High
24,395.0,0.36363636363636365,5.3,30.0,FW,Bundesliga,Low
29,1291.0,0.8,2.1999999999999997,99.0,DF,Premier League,Mid
25,1677.0,0.84,9.8,196.0,DF,Serie A,High
29,2250.0,1.0,0.0,0.0,GK,La Liga,Mid
22,780.0,0.7272727272727273,3.3,56.0,"DF,MF",Bundesliga,Mid
21,1299.0,0.9375,4.04,0.08,DF,Ligue 1,Mid
30,437.0,0.625,3.8,61.0,FW,Ligue 1,Low
26,1416.0,0.8333333333333334,54.3,8.06,DF,Premier League,High
22,1007.0,0.6666666666666666,2.8,86.0,"MF,FW",Ligue 1,Mid
23,1890.0,1.0,0.0,0.0,GK,Ligue 1,Mid
25,2430.0,0.9642857142857143,4.8,53.1,DF,Ligue 1,High
22,2017.0,0.96,2.7,13.0,DF,Ligue 1,High
31,1986.0,1.0,5.7,12.01,DF,La Liga,Mid
24,578.0,0.5,40.0,,"DF,FW",Premier League,Mid
30,1831.0,0.8333333333333334,2.0,18.0,DF,Serie A,Mid
28,2156.0,1.0,1.7999999999999998,129.0,DF,Ligue 1,High
30,936.0,0.7142857142857143,6.04,0.08,DF,Serie A,Low
24,1770.0,0.88,7.2,109.0,"FW,MF",Bundesliga,High
24,1661.0,0.8695652173913043,41.4,103.03,DF,Serie A,High
24,1406.0,1.0,2.8,27.0,DF,Bundesliga,Mid
31,667.0,0.5833333333333334,20.8,,"DF,MF",Premier League,Low
20,1240.0,0.7368421052631579,2.8,64.0,DF,Serie A,High
20,601.0,0.2631578947368421,33.3,,"MF,FW",Ligue 1,High
25,342.0,0.5,,,"FW,MF",Bundesliga,Low
24,1581.0,0.8571428571428571,3.0,121.0,MF,Serie A,High
33,309.0,0.5,0.8,11.0,DF,Serie A,Low
24,2520.0,1.0,0.0,0.0,GK,Ligue 1,High
25,2515.0,1.0,7.8,25.0,DF,Premier League,High
30,936.0,0.5555555555555556,2.5,41.0,MF,Premier League,Low
23,2023.0,1.0,14.6,102.04,MF,Premier League,High
17,1003.0,0.47619047619047616,2.8,83.0,"MF,FW",Ligue 1,High
19,1471.0,0.8888888888888888,0.6000000000000001,86.0,DF,Ligue 1,High
20,910.0,0.55,5.8,29.1,MF,Ligue 1,Mid
26,1714.0,1.0,98.0,0.13,"DF,FW",Ligue 1,High
24,397.0,0.3333333333333333,,,MF,Premier League,Low
25,2136.0,1.0,0.0,0.0,GK,Serie A,Mid
21,477.0,0.7777777777777778,0.8,27.0,"FW,MF",Bundesliga,Low
32,1014.0,0.6666666666666666,3.8,13.6,"MF,FW",Bundesliga,Low
28,2104.0,1.0,4.8,49.05,DF,La Liga,High
29,2090.0,1.0,15.399999999999999,36.2,FW,Bundesliga,High
28,624.0,0.875,20.0,,MF,Serie A,Low
28,689.0,0.6923076923076923,45.0,,MF,Bundesliga,Mid
26,1561.0,0.75,6.699999999999999,79.0,DF,Serie A,High
30,611.0,0.4375,29.0,,MF,Serie A,Low
31,2249.0,1.0,13.0,0.11000000000000001,DF,Premier League,Mid
30,2520.0,1.0,0.0,0.0,GK,Ligue 1,Mid
23,971.0,0.45,3.9000000000000004,18.0,FW,La Liga,Low
25,1748.0,0.75,132.0,0.07,DF,Ligue 1,High
29,1431.0,0.9,9.3,47.7,"MF,FW",Serie A,Mid
37,1566.0,0.6296296296296297,11.7,85.0,FW,Serie A,Mid
24,930.0,0.45,11.01,0.02,DF,Serie A,Low
27,1070.0,0.75,4.5,38.0,DF,Serie A,Low
29,2430.0,1.0,0.04,0.04,GK,Premier League,Mid
23,1446.0,0.6666666666666666,4.5,60.0,MF,Serie A,Mid
25,1277.0,0.56,4.1,50.0,FW,Premier League,Mid
20,541.0,0.3333333333333333,,,"FW,MF",Premier League,Mid
26,1829.0,0.8333333333333334,1.5,85.0,MF,Bundesliga,High
31,845.0,0.5263157894736842,1.6,59.0,MF,La Liga,Low
27,1055.0,0.47619047619047616,4.2,79.0,DF,Serie A,Mid
25,790.0,0.6,69.0,,"FW,MF",Bundesliga,High
33,953.0,0.45,5.3,42.1,MF,Serie A,Low
20,827.0,0.42105263157894735,6.6,77.0,FW,Ligue 1,Mid
20,426.0,0.3125,20.0,,FW,Premier League,Mid
19,1428.0,0.6153846153846154,4.8,160.0,"MF,FW",Premier League,High
23,1019.0,0.2692307692307692,6.4,27.4,"FW,MF",Serie A,Mid
29,1028.0,0.75,16.0,38.05,DF,La Liga,Mid
26,2025.0,1.0,4.7,18.0,DF,Bundesliga,High
29,2165.0,1.0,41.0,0.04,DF,La Liga,High
20,1831.0,0.875,16.2,50.1,FW,Ligue 1,High
28,1734.0,0.84,47.6,85.13,"MF,FW",Premier League,High
30,969.0,0.6,3.2,48.5,"FW,MF",La Liga,Low
26,1757.0,0.6785714285714286,15.3,29.4,FW,Ligue 1,High
24,1391.0,0.7272727272727273,3.2,44.3,DF,Premier League,Mid
25,1049.0,0.5,13.5,60.0,FW,La Liga,Mid
30,2112.0,1.0,7.2,73.0,MF,Bundesliga,High
19,826.0,1.0,7.9,11.03,MF,Bundesliga,Mid
31,1489.0,0.9473684210526315,5.7,120.0,MF,Premier League,Mid
25,1698.0,0.95,4.01,0.02,DF,Serie A,Mid
30,555.0,0.7777777777777778,3.4,,MF,Serie A,Low
30,600.0,0.875,2.8,4.0,MF,La Liga,Low
33,954.0,0.8571428571428571,35.0,0.16999999999999998,DF,La Liga,Low
31,2132.0,0.96,35.3,86.04,DF,La Liga,High
33,846.0,0.7142857142857143,23.0,0.16999999999999998,DF,La Liga,Low
20,1362.0,0.7894736842105263,10.0,0.06,DF,Ligue 1,Mid
25,1577.0,0.8636363636363636,58.4,114.03,DF,Premier League,High
35,811.0,0.9,6.02,0.02,DF,Premier League,Low
26,970.0,0.5238095238095238,2.4,72.0,MF,La Liga,Mid
24,1736.0,0.7142857142857143,6.3,120.0,"MF,FW",Premier League,High
23,326.0,0.18181818181818182,33.0,,"MF,DF",La Liga,Mid
21,925.0,0.631578947368421,2.8,52.7,"FW,MF",La Liga,Mid
37,2031.0,1.0,0.0,0.0,GK,Premier League,Low
29,1685.0,0.7916666666666666,30.0,0.08,MF,Premier League,Mid
23,1193.0,0.8333333333333334,1.2999999999999998,68.0,DF,Ligue 1,Mid
24,1796.0,1.0,58.0,0.05,DF,Premier League,High
22,955.0,0.5555555555555556,1.5,55.0,MF,Serie A,Mid
34,720.0,1.0,0.0,,GK,Bundesliga,Low
24,469.0,0.7142857142857143,3.3,53.0,"FW,MF",Ligue 1,Low
24,300.0,0.3,38.0,,MF,Ligue 1,Mid
37,508.0,0.15,4.5,2.9,"FW,MF",La Liga,Low
27,2430.0,1.0,0.0,0.0,GK,Serie A,Mid
29,1272.0,0.8888888888888888,10.0,0.07,"DF,MF",La Liga,Low
31,791.0,0.8461538461538461,2.5999999999999996,46.0,DF,Serie A,Low
20,932.0,0.375,7.2,52.0,FW,La Liga,Mid
18,544.0,0.2631578947368421,7.0,,MF,Ligue 1,Mid
36,1063.0,0.9230769230769231,0.7999999999999999,53.0,DF,Serie A,Low
20,366.0,0.21428571428571427,31.0,,MF,Serie A,Mid
34,375.0,0.5,,,DF,La Liga,Low
29,961.0,0.8,6.4,43.6,MF,La Liga,Mid
33,534.0,0.8333333333333334,2.5,,DF,Premier League,Low
26,1032.0,0.9285714285714286,24.0,0.05,DF,La Liga,Mid
23,516.0,1.0,6.1,66.0,"FW,MF",Premier League,Mid
23,650.0,0.5,4.3,44.0,"FW,MF",La Liga,Low
25,976.0,0.7692307692307693,9.4,4.01,DF,Bundesliga,Low
32,899.0,0.6666666666666666,0.06,0.0,DF,La Liga,Low
18,466.0,0.5,2.5,11.0,FW,Premier League,Low
23,1539.0,0.8571428571428571,7.6,92.0,MF,Serie A,High
28,2248.0,1.0,10.3,65.1,"MF,FW",Premier League,High
26,1685.0,0.8260869565217391,11.4,16.02,DF,Bundesliga,Mid
31,1260.0,1.0,0.0,0.0,GK,La Liga,Low
30,1423.0,0.6956521739130435,3.7,71.0,"MF,FW",La Liga,Mid
24,990.0,1.0,0.0,0.0,GK,La Liga,Low
26,408.0,0.4,2.6,44.0,FW,La Liga,Low
22,623.0,1.0,83.0,,MF,Premier League,High
26,1511.0,0.8421052631578947,1.1,7.0,DF,La Liga,Mid
32,2205.0,1.0,0.0,0.0,GK,La Liga,Mid
35,1144.0,0.9333333333333333,55.0,0.02,"MF,DF",La Liga,Mid
28,868.0,0.8333333333333334,10.0,0.08,DF,Serie A,Low
28,682.0,0.9,,,DF,Serie A,Low
31,2030.0,0.96,32.2,160.01,MF,Ligue 1,High
33,867.0,0.625,1.4000000000000001,29.3,"MF,FW",La Liga,Low
31,1031.0,0.5789473684210527,11.3,91.0,"FW,MF",Premier League,Mid
26,739.0,0.6363636363636364,0.6,35.0,DF,Premier League,Low
22,375.0,0.6666666666666666,12.0,,DF,Bundesliga,Low
29,2250.0,1.0,0.0,0.0,GK,Bundesliga,Mid
22,512.0,0.625,,,MF,Bundesliga,Low
23,1400.0,0.8695652173913043,4.6,27.2,"FW,DF",Ligue 1,Mid
22,1406.0,0.7083333333333334,7.8,101.0,FW,Premier League,High
27,2263.0,0.9615384615384616,9.1,92.2,MF,Ligue 1,High
22,558.0,0.7142857142857143,23.6,,DF,Premier League,Mid
22,720.0,1.0,0.0,,GK,Ligue 1,Low
24,2289.0,0.9629629629629629,4.2,62.8,MF,Ligue 1,High
28,1159.0,0.9285714285714286,30.11,0.02,DF,Ligue 1,Mid
39,1872.0,0.9565217391304348,2.8,12.0,DF,Ligue 1,Low
27,1038.0,0.5,3.5,90.0,"FW,MF",Premier League,Mid
31,1096.0,0.5,6.6,20.8,"MF,FW",Bundesliga,Low
35,630.0,1.0,0.0,,GK,Premier League,Low
28,1024.0,0.6,2.7,62.0,MF,Bundesliga,Mid
30,1115.0,0.55,27.9,48.01,"DF,MF",La Liga,Mid
25,1171.0,0.8666666666666667,2.4,44.0,DF,La Liga,Mid
27,2042.0,0.7857142857142857,3.2,44.2,"DF,MF",Ligue 1,High
29,313.0,0.375,31.0,,FW,Premier League,Low
23,2150.0,0.9629629629629629,12.1,130.0,MF,Serie A,High
30,969.0,0.43478260869565216,3.8,60.0,MF,Premier League,Low
30,533.0,0.4166666666666667,,,DF,Premier League,Low
18,1006.0,0.7692307692307693,90.0,0.09,DF,La Liga,High
30,1810.0,0.8695652173913043,16.0,0.07,MF,Premier League,Mid
28,613.0,0.7,8.0,,FW,Bundesliga,Low
25,1784.0,1.0,99.0,0.03,DF,Bundesliga,High
27,964.0,0.6666666666666666,1.6,7.0,DF,Bundesliga,Low
22,1927.0,0.92,10.600000000000001,174.0,"DF,MF",Bundesliga,High
25,1501.0,0.7083333333333334,5.4,79.1,"FW,MF",Bundesliga,High
26,415.0,0.8571428571428571,2.5,49.0,"MF,FW",Ligue 1,Low
26,525.0,0.3125,4.4,,MF,Bundesliga,Low
30,2117.0,1.0,15.8,40.0,FW,Bundesliga,High
23,603.0,0.5454545454545454,,,DF,Serie A,Mid
31,1451.0,0.6666666666666666,7.6,49.0,"FW,MF",Serie A,Mid
28,414.0,0.25,29.0,,MF,Serie A,Low
24,371.0,0.5714285714285714,,,FW,Serie A,Low
23,658.0,0.8888888888888888,18.8,,FW,Premier League,Mid
28,2260.0,0.9615384615384616,97.8,161.02,DF,La Liga,High
29,1744.0,0.9090909090909091,32.0,0.06999999999999999,MF,La Liga,Mid
23,945.0,0.4166666666666667,2.4,30.3,"MF,FW",Premier League,Mid
23,1692.0,0.8636363636363636,54.4,113.01,DF,Serie A,High
29,1890.0,1.0,0.0,0.0,GK,Ligue 1,Mid
33,1272.0,1.0,24.0,0.05,DF,Bundesliga,Low
35,1865.0,0.8461538461538461,12.2,49.7,FW,Ligue 1,Mid
33,1794.0,0.9565217391304348,22.0,12.01,MF,Premier League,Mid
24,1145.0,0.6,6.1,88.0,FW,Ligue 1,Mid
25,2142.0,1.0,7.5,176.0,MF,La Liga,High
30,2014.0,0.9583333333333334,6.1,140.0,"FW,MF",La Liga,High
32,531.0,0.875,1.9,28.0,"MF,FW",La Liga,Low
32,925.0,0.6470588235294118,4.8,3.05,MF,La Liga,Low
29,2029.0,1.0,0.9,90.0,DF,La Liga,High
22,909.0,0.7857142857142857,64.4,17.1,DF,La Liga,High
23,2327.0,1.0,138.7,119.03,DF,La Liga,High
36,708.0,0.2,4.300000000000001,34.0,"FW,MF",La Liga,Low
29,728.0,0.3,2.9000000000000004,46.0,"MF,FW",La Liga,Low
31,1361.0,0.9411764705882353,10.1,41.01,DF,La Liga,Mid
18,453.0,0.26666666666666666,2.6,30.0,"FW,MF",Premier League,Low
35,1703.0,0.9047619047619048,2.0,154.0,MF,Ligue 1,Mid
24,634.0,0.875,8.0,,DF,Serie A,Low
18,1716.0,0.8,4.6,123.0,"MF,FW",La Liga,High
31,1440.0,1.0,0.0,0.0,GK,La Liga,Low
32,2340.0,1.0,0.0,0.0,GK,Premier League,Mid
24,1429.0,1.0,2.2,100.0,MF,Bundesliga,High
22,2251.0,0.9259259259259259,35.1,69.02,DF,Serie A,High
29,1413.0,0.85,6.0,74.0,MF,Bundesliga,Mid
32,636.0,0.2,5.6,46.0,"FW,MF",Ligue 1,Low
25,417.0,0.6,1.9000000000000001,38.0,MF,Ligue 1,Low
26,534.0,0.5454545454545454,4.6,,DF,Serie A,Low
23,2006.0,0.9583333333333334,9.6,142.0,"MF,FW",Premier League,High
31,1185.0,0.65,15.7,44.08,DF,Bundesliga,Mid
29,1392.0,0.8947368421052632,4.6,27.8,DF,Ligue 1,Mid
35,1890.0,1.0,0.0,0.0,GK,Bundesliga,Low
25,1688.0,0.9545454545454546,31.1,73.03,DF,La Liga,High
29,2250.0,1.0,1.8,118.0,DF,Bundesliga,High
31,2412.0,1.0,2.8,116.0,"DF,MF",Ligue 1,High
36,1577.0,0.7916666666666666,15.9,18.3,FW,Serie A,Low
27,1320.0,0.6,13.0,63.7,FW,Bundesliga,High
19,1064.0,0.75,2.9,83.0,"FW,MF",Premier League,High
25,511.0,0.75,8.0,,DF,Premier League,Low
26,1877.0,0.8076923076923077,9.1,162.0,"MF,FW",Ligue 1,High
29,1212.0,0.65,1.6,131.0,MF,Ligue 1,Mid
22,2115.0,0.9629629629629629,7.2,28.5,MF,Ligue 1,High
24,310.0,0.42857142857142855,,,DF,Premier League,Low
25,1286.0,0.6842105263157895,15.0,0.03,DF,Premier League,Mid
28,2111.0,0.9615384615384616,4.7,186.0,"MF,FW",La Liga,High
35,670.0,0.46153846153846156,20.6,,"MF,FW",La Liga,Low
31,1598.0,0.85,35.0,0.05,DF,La Liga,Mid
34,853.0,0.75,1.1,8.0,MF,Ligue 1,Low
28,930.0,0.5333333333333333,1.08,0.16,DF,La Liga,Low
25,1236.0,0.7222222222222222,30.0,0.11,DF,La Liga,Mid
28,791.0,0.7272727272727273,10.4,,DF,La Liga,Low
21,1851.0,0.8461538461538461,2.6,73.0,MF,Serie A,High
24,905.0,0.5294117647058824,7.4,29.2,"FW,MF",Serie A,Mid
21,684.0,0.4666666666666667,1.9000000000000001,22.0,MF,La Liga,Low
25,1858.0,0.9545454545454546,10.04,0.08,DF,Ligue 1,Mid
22,1095.0,0.75,7.199999999999999,95.0,FW,Premier League,High
28,1323.0,0.8947368421052632,6.3,121.0,MF,Bundesliga,High
26,998.0,0.6875,80.0,0.1,DF,La Liga,High
28,664.0,0.21739130434782608,4.1,86.0,"DF,FW",Serie A,Low
30,2041.0,1.0,6.6,146.0,MF,Bundesliga,High
23,1697.0,0.8695652173913043,10.9,93.0,FW,Ligue 1,High
31,2096.0,1.0,17.3,5.06,DF,Bundesliga,Mid
30,1930.0,1.0,1.9000000000000001,203.0,DF,Ligue 1,High
28,569.0,0.4666666666666667,7.0,,MF,Serie A,Low
20,318.0,0.06666666666666667,23.0,,MF,Bundesliga,Mid
25,1038.0,0.9230769230769231,32.0,0.17,DF,Ligue 1,Mid
26,2023.0,0.8461538461538461,7.2,80.4,"FW,MF",Premier League,High
27,1525.0,0.8095238095238095,8.0,174.0,"FW,MF",Premier League,High
21,339.0,0.13333333333333333,1.7000000000000002,20.0,"MF,FW",Premier League,Low
28,1781.0,0.9583333333333334,11.5,69.0,FW,Bundesliga,High
32,608.0,0.4,28.0,,MF,La Liga,Low
32,1780.0,0.7307692307692307,14.100000000000001,167.0,"FW,MF",La Liga,High
29,1682.0,0.875,8.9,53.5,"FW,MF",Bundesliga,High
24,360.0,1.0,0.0,,GK,Bundesliga,Low
34,1377.0,0.8947368421052632,0.5,25.0,MF,Bundesliga,Low
31,2181.0,1.0,10.4,206.0,"MF,DF",Premier League,High
22,1306.0,0.6521739130434783,33.0,0.060000000000000005,MF,Bundesliga,High
27,961.0,0.9230769230769231,0.03,0.03,MF,Bundesliga,Low
36,2340.0,1.0,0.0,0.0,GK,Premier League,Mid
36,972.0,0.6111111111111112,1.3,63.0,MF,La Liga,Low
31,502.0,0.5714285714285714,27.0,,FW,La Liga,Low
31,376.0,0.6666666666666666,3.2,22.0,FW,La Liga,Low
31,1964.0,0.9565217391304348,3.0,29.0,"DF,MF",La Liga,Mid
23,434.0,0.36363636363636365,50.0,,"DF,FW",Ligue 1,Mid
26,707.0,0.6153846153846154,1.7,36.0,"FW,MF",Premier League,Low
22,2430.0,1.0,10.0,0.05,DF,Premier League,High
23,1716.0,0.7692307692307693,3.9,161.0,MF,Ligue 1,High
29,1660.0,1.0,6.3,171.0,"DF,MF",Bundesliga,High
21,1112.0,0.5,3.5999999999999996,70.0,"FW,MF",Ligue 1,High
24,521.0,1.0,6.0,,MF,La Liga,Low
24,492.0,0.2857142857142857,1.6,40.0,"MF,DF",Ligue 1,Low
32,630.0,0.3333333333333333,0.8999999999999999,7.0,"MF,DF",Bundesliga,Low
28,595.0,0.875,42.0,,DF,Ligue 1,Mid
23,1522.0,0.8181818181818182,1.4000000000000001,12.9,MF,La Liga,Mid
25,1667.0,1.0,3.2,148.0,MF,Premier League,High
27,976.0,0.9230769230769231,6.1,15.8,FW,Bundesliga,Low
32,540.0,1.0,0.0,,GK,Bundesliga,Low
32,328.0,0.4,,,DF,Bundesliga,Low
28,1765.0,0.8333333333333334,14.6,31.04,MF,La Liga,Mid
24,1686.0,0.9047619047619048,1.1,68.0,DF,Bundesliga,High
32,1756.0,0.8333333333333334,13.0,149.0,MF,Premier League,High
30,2125.0,1.0,40.3,95.04,"DF,MF",Bundesliga,High
28,1003.0,0.8461538461538461,2.8,10.0,DF,Serie A,Low
26,744.0,0.42105263157894735,7.1,55.0,FW,La Liga,Low
19,1442.0,1.0,63.2,137.01,DF,Ligue 1,High
26,879.0,0.5263157894736842,4.13,0.26,MF,La Liga,Low
21,1738.0,0.8333333333333334,2.9,129.0,DF,La Liga,High
21,1666.0,0.782608695652174,3.5,26.0,DF,Bundesliga,High
29,1967.0,1.0,7.2,135.0,"FW,DF",Serie A,High
30,1150.0,0.7894736842105263,5.03,0.06,DF,Serie A,Low
32,501.0,0.16666666666666666,8.7,,FW,Serie A,Low
22,2112.0,0.9615384615384616,24.1,25.7,FW,Premier League,High
27,956.0,0.5555555555555556,2.9,28.0,MF,Serie A,Low
28,1513.0,0.9130434782608695,6.9,66.0,MF,Bundesliga,Mid
29,1124.0,0.7777777777777778,53.0,0.03,DF,Bundesliga,Mid
27,662.0,0.2222222222222222,2.2,35.0,"MF,FW",La Liga,Low
20,637.0,0.7777777777777778,16.4,,DF,Ligue 1,Mid
32,391.0,0.5714285714285714,8.4,,"FW,MF",Bundesliga,Low
25,903.0,0.34782608695652173,2.5,58.0,MF,Bundesliga,Low
30,1334.0,0.5769230769230769,66.0,0.24000000000000002,"DF,MF",Ligue 1,High
24,1508.0,0.7619047619047619,5.5,141.0,"DF,MF",Ligue 1,High
18,304.0,0.8,29.0,,"DF,MF",Premier League,Mid
28,562.0,0.6,7.199999999999999,38.0,FW,Bundesliga,Low
31,1225.0,0.5909090909090909,1.7000000000000002,60.0,DF,Bundesliga,Low
35,852.0,0.7333333333333333,6.0,30.3,"FW,MF",Ligue 1,Low
26,777.0,1.0,30.0,,DF,Bundesliga,Mid
38,900.0,1.0,0.0,0.0,GK,Serie A,Low
31,590.0,1.0,42.0,,MF,Bundesliga,Mid
31,498.0,0.5454545454545454,,,MF,Bundesliga,Low
25,515.0,0.6,73.0,,"MF,FW",Ligue 1,High
26,1833.0,0.92,6.6,146.0,"FW,MF",Premier League,High
25,338.0,0.125,18.6,,MF,Serie A,Low
39,733.0,0.8,,,DF,Bundesliga,Low
29,1397.0,1.0,2.8,71.0,DF,Serie A,Mid
23,1978.0,0.8846153846153846,12.5,47.1,"FW,MF",Premier League,High
29,464.0,0.14285714285714285,71.0,,"FW,DF",Bundesliga,Mid
32,2014.0,1.0,47.1,101.06,DF,Bundesliga,High
27,712.0,0.5,2.2,37.0,FW,Premier League,Low
26,1138.0,0.52,7.5,130.0,"MF,FW",Ligue 1,High
29,419.0,0.6666666666666666,,,DF,Bundesliga,Low
26,1620.0,1.0,0.0,0.0,GK,Premier League,Mid
32,1261.0,0.6086956521739131,24.9,32.05,MF,Premier League,Mid
26,783.0,0.5,10.5,,MF,Serie A,Low
26,1613.0,0.7727272727272727,1.9000000000000001,114.0,"DF,MF",Bundesliga,High
22,1303.0,0.6521739130434783,3.5,56.0,FW,La Liga,High
25,1196.0,0.631578947368421,3.8,63.0,MF,Serie A,Mid
25,2316.0,1.0,114.0,0.14,DF,Premier League,High
28,1030.0,0.8125,4.5,61.0,FW,Serie A,Mid
30,1060.0,0.75,4.0,0.03,DF,Ligue 1,Low
27,1072.0,0.8571428571428571,2.3,45.0,DF,La Liga,Low
34,954.0,0.9166666666666666,0.0,0.0,DF,La Liga,Low
27,476.0,0.8571428571428571,,,DF,Bundesliga,Low
33,2159.0,1.0,57.0,0.04,DF,La Liga,High
25,2009.0,1.0,8.6,79.8,DF,Serie A,High
33,307.0,0.5,3.6,,MF,La Liga,Low
29,1080.0,1.0,0.0,0.0,GK,La Liga,Low
25,776.0,0.625,3.0,54.0,"MF,FW",La Liga,Low
30,2026.0,0.8846153846153846,11.2,122.0,"MF,FW",Premier League,High
20,1156.0,0.9333333333333333,59.0,0.04,DF,Premier League,High
24,1736.0,0.8181818181818182,0.01,0.01,DF,Serie A,Mid
21,1761.0,0.8636363636363636,1.9,90.0,DF,Bundesliga,High
23,2127.0,1.0,8.9,109.01,MF,Serie A,High
20,1024.0,0.5909090909090909,4.9,48.0,"FW,MF",Bundesliga,Mid
33,2102.0,1.0,12.5,7.07,MF,Bundesliga,Mid
30,1941.0,1.0,9.5,65.5,"FW,MF",Bundesliga,High
29,1897.0,0.88,8.0,57.0,FW,Bundesliga,High
28,731.0,0.4117647058823529,17.1,,"FW,MF",Bundesliga,Low
26,365.0,0.6,6.0,,"DF,MF",Premier League,Low
22,1393.0,0.85,2.5,81.0,DF,Serie A,High
28,854.0,0.4444444444444444,4.9,108.0,FW,Bundesliga,Mid
25,523.0,0.6666666666666666,16.0,,MF,Serie A,Low
25,486.0,0.8333333333333334,0.0,,"DF,MF",La Liga,Low
26,1992.0,0.92,10.8,133.0,"FW,MF",Ligue 1,High
29,2452.0,0.9642857142857143,6.0,0.07,DF,Ligue 1,High
33,2159.0,1.0,0.0,0.0,GK,Bundesliga,Mid
24,365.0,0.4444444444444444,,,DF,Serie A,Low
26,1749.0,0.95,1.2999999999999998,7.05,DF,Bundesliga,Mid
22,597.0,0.5384615384615384,60.0,,"FW,MF",Bundesliga,High
27,418.0,0.16666666666666666,16.0,,MF,Premier League,Low
34,1357.0,0.7619047619047619,17.0,0.25,DF,Bundesliga,Low
29,1766.0,0.92,7.7,75.0,"FW,MF",Ligue 1,High
21,683.0,0.4375,2.4,39.0,"MF,FW",Bundesliga,Low
29,1169.0,0.5217391304347826,24.9,37.01,DF,Serie A,Mid
27,2411.0,1.0,3.9,229.0,MF,Premier League,High
20,1280.0,0.6086956521739131,7.3,58.0,FW,Serie A,High
26,1323.0,0.8333333333333334,20.9,46.03,"DF,MF",Bundesliga,Mid
24,443.0,0.38461538461538464,35.0,,MF,La Liga,Mid
24,2281.0,1.0,2.7,82.0,DF,Serie A,High
24,1930.0,0.92,13.600000000000001,165.0,FW,Ligue 1,High
24,1503.0,0.6818181818181818,1.7,109.0,DF,La Liga,High
30,1765.0,0.9166666666666666,13.1,27.4,FW,La Liga,Mid
25,1452.0,0.8,72.0,0.04,DF,Serie A,High
26,744.0,0.3333333333333333,11.7,96.0,"FW,MF",Premier League,Mid
24,1513.0,0.68,4.9,115.0,FW,Serie A,High
22,851.0,0.9090909090909091,19.4,20.04,MF,Serie A,Mid
22,396.0,0.8,,,MF,Serie A,Mid
33,746.0,0.5625,1.7000000000000002,27.0,MF,La Liga,Low
33,1452.0,0.9,12.7,29.2,FW,Serie A,Mid
30,330.0,0.42857142857142855,7.0,,FW,Premier League,Low
30,824.0,0.4444444444444444,9.1,20.0,FW,Premier League,Low
27,938.0,0.631578947368421,8.7,13.0,"FW,MF",Bundesliga,Low
27,914.0,0.5263157894736842,3.4,0.11,MF,Ligue 1,Low
23,623.0,0.7,9.5,18.6,FW,Premier League,Low
30,799.0,0.8333333333333334,18.1,,"MF,FW",La Liga,Mid
33,1449.0,0.9444444444444444,4.5,125.0,DF,Ligue 1,Mid
26,1675.0,0.9,7.01,0.08,DF,Serie A,Mid
26,1315.0,0.9375,16.7,1.03,DF,Bundesliga,Mid
23,1931.0,0.9565217391304348,23.5,15.03,DF,Bundesliga,High
30,2044.0,0.96,9.8,101.2,FW,Ligue 1,High
26,2478.0,1.0,5.6,186.0,"MF,FW",Premier League,High
31,1620.0,0.95,3.5,38.0,DF,Serie A,Mid
21,793.0,0.5333333333333333,4.0,47.0,FW,La Liga,Mid
30,1466.0,0.76,4.9,78.0,MF,Bundesliga,Mid
24,890.0,0.75,24.1,5.1,DF,Bundesliga,Mid
25,1264.0,0.6666666666666666,2.0999999999999996,30.0,"DF,MF",Bundesliga,Mid
23,649.0,0.21739130434782608,30.9,,"DF,MF",Ligue 1,High
25,376.0,0.23076923076923078,13.3,,FW,Premier League,Low
23,940.0,0.9166666666666666,2.8,103.0,"DF,MF",Premier League,Mid
24,1583.0,0.6538461538461539,3.3000000000000003,71.0,"MF,DF",Premier League,High
27,806.0,0.6,,,DF,Bundesliga,Mid
32,529.0,0.6666666666666666,0.0,,DF,Premier League,Low
24,631.0,0.5,1.4,65.0,DF,La Liga,Low
25,737.0,0.8181818181818182,3.3,32.0,FW,La Liga,Low
30,1243.0,1.0,2.4,9.0,DF,Ligue 1,Low
25,789.0,0.4117647058823529,3.0,25.0,"FW,MF",Bundesliga,Low
27,2067.0,1.0,4.4,122.0,MF,Premier League,High
23,720.0,1.0,,,DF,Bundesliga,Mid
25,1259.0,0.875,10.899999999999999,71.0,FW,Premier League,Mid
31,614.0,0.875,27.2,,DF,Serie A,Low
31,743.0,0.5384615384615384,18.0,,FW,Premier League,Low
26,1850.0,0.9545454545454546,5.2,134.0,"MF,FW",Premier League,High
23,744.0,0.6153846153846154,,,DF,Premier League,Mid
21,2217.0,0.9259259259259259,10.8,73.9,"FW,MF",Premier League,High
22,867.0,1.0,67.0,0.060000000000000005,DF,Ligue 1,High
25,1781.0,0.8333333333333334,4.1,225.0,MF,La Liga,High
28,1406.0,0.85,10.4,22.06,MF,La Liga,Mid
31,355.0,0.6666666666666666,,,MF,Premier League,Low
31,1279.0,0.8333333333333334,2.1,93.0,MF,Premier League,Mid
33,447.0,0.1875,0.6000000000000001,34.0,"DF,MF",La Liga,Low
31,393.0,0.1,4.2,23.0,FW,La Liga,Low
33,2000.0,0.9565217391304348,10.9,16.9,FW,La Liga,Mid
26,451.0,0.4,20.6,,"FW,MF",Premier League,Mid
33,515.0,0.3333333333333333,3.9,35.0,"FW,MF",Bundesliga,Low
25,1163.0,0.5416666666666666,5.8999999999999995,21.0,FW,Serie A,Mid
29,715.0,0.5714285714285714,6.8,42.0,FW,La Liga,Low
31,930.0,0.9166666666666666,6.0,0.04,DF,La Liga,Low
29,2317.0,0.9259259259259259,1.9,63.0,DF,Ligue 1,High
30,1975.0,1.0,4.5,5.08,DF,Ligue 1,Mid
31,1953.0,0.96,2.5,71.0,"DF,FW",Bundesliga,High
23,337.0,0.8,,,"MF,FW",Premier League,Mid
23,591.0,0.5454545454545454,16.7,,"MF,FW",Serie A,Mid
22,2205.0,1.0,14.399999999999999,230.0,FW,La Liga,High
27,450.0,1.0,1.7,21.0,DF,Bundesliga,Low
25,1252.0,1.0,20.02,0.04,DF,Premier League,Mid
32,745.0,0.6153846153846154,2.0,,DF,Premier League,Low
23,1849.0,1.0,2.4,19.5,DF,Bundesliga,High
21,613.0,0.35714285714285715,1.8,107.0,DF,Ligue 1,Mid
30,1237.0,0.5714285714285714,3.0,110.0,DF,Bundesliga,Mid
27,413.0,0.4,2.3,,"FW,MF",La Liga,Low
19,486.0,0.6666666666666666,,,DF,La Liga,Mid
30,1666.0,0.9565217391304348,8.4,52.8,"FW,MF",Bundesliga,High
21,1367.0,0.8571428571428571,13.3,169.0,FW,Ligue 1,High
21,778.0,0.35,3.0,52.0,"MF,FW",Serie A,Mid
25,1980.0,1.0,55.8,60.02,DF,Ligue 1,High
22,2120.0,0.8148148148148148,4.0,71.0,DF,Serie A,High
26,1649.0,0.8260869565217391,8.6,33.2,"MF,FW",Bundesliga,Mid
26,408.0,0.8,0.0,,GK,Ligue 1,Low
23,1524.0,0.9473684210526315,15.0,8.01,MF,Premier League,Mid
20,1322.0,0.7272727272727273,6.6,134.0,"FW,MF",Bundesliga,High
32,899.0,0.5238095238095238,13.6,6.01,MF,Bundesliga,Low
29,2505.0,1.0,19.6,50.5,FW,Premier League,High
25,1193.0,0.6842105263157895,7.3,72.0,FW,Bundesliga,Mid
22,1950.0,0.92,6.5,127.0,"MF,FW",La Liga,High
29,499.0,0.35714285714285715,3.5,39.0,FW,Bundesliga,Low
24,426.0,0.3333333333333333,5.4,64.0,"MF,FW",Serie A,Low
26,1345.0,0.6818181818181818,4.8,6.01,MF,Bundesliga,Mid
28,711.0,0.6153846153846154,,,DF,Serie A,Mid
20,342.0,0.5714285714285714,9.8,,DF,Serie A,Low
25,583.0,0.35294117647058826,2.1,45.0,MF,Serie A,Low
24,1561.0,0.8636363636363636,8.2,55.2,"FW,DF",Bundesliga,High
23,812.0,0.391304347826087,6.6,34.0,FW,Serie A,Mid
30,383.0,0.8,,,DF,Premier League,Low
31,713.0,0.75,58.0,,FW,Premier League,Mid
19,304.0,0.3,,,DF,Ligue 1,Mid
26,1665.0,1.0,34.0,0.06,DF,Premier League,High
19,530.0,0.8571428571428571,,,DF,Ligue 1,Mid
23,447.0,0.2777777777777778,20.0,,MF,Bundesliga,Mid
24,1080.0,1.0,5.4,1.01,DF,Premier League,Low
28,2094.0,1.0,9.0,0.09,DF,Bundesliga,Mid
26,1643.0,0.8181818181818182,24.3,45.01,DF,Bundesliga,High
26,602.0,0.2222222222222222,1.7999999999999998,32.0,MF,La Liga,Low
27,1670.0,0.76,6.7,84.0,MF,Ligue 1,High
32,1129.0,0.65,6.4,30.9,"FW,MF",Ligue 1,Low
29,2072.0,1.0,2.8,23.0,MF,Bundesliga,Mid
33,765.0,0.19230769230769232,5.8,14.3,FW,La Liga,Low
23,1096.0,1.0,1.2000000000000002,60.0,DF,Bundesliga,Mid
25,2520.0,1.0,30.0,0.08,DF,Premier League,High
28,2036.0,0.9583333333333334,2.8,33.6,MF,Bundesliga,High
27,730.0,0.8181818181818182,8.0,,DF,Ligue 1,Low
23,1443.0,1.0,19.0,0.09,DF,Serie A,Mid
34,668.0,0.7272727272727273,0.0,,DF,Serie A,Low
26,379.0,0.6666666666666666,,,DF,Bundesliga,Low
23,958.0,0.47368421052631576,9.1,120.0,"FW,MF",La Liga,High
21,1031.0,0.6666666666666666,2.8,82.0,DF,Bundesliga,Mid
30,2160.0,1.0,6.4,8.4,DF,Bundesliga,Mid
25,1620.0,1.0,0.0,0.0,GK,Bundesliga,Mid
26,2292.0,1.0,14.0,0.06,DF,Premier League,High
29,1599.0,0.8636363636363636,3.2,32.0,MF,Bundesliga,Mid
31,1605.0,0.8636363636363636,11.8,28.04,MF,La Liga,Mid
29,1396.0,0.7391304347826086,4.3,91.0,DF,Ligue 1,Mid
24,1959.0,0.9583333333333334,12.9,83.1,FW,Bundesliga,High
19,450.0,1.0,,,DF,Ligue 1,Mid
23,652.0,0.875,,,DF,Premier League,Mid
30,962.0,0.625,7.6,5.07,MF,La Liga,Low
23,970.0,0.2962962962962963,4.4,8.8,FW,Ligue 1,Low
21,2099.0,1.0,2.2,174.0,MF,Bundesliga,High
27,520.0,1.0,,,DF,Ligue 1,Low
25,2332.0,0.9629629629629629,15.0,0.11,DF,Premier League,High
25,2048.0,0.9583333333333334,10.8,44.0,MF,Serie A,High
22,1073.0,0.631578947368421,17.2,12.01,DF,Bundesliga,Mid
30,2000.0,0.9259259259259259,8.4,138.0,"DF,FW",Serie A,High
25,1506.0,0.8571428571428571,6.5,87.0,FW,Serie A,High
26,1934.0,1.0,2.5,179.0,MF,Ligue 1,High
30,360.0,1.0,0.0,,GK,Bundesliga,Low
31,1520.0,0.8947368421052632,1.6,11.2,DF,Premier League,Low
24,1481.0,0.9444444444444444,32.9,27.04,DF,La Liga,High
25,700.0,1.0,4.0,,DF,Ligue 1,Low
33,704.0,0.75,1.3,14.0,"MF,DF",Premier League,Low
28,1169.0,0.5789473684210527,2.0999999999999996,131.0,MF,Premier League,Mid
27,431.0,0.38461538461538464,20.0,,MF,Serie A,Low
22,379.0,1.0,2.5,52.0,"FW,MF",Bundesliga,Low
24,1547.0,0.85,66.0,0.14,MF,Bundesliga,High
31,1616.0,0.7391304347826086,9.9,28.8,"MF,FW",Bundesliga,Mid
32,1955.0,1.0,83.0,0.11,MF,Bundesliga,High
21,2044.0,1.0,3.9000000000000004,61.0,MF,Bundesliga,High
33,1501.0,0.8571428571428571,2.0,39.7,MF,La Liga,Mid
29,1010.0,0.7333333333333333,18.6,16.06,"MF,FW",Serie A,Low
30,1189.0,1.0,34.8,8.15,DF,Bundesliga,Mid
21,1670.0,0.8695652173913043,7.1,124.0,"FW,MF",La Liga,High
22,1463.0,0.8,5.7,115.0,"MF,FW",Premier League,High
18,709.0,0.6363636363636364,6.7,,DF,Ligue 1,Mid
27,320.0,0.375,14.3,,MF,Bundesliga,Low
22,1725.0,0.9565217391304348,13.0,103.4,FW,Serie A,High
27,1400.0,0.5925925925925926,9.2,22.1,FW,Ligue 1,Mid
27,559.0,0.5833333333333334,4.7,29.0,"MF,FW",Bundesliga,Low
27,766.0,0.75,2.5,49.0,"FW,DF",Serie A,Low
30,1183.0,0.8666666666666667,1.7000000000000002,5.0,MF,La Liga,Low
24,769.0,0.5294117647058824,28.8,,MF,La Liga,Mid
28,1739.0,0.8695652173913043,9.7,75.0,FW,Ligue 1,High
31,2051.0,0.96,16.4,30.3,FW,Ligue 1,High
22,1301.0,0.7368421052631579,51.4,5.07,DF,Bundesliga,High
24,2429.0,1.0,0.0,0.0,GK,Ligue 1,High
26,418.0,0.8333333333333334,20.0,,MF,Bundesliga,Low
25,947.0,0.8461538461538461,3.7,70.0,MF,Bundesliga,Mid
30,341.0,0.4,20.0,,DF,Bundesliga,Low
31,607.0,0.875,23.0,,DF,Ligue 1,Low
34,722.0,0.75,2.8,53.0,"MF,FW",Premier League,Low
32,616.0,0.5833333333333334,,,DF,Bundesliga,Low
31,1300.0,0.6190476190476191,4.6,104.0,"FW,MF",La Liga,Mid
24,489.0,0.2631578947368421,7.2,,"FW,MF",Ligue 1,Low
25,700.0,1.0,15.0,,FW,Serie A,Mid
25,883.0,0.7142857142857143,5.199999999999999,76.0,FW,Serie A,Mid
22,453.0,0.15,86.0,,DF,Premier League,High
28,556.0,0.8571428571428571,,,DF,Premier League,Mid
29,1540.0,1.0,4.02,0.02,DF,Ligue 1,Low
27,513.0,0.625,6.4,37.0,FW,La Liga,Low
22,1187.0,0.6666666666666666,2.0,136.0,"DF,FW",Ligue 1,High
25,463.0,0.45454545454545453,,,"FW,MF",Bundesliga,Low
30,1281.0,0.5909090909090909,7.1,47.0,"FW,MF",Serie A,Mid
25,654.0,0.375,1.8,48.0,"DF,MF",La Liga,Low
33,460.0,0.3076923076923077,,,MF,Bundesliga,Low
24,1639.0,1.0,11.2,106.4,FW,Serie A,High
19,1372.0,0.8421052631578947,0.8999999999999999,21.0,MF,Premier League,Mid
27,1065.0,0.8666666666666667,40.7,70.03,DF,Serie A,High
32,1795.0,0.9565217391304348,10.9,198.0,"MF,DF",Serie A,High
29,1391.0,0.85,108.0,0.05,DF,Serie A,High
20,1175.0,0.6190476190476191,3.2,138.0,"MF,DF",Ligue 1,High
24,1294.0,0.6363636363636364,7.2,36.0,"FW,MF",Ligue 1,Mid
23,2418.0,1.0,9.0,254.0,MF,Ligue 1,High
33,2430.0,1.0,126.0,0.1,DF,Ligue 1,High
33,1565.0,0.8571428571428571,90.0,0.04,DF,Ligue 1,High
26,1896.0,0.9130434782608695,23.0,0.06,DF,La Liga,High
23,1840.0,0.84,15.0,108.7,"FW,MF",Serie A,High
31,899.0,1.0,0.01,0.0,GK,La Liga,Low
31,810.0,1.0,0.0,0.0,GK,Ligue 1,Low
30,2250.0,1.0,0.0,0.0,GK,La Liga,Mid
29,1957.0,1.0,2.6,23.5,MF,Ligue 1,Mid
24,1733.0,0.9523809523809523,15.4,89.03,DF,Bundesliga,High
24,663.0,0.7777777777777778,,,DF,Bundesliga,Mid
31,2028.0,1.0,2.8000000000000003,71.0,DF,La Liga,High
29,1253.0,0.7222222222222222,40.9,58.02,DF,La Liga,High
27,847.0,0.5789473684210527,2.8000000000000003,73.0,MF,La Liga,Mid
29,597.0,0.8888888888888888,30.0,,MF,Premier League,Mid
29,838.0,0.7857142857142857,60.0,0.04,"MF,DF",Ligue 1,Mid
27,1372.0,0.8888888888888888,22.5,6.06,DF,Premier League,Mid
31,2250.0,1.0,0.0,0.0,GK,Premier League,Mid
28,753.0,0.35294117647058826,47.0,,DF,Bundesliga,Mid
34,1047.0,0.5454545454545454,4.3,15.8,FW,La Liga,Low
20,1573.0,0.7391304347826086,1.4,125.0,MF,Ligue 1,High
24,1798.0,0.875,41.3,124.11,"MF,DF",Serie A,High
28,2278.0,1.0,3.8000000000000003,34.0,"MF,DF",Premier League,High
33,2168.0,1.0,0.0,0.0,GK,Ligue 1,Mid
23,817.0,0.5555555555555556,26.0,0.26,MF,Ligue 1,Mid
34,1767.0,0.9545454545454546,16.0,29.6,FW,La Liga,Mid
18,543.0,0.6,32.0,,"DF,MF",Premier League,High
22,321.0,0.3,14.0,,"FW,MF",Premier League,Low
35,1468.0,0.782608695652174,124.0,0.18,"DF,MF",Ligue 1,High
26,2011.0,0.9565217391304348,2.5,13.0,DF,Bundesliga,Mid
23,1599.0,0.8181818181818182,1.8,20.0,DF,Bundesliga,Mid
28,542.0,0.5555555555555556,0.0,,DF,Premier League,Low
23,1530.0,0.9090909090909091,8.6,86.0,"MF,FW",Bundesliga,High
28,1604.0,0.7307692307692307,2.6,51.0,MF,Serie A,Mid
30,920.0,0.75,49.0,0.27,"FW,MF",Premier League,Mid
25,566.0,0.7777777777777778,1.1,48.0,DF,La Liga,Low
26,630.0,1.0,0.0,,GK,Ligue 1,Low
25,1140.0,0.7222222222222222,4.8,75.0,MF,Bundesliga,Mid
29,649.0,0.875,,,DF,Premier League,Low
28,1434.0,0.9473684210526315,4.199999999999999,123.0,"MF,DF",La Liga,High
36,1890.0,1.0,0.0,0.0,GK,Premier League,Low
26,548.0,0.7272727272727273,3.0,46.0,"MF,FW",La Liga,Low
28,2265.0,0.9259259259259259,1.1,149.0,MF,Serie A,High
25,1791.0,0.9130434782608695,44.0,0.16999999999999998,MF,Serie A,High
24,1197.0,0.875,15.3,4.02,DF,Serie A,Mid
20,1059.0,0.8666666666666667,86.0,0.07,DF,Ligue 1,High
24,1523.0,0.9473684210526315,73.0,0.12,DF,Premier League,High
27,1258.0,0.8421052631578947,103.0,0.2,"MF,DF",Premier League,High
25,2017.0,0.8461538461538461,5.5,113.0,MF,Premier League,High
25,1536.0,0.7307692307692307,11.2,74.9,"FW,MF",Serie A,High
32,1916.0,1.0,0.0,0.0,GK,Ligue 1,Low
27,1727.0,0.9166666666666666,8.5,113.0,"MF,FW",Ligue 1,High
33,1157.0,0.9285714285714286,0.8999999999999999,56.0,DF,La Liga,Low
25,1514.0,0.8,62.0,0.17,MF,Serie A,High
28,2160.0,1.0,1.0,0.08,GK,Ligue 1,Mid
27,906.0,0.375,1.8,83.0,MF,La Liga,Mid
21,1160.0,0.6086956521739131,17.6,81.05,MF,Ligue 1,High
37,2013.0,1.0,12.7,71.04,MF,Bundesliga,Mid
24,1935.0,0.8076923076923077,66.4,75.02,DF,Ligue 1,High
23,433.0,0.4,0.0,,DF,Serie A,Low
33,966.0,1.0,12.0,0.16999999999999998,DF,Ligue 1,Low
25,1458.0,0.6538461538461539,5.0,100.0,MF,Serie A,High
29,1192.0,0.5714285714285714,56.0,0.30000000000000004,FW,La Liga,Mid
27,1278.0,0.6,7.8,74.0,FW,Serie A,High
24,2000.0,1.0,18.8,3.02,DF,Serie A,High
27,1720.0,1.0,2.4000000000000004,55.1,DF,La Liga,High
35,1016.0,0.32,11.9,111.0,"FW,MF",La Liga,Mid
33,505.0,0.6666666666666666,0.7,5.0,DF,Serie A,Low
24,1950.0,0.8461538461538461,3.6,36.8,MF,Premier League,High
29,777.0,0.6,4.9,7.5,FW,Serie A,Low
20,2177.0,0.96,1.5,24.0,DF,Ligue 1,High
25,1723.0,0.7916666666666666,12.5,72.8,"FW,MF",Bundesliga,High
26,1195.0,0.8125,2.6,28.3,MF,Serie A,Mid
24,540.0,1.0,0.0,,GK,La Liga,Low
26,2164.0,1.0,1.2999999999999998,67.0,DF,Serie A,High
26,698.0,0.5,7.0,,DF,Premier League,Low
29,1054.0,0.6111111111111112,2.8,70.0,DF,Serie A,Mid
32,648.0,0.3,,,MF,Ligue 1,Low
24,1904.0,0.9545454545454546,13.8,38.2,MF,Premier League,High
29,1687.0,0.76,2.0,46.4,"DF,MF",Ligue 1,Mid
30,366.0,0.6666666666666666,20.8,,FW,La Liga,Low
26,1631.0,0.95,10.4,156.0,"MF,FW",Premier League,High
25,1990.0,0.9583333333333334,1.8,55.9,DF,La Liga,High
29,404.0,0.7142857142857143,,,DF,La Liga,Low
25,724.0,0.75,15.0,,MF,Serie A,Mid
27,806.0,0.6666666666666666,16.0,,DF,Serie A,Mid
24,1377.0,0.625,87.0,0.17,MF,Ligue 1,High
25,2042.0,0.7857142857142857,66.0,0.12,MF,Ligue 1,High
30,482.0,0.45454545454545453,,,DF,Premier League,Low
32,1061.0,0.631578947368421,6.6,42.3,"FW,MF",Premier League,Low
24,1348.0,0.7619047619047619,3.2,77.0,MF,Bundesliga,Mid
27,990.0,1.0,0.0,0.0,GK,Serie A,Low
23,1531.0,0.75,11.1,175.0,"FW,MF",Bundesliga,High
25,960.0,0.6,0.05,0.06,"DF,MF",Premier League,Low
25,1065.0,0.5454545454545454,3.6,41.4,"MF,FW",Ligue 1,Mid
24,805.0,0.6875,18.8,,MF,Serie A,Mid
24,610.0,0.875,,,MF,Ligue 1,Mid
28,1078.0,0.8235294117647058,23.0,0.11000000000000001,MF,La Liga,Low
23,920.0,0.6666666666666666,34.0,0.05,DF,Premier League,Mid
21,460.0,0.14285714285714285,9.0,,"FW,MF",Serie A,Low
24,441.0,0.5,20.0,,MF,Serie A,Mid
24,1063.0,0.8235294117647058,10.100000000000001,156.0,FW,Bundesliga,High
29,553.0,0.3333333333333333,2.6,69.0,"MF,FW",Serie A,Low
29,678.0,0.6363636363636364,4.3,56.0,"MF,FW",Ligue 1,Low
31,1473.0,1.0,99.0,0.16999999999999998,DF,La Liga,High
22,2340.0,1.0,0.0,0.0,GK,La Liga,High
26,2181.0,1.0,3.0,77.0,DF,Serie A,High
38,2295.0,1.0,0.04,0.04,GK,Ligue 1,Low
29,1857.0,1.0,69.0,0.06,DF,La Liga,High
31,486.0,0.5,,,DF,La Liga,Low
25,1353.0,0.75,4.9,115.0,MF,Serie A,High
30,1076.0,0.7777777777777778,7.7,51.7,FW,Bundesliga,Mid
25,757.0,0.6875,16.0,,MF,Premier League,Mid
35,895.0,0.5,2.1999999999999997,10.9,MF,Ligue 1,Low
35,1338.0,0.9333333333333333,0.0,0.0,GK,Ligue 1,Low
24,1553.0,0.76,5.9,118.0,"FW,DF",Ligue 1,High
20,451.0,0.15789473684210525,8.6,,"FW,MF",Premier League,Low
26,436.0,0.1875,1.9,8.0,"FW,MF",La Liga,Low
26,360.0,1.0,0.0,,DF,La Liga,Low
28,2150.0,1.0,11.6,192.0,"FW,DF",Premier League,High
35,1710.0,1.0,0.0,0.0,GK,La Liga,Low
25,1835.0,0.9565217391304348,51.7,47.08,MF,Ligue 1,High
31,1714.0,0.8260869565217391,65.1,10.05,DF,Serie A,High
33,1974.0,0.8846153846153846,53.2,98.01,DF,La Liga,High
35,325.0,0.15384615384615385,,,MF,La Liga,Low
29,1672.0,0.9,42.5,4.05,DF,Serie A,Mid
28,1433.0,0.8823529411764706,2.8,9.0,DF,La Liga,Low
19,342.0,0.3333333333333333,31.0,,MF,La Liga,Mid
26,1844.0,0.8,3.2,108.0,MF,Serie A,High
28,1575.0,0.9473684210526315,1.5,47.0,DF,Ligue 1,Mid
27,1215.0,0.7894736842105263,24.0,0.04,DF,Serie A,Mid
24,1177.0,0.5,5.6000000000000005,75.0,FW,Bundesliga,Mid
28,1990.0,0.9166666666666666,3.8,13.0,DF,Ligue 1,Mid
20,1354.0,0.7142857142857143,37.0,0.13,MF,Bundesliga,High
32,655.0,0.6666666666666666,9.2,,FW,La Liga,Low
32,507.0,0.875,2.1,22.0,FW,La Liga,Low
27,458.0,0.6666666666666666,5.6,10.3,FW,Premier League,Low
25,1489.0,0.85,3.2,24.7,DF,Bundesliga,Mid
24,696.0,0.5384615384615384,4.300000000000001,56.0,MF,La Liga,Low
21,2252.0,0.9642857142857143,13.4,181.0,FW,Premier League,High
19,1756.0,0.9545454545454546,3.8,114.0,DF,La Liga,High
30,2194.0,1.0,0.01,0.0,GK,Premier League,Mid
31,1080.0,1.0,1.9000000000000001,11.0,DF,La Liga,Low
25,2130.0,0.8888888888888888,14.9,41.7,FW,Serie A,High
25,1852.0,0.875,1.1,12.0,DF,Premier League,Mid
26,1541.0,0.8947368421052632,2.6,97.0,DF,Serie A,High
27,345.0,0.2727272727272727,,,"MF,FW",Ligue 1,Low
30,2277.0,0.9615384615384616,37.1,97.03,DF,Serie A,High
30,1997.0,1.0,25.0,0.08,MF,La Liga,High
29,480.0,0.7142857142857143,17.0,,DF,Serie A,Low
34,1517.0,1.0,0.0,0.0,GK,La Liga,Low
24,1399.0,0.7,4.4,5.0,DF,Bundesliga,Mid
21,617.0,0.875,31.0,,MF,Ligue 1,Mid
21,806.0,0.6428571428571429,9.0,,MF,Ligue 1,Mid
25,696.0,0.2727272727272727,5.6,41.0,FW,Premier League,Low
34,1420.0,0.5,2.3,137.0,MF,Serie A,Mid
31,822.0,0.8181818181818182,25.0,0.05,DF,Premier League,Low
23,1208.0,1.0,11.01,0.02,DF,Bundesliga,Mid
24,1804.0,0.9545454545454546,19.0,0.060000000000000005,MF,Ligue 1,High
26,947.0,0.5,8.1,59.0,FW,Premier League,Mid
18,398.0,0.8333333333333334,,,MF,Ligue 1,Mid
24,943.0,0.75,5.2,23.3,FW,Ligue 1,Mid
25,1868.0,0.9545454545454546,4.6,114.0,DF,Bundesliga,High
29,469.0,0.8571428571428571,43.0,,DF,Bundesliga,Mid
34,1024.0,0.7647058823529411,7.2,50.0,FW,Bundesliga,Low
27,572.0,0.6666666666666666,,,DF,Ligue 1,Low
25,2122.0,1.0,10.9,52.9,FW,La Liga,High
25,569.0,0.5,57.0,,DF,Bundesliga,Mid
27,1421.0,0.8947368421052632,3.4,99.0,DF,Serie A,High
24,1918.0,0.9166666666666666,22.4,129.6,FW,Ligue 1,High
24,559.0,0.75,,,DF,La Liga,Low
28,2285.0,0.9629629629629629,5.5,67.0,DF,Ligue 1,High
23,2092.0,1.0,10.8,47.0,FW,Premier League,High
28,1703.0,0.8260869565217391,20.4,44.09,MF,Premier League,High
26,1462.0,0.9444444444444444,6.0,0.05,DF,Premier League,Mid
24,580.0,0.75,22.0,,MF,Premier League,Mid
24,1052.0,0.8666666666666667,2.5,73.0,"MF,DF",Serie A,Mid
23,1598.0,0.6923076923076923,4.8,91.0,"FW,MF",Premier League,High
26,865.0,0.3888888888888889,25.0,0.19,MF,Premier League,Low
35,1324.0,0.7619047619047619,1.4,5.0,"MF,DF",Serie A,Low
23,1970.0,1.0,2.8,251.0,DF,Ligue 1,High
33,2288.0,1.0,3.8,14.0,DF,Premier League,Mid
21,789.0,0.8888888888888888,20.7,,DF,Ligue 1,Mid
29,1387.0,0.85,15.6,16.02,MF,Serie A,Mid
25,615.0,0.5384615384615384,86.0,,"DF,FW",Ligue 1,High
29,1129.0,0.875,5.4,17.4,MF,La Liga,Low
28,742.0,0.25,42.0,,DF,Ligue 1,Mid
24,739.0,0.75,14.0,,DF,La Liga,Mid
20,1271.0,0.7894736842105263,3.4,106.0,"DF,MF",Ligue 1,High
31,1613.0,0.782608695652174,1.2,145.0,"MF,DF",Ligue 1,High
26,1915.0,0.92,6.9,137.0,MF,La Liga,High
23,2053.0,1.0,162.0,0.07,"MF,DF",Ligue 1,High
31,765.0,0.8888888888888888,0.0,,GK,Premier League,Low
27,1156.0,0.9333333333333333,22.9,60.02,DF,La Liga,Mid
30,610.0,0.42857142857142855,25.1,,MF,Premier League,Low
24,1697.0,1.0,0.05,0.06,DF,Ligue 1,Mid
25,1749.0,0.9047619047619048,1.01,0.04,DF,Premier League,Mid
26,2340.0,1.0,0.0,0.0,GK,Serie A,Mid
26,1602.0,0.8571428571428571,4.1,21.1,MF,La Liga,Mid
20,1265.0,0.9375,35.3,62.03,DF,Ligue 1,High
33,1237.0,0.75,2.2,25.0,MF,La Liga,Low
23,2430.0,1.0,0.0,0.0,GK,Premier League,High
35,2027.0,1.0,36.099999999999994,264.0,"FW,MF",Ligue 1,High
31,1103.0,0.7777777777777778,2.5,69.0,"FW,DF",Serie A,Mid
31,585.0,0.7,54.0,,DF,Bundesliga,Mid
31,630.0,1.0,0.0,,GK,Bundesliga,Low
32,412.0,0.125,1.8,8.3,FW,Bundesliga,Low
25,1597.0,0.9,2.2,68.0,DF,Serie A,Mid
29,986.0,0.5882352941176471,8.4,13.3,FW,Serie A,Low
28,2100.0,0.96,9.4,161.0,MF,Serie A,High
26,2430.0,1.0,0.0,0.0,GK,Serie A,High
25,1758.0,0.9090909090909091,3.5,33.0,DF,La Liga,Mid
31,417.0,0.3076923076923077,4.0,,MF,Premier League,Low
28,1365.0,0.8421052631578947,88.0,0.08,MF,La Liga,High
30,1205.0,0.7368421052631579,9.5,18.1,"FW,MF",La Liga,Low
20,413.0,0.2,37.0,,MF,Bundesliga,Mid
37,719.0,0.3,18.2,,"DF,MF",Premier League,Low
26,2280.0,1.0,2.6,140.0,DF,Serie A,High
28,508.0,0.5,2.2,38.0,"MF,FW",Ligue 1,Low
30,2160.0,1.0,11.9,6.02,DF,Premier League,Mid
23,1144.0,0.6666666666666666,57.0,0.15,DF,La Liga,High
25,814.0,0.625,10.3,49.0,FW,La Liga,Mid
27,1512.0,0.9,7.8999999999999995,115.0,MF,Serie A,High
23,628.0,0.6,30.9,,DF,La Liga,Mid
19,901.0,0.5263157894736842,25.5,69.14,"MF,FW",Serie A,High
23,1991.0,0.9230769230769231,16.9,69.02,DF,Premier League,High
25,1270.0,0.65,10.3,220.0,"FW,MF",Premier League,High
28,1813.0,1.0,18.3,21.1,FW,Premier League,High
32,1131.0,0.8,0.02,0.01,DF,La Liga,Low
26,643.0,0.38461538461538464,47.0,,DF,Bundesliga,Mid
34,1545.0,0.75,3.5999999999999996,139.0,MF,Serie A,High
34,799.0,0.4117647058823529,5.4,10.0,FW,Bundesliga,Low
37,1409.0,0.6666666666666666,10.1,40.6,MF,La Liga,Low
23,499.0,1.0,5.199999999999999,33.0,FW,Ligue 1,Low
23,1386.0,0.9444444444444444,13.0,35.2,FW,Ligue 1,High
25,1431.0,0.5,12.899999999999999,84.0,FW,Ligue 1,High
27,782.0,0.5333333333333333,46.0,,"DF,MF",Bundesliga,Mid
30,613.0,0.35714285714285715,,,DF,La Liga,Low
24,1824.0,1.0,52.9,78.03,DF,La Liga,High
31,582.0,0.7777777777777778,2.7,50.0,MF,Ligue 1,Low
31,410.0,0.4444444444444444,1.1,30.0,MF,Bundesliga,Low
24,1729.0,0.6923076923076923,56.0,0.16,"MF,DF",La Liga,High
23,1296.0,0.6818181818181818,2.5,74.0,MF,La Liga,Mid
26,675.0,0.8888888888888888,,,DF,La Liga,Low
26,974.0,0.6470588235294118,24.0,34.06,DF,La Liga,Mid
27,2340.0,1.0,0.0,0.0,GK,Serie A,Mid
30,1120.0,0.5714285714285714,23.2,10.32,FW,Premier League,Low
30,1349.0,0.6153846153846154,9.2,39.0,FW,La Liga,Mid
30,845.0,0.7142857142857143,77.0,0.17,DF,La Liga,Mid
29,576.0,0.5555555555555556,24.6,,DF,Premier League,Mid
29,1350.0,1.0,51.7,76.08,DF,La Liga,High
21,531.0,0.8571428571428571,,,DF,La Liga,Mid
30,1068.0,0.8125,11.0,16.0,FW,La Liga,Low
26,1080.0,0.55,3.7,106.0,"MF,DF",La Liga,Mid
20,771.0,0.4444444444444444,12.8,,MF,La Liga,Mid
25,692.0,0.4666666666666667,13.2,,MF,Serie A,Mid
24,1172.0,0.631578947368421,9.2,148.0,"FW,MF",Serie A,High
18,949.0,0.6111111111111112,11.6,55.0,FW,Bundesliga,Mid
28,787.0,0.7692307692307693,4.8,26.0,FW,Ligue 1,Low
24,1631.0,0.8695652173913043,5.0,144.0,"MF,FW",Premier League,High
28,698.0,0.4117647058823529,4.5,55.0,FW,Ligue 1,Low
36,1656.0,0.7307692307692307,21.7,28.06,MF,Premier League,Mid
26,1590.0,0.72,22.0,29.08,MF,Ligue 1,High
25,1137.0,0.631578947368421,45.0,0.32,DF,Ligue 1,Mid
25,1710.0,1.0,0.0,0.0,GK,Bundesliga,Mid
33,1059.0,0.7777777777777778,15.5,152.0,"FW,MF",Bundesliga,Mid
24,309.0,0.5,,,DF,La Liga,Low
26,1847.0,0.875,8.7,92.0,MF,Ligue 1,High
30,1299.0,0.6818181818181818,44.7,87.17,"MF,FW",La Liga,High
25,874.0,0.7692307692307693,19.03,0.02,DF,La Liga,Low
31,775.0,0.3888888888888889,3.5,45.8,FW,Serie A,Low
30,827.0,0.7142857142857143,0.0,0.0,DF,Serie A,Low
28,1990.0,1.0,13.1,27.8,FW,La Liga,High
28,765.0,0.2692307692307692,3.4,121.0,FW,Premier League,Mid
28,511.0,0.21428571428571427,,,DF,Serie A,Low
20,1692.0,0.9130434782608695,60.1,72.08,MF,La Liga,High
20,1679.0,0.8333333333333334,11.8,150.0,"MF,FW",Bundesliga,High
28,1807.0,1.0,0.0,0.0,GK,Serie A,Mid
28,1182.0,1.0,0.0,0.0,GK,Ligue 1,Low
23,2146.0,0.9259259259259259,87.0,0.09000000000000001,"DF,MF",Premier League,High
25,1390.0,0.6666666666666666,5.6,59.7,"DF,MF",Serie A,High
23,2152.0,1.0,2.5,14.0,DF,Bundesliga,High
23,328.0,0.25,,,FW,Bundesliga,Low
23,1092.0,0.8571428571428571,1.3,22.0,DF,Bundesliga,Mid
33,927.0,0.5882352941176471,9.9,18.03,DF,La Liga,Low
23,376.0,0.5714285714285714,24.0,,"DF,MF",Bundesliga,Mid
30,846.0,0.75,0.02,0.0,DF,La Liga,Low
20,342.0,0.0625,45.0,,"MF,FW",La Liga,Mid
37,1384.0,0.6818181818181818,216.0,0.21,"DF,FW",La Liga,High
36,630.0,1.0,0.0,,GK,Premier League,Low
24,395.0,0.5714285714285714,0.7,4.0,"DF,MF",Ligue 1,Low
23,386.0,0.4444444444444444,22.9,,"DF,MF",Ligue 1,Mid
26,1070.0,0.6666666666666666,9.02,0.03,"MF,DF",Premier League,Low
26,628.0,0.24,2.2,45.0,MF,Serie A,Low
37,556.0,0.5,4.4,14.0,FW,La Liga,Low
33,1485.0,1.0,0.0,0.0,GK,Premier League,Low
23,734.0,0.9090909090909091,128.0,,"FW,MF",Premier League,High
19,414.0,0.3333333333333333,17.0,,DF,Bundesliga,Mid
37,1080.0,1.0,0.04,0.0,GK,Bundesliga,Low
26,763.0,0.5333333333333333,3.6,42.0,MF,Bundesliga,Low
26,2392.0,1.0,6.6,25.5,MF,Premier League,High
31,1545.0,0.9,14.1,75.5,"MF,FW",Ligue 1,High
22,502.0,0.5,4.2,8.0,"FW,MF",Bundesliga,Low
22,316.0,0.8333333333333334,2.1,29.0,"MF,FW",Serie A,Low
24,455.0,0.8571428571428571,,,FW,Ligue 1,Low
28,1168.0,0.6363636363636364,5.6,15.3,FW,Ligue 1,Low
20,1231.0,0.8823529411764706,1.0,4.07,DF,La Liga,Mid
26,2365.0,1.0,18.7,82.03,DF,Ligue 1,High
22,456.0,0.7142857142857143,17.1,,MF,Serie A,Low
32,910.0,0.7142857142857143,3.3,19.0,"FW,MF",Bundesliga,Low
32,478.0,0.875,21.0,,FW,Bundesliga,Low
28,645.0,0.3333333333333333,1.3,31.0,"MF,DF",La Liga,Low
24,2139.0,0.96,93.0,0.04,DF,Serie A,High
25,1208.0,0.8125,1.2000000000000002,64.0,DF,Premier League,Mid
23,1001.0,0.391304347826087,8.5,46.0,FW,Premier League,Mid
25,1418.0,0.8333333333333334,11.5,33.5,"FW,MF",Bundesliga,Mid
22,1117.0,0.5238095238095238,3.6,52.0,MF,Bundesliga,Mid
24,899.0,0.625,6.5,85.0,FW,Bundesliga,Mid
24,1572.0,0.7692307692307693,4.7,97.0,"FW,MF",Ligue 1,High
37,1277.0,0.5,3.8,30.7,MF,Ligue 1,Low
26,2520.0,1.0,0.0,0.0,GK,Ligue 1,High
24,1695.0,0.875,44.9,59.11,MF,Premier League,High
23,1347.0,0.8,20.6,64.0,FW,Premier League,High
26,2160.0,1.0,16.04,0.08,DF,La Liga,High
32,385.0,0.5,,,DF,Serie A,Low
32,980.0,1.0,2.4,0.11,DF,Serie A,Low
26,1203.0,1.0,2.6,13.0,DF,Ligue 1,Low
26,1987.0,0.9565217391304348,14.2,37.7,FW,Serie A,High
29,1384.0,0.9411764705882353,4.4,65.0,MF,Premier League,Mid
24,584.0,0.46153846153846156,0.8,16.0,MF,Premier League,Low
31,706.0,0.6,,,MF,Serie A,Low
30,2132.0,1.0,0.0,0.0,GK,La Liga,Mid
23,1119.0,0.8333333333333334,2.2,62.0,"MF,FW",La Liga,Mid
28,629.0,0.5,2.8,35.0,"FW,MF",La Liga,Low
37,900.0,1.0,0.0,0.0,GK,Serie A,Low
18,1205.0,0.48,4.7,143.0,"MF,FW",Ligue 1,High
34,715.0,0.8,,,DF,Premier League,Low
34,1304.0,0.7777777777777778,5.5,3.01,DF,Ligue 1,Low
25,1779.0,0.84,7.6,45.4,"FW,MF",Serie A,High
21,845.0,0.6923076923076923,2.03,0.06,DF,Serie A,Low
28,1222.0,0.7222222222222222,12.1,82.01,DF,La Liga,Mid
22,440.0,0.5,,,MF,Bundesliga,Low
21,1850.0,0.7777777777777778,6.6,157.0,"FW,MF",Premier League,High
28,1915.0,1.0,4.2,100.0,DF,La Liga,High
22,577.0,0.7,40.0,,DF,La Liga,Mid
25,931.0,0.42857142857142855,2.4,91.0,DF,Serie A,Mid
24,772.0,0.6666666666666666,5.1,59.0,"MF,FW",Bundesliga,Mid
22,553.0,0.8571428571428571,,,DF,Ligue 1,Mid
29,1166.0,1.0,0.0,0.0,GK,Ligue 1,Low
29,660.0,1.0,,,GK,Bundesliga,Low
27,705.0,0.16,3.2,71.0,FW,Ligue 1,Low
21,2065.0,0.9230769230769231,4.6,79.0,MF,Premier League,High
26,1530.0,1.0,0.0,0.0,GK,Serie A,Mid
23,379.0,0.35714285714285715,14.0,,MF,Ligue 1,Low
31,1895.0,0.9130434782608695,7.8999999999999995,92.0,"FW,MF",Bundesliga,High
25,505.0,0.2857142857142857,23.0,,MF,Premier League,Low
23,1693.0,0.6785714285714286,14.7,72.0,FW,Ligue 1,High
30,2141.0,1.0,5.5,20.0,DF,Bundesliga,Mid
30,1666.0,0.9047619047619048,9.0,0.05,DF,Bundesliga,Mid
27,699.0,0.3157894736842105,2.5,23.0,"FW,MF",Serie A,Low
21,1161.0,0.65,7.8,16.7,"MF,FW",La Liga,Mid
26,1533.0,0.6956521739130435,10.5,42.7,FW,Serie A,Mid
24,652.0,0.3333333333333333,59.0,,"DF,FW",Bundesliga,High
24,1903.0,0.9565217391304348,17.9,53.0,FW,Serie A,High
23,640.0,0.35294117647058826,15.0,,MF,Bundesliga,Mid
28,1808.0,1.0,38.9,69.03,DF,Bundesliga,High
21,665.0,1.0,24.7,,MF,Premier League,Mid
21,1548.0,1.0,10.4,72.3,"FW,MF",Ligue 1,High
26,479.0,0.1,37.0,,FW,Serie A,Mid
22,1129.0,0.8666666666666667,130.0,0.41000000000000003,"MF,FW",Ligue 1,High
26,870.0,0.6666666666666666,4.5,101.0,FW,Ligue 1,Mid
26,807.0,0.75,15.3,,DF,Bundesliga,Mid
29,314.0,0.5,13.3,,"FW,MF",Premier League,Low
25,600.0,0.5,4.0,18.3,"FW,MF",La Liga,Low
25,1341.0,0.8421052631578947,5.6,19.01,MF,Bundesliga,Mid
22,780.0,0.7,12.0,,DF,La Liga,Mid
30,450.0,1.0,,,GK,La Liga,Low
22,768.0,0.8,0.0,,DF,La Liga,Mid
28,408.0,0.26666666666666666,1.3,8.0,"FW,MF",La Liga,Low
24,1195.0,0.7368421052631579,3.0,8.2,MF,Bundesliga,Mid
29,1600.0,0.95,37.0,0.08,DF,La Liga,Mid
28,2002.0,0.96,9.2,30.7,"FW,MF",La Liga,High
27,2135.0,1.0,4.6,18.0,MF,Premier League,Mid
35,1617.0,1.0,4.0,0.04,DF,Ligue 1,Low
25,2291.0,0.9285714285714286,6.01,0.06,DF,Ligue 1,High
28,807.0,0.7142857142857143,1.8,62.0,DF,Premier League,Low
25,1315.0,0.9444444444444444,7.2,11.3,MF,Premier League,Mid
19,361.0,0.0625,1.3,32.0,"FW,MF",Bundesliga,Low
28,597.0,0.29411764705882354,47.0,,MF,Serie A,Mid
33,2295.0,1.0,2.6,27.5,MF,La Liga,Mid
22,2027.0,1.0,2.9000000000000004,184.0,DF,Serie A,High
29,1861.0,0.9130434782608695,5.3,44.0,MF,Premier League,Mid
28,1206.0,0.6363636363636364,5.6,74.0,"MF,FW",Serie A,Mid
29,1075.0,0.8571428571428571,0.01,0.0,DF,Serie A,Low
35,2430.0,1.0,0.0,0.0,GK,Serie A,Mid
21,988.0,0.8461538461538461,55.0,0.12,"DF,MF",Premier League,High
32,875.0,0.7857142857142857,0.7,51.0,DF,La Liga,Low
27,1711.0,0.8636363636363636,3.5,158.0,DF,Bundesliga,High
30,2098.0,1.0,0.0,0.0,GK,Bundesliga,Mid
35,710.0,0.42105263157894735,3.8,24.8,"MF,FW",Ligue 1,Low
26,1222.0,0.65,56.0,0.04,"DF,MF",Bundesliga,High
26,994.0,0.75,37.1,87.08,DF,La Liga,High
20,1629.0,0.8571428571428571,10.7,123.0,MF,La Liga,High
35,1451.0,0.52,4.3,94.0,FW,Serie A,Mid
26,1159.0,0.6818181818181818,6.199999999999999,8.0,FW,Bundesliga,Low
22,369.0,0.36363636363636365,1.3,27.0,FW,Serie A,Low
26,1840.0,1.0,8.4,54.5,MF,Serie A,High
24,557.0,0.7777777777777778,47.0,,DF,Bundesliga,Mid
31,653.0,0.6363636363636364,17.7,,"DF,MF",La Liga,Low
26,630.0,1.0,0.0,,GK,Ligue 1,Low
27,1315.0,0.9375,12.3,49.2,"FW,MF",Ligue 1,Mid
26,861.0,0.5625,16.6,25.04,MF,Serie A,Low
23,335.0,0.14285714285714285,6.2,,FW,Bundesliga,Low
27,2240.0,1.0,11.8,51.0,MF,Premier League,High
31,1545.0,0.7391304347826086,3.5,21.0,"DF,MF",Ligue 1,Low
26,1079.0,0.7777777777777778,2.4,45.0,"MF,FW",Ligue 1,Mid
32,1933.0,0.9583333333333334,7.2,166.0,"DF,MF",Serie A,High
29,382.0,0.375,37.0,,"MF,FW",Premier League,Low
29,413.0,0.7142857142857143,,,"FW,MF",La Liga,Low
25,1367.0,0.6,3.2,89.0,"MF,FW",La Liga,High
26,1607.0,0.7916666666666666,42.8,52.09,MF,La Liga,High
34,628.0,0.35714285714285715,4.5,32.0,FW,La Liga,Low
28,883.0,0.8333333333333334,19.6,53.01,DF,La Liga,Mid
22,2018.0,1.0,1.3,108.0,DF,Serie A,High
30,768.0,0.8888888888888888,0.0,,GK,Serie A,Low
34,1577.0,0.6538461538461539,6.199999999999999,115.0,"DF,MF",Premier League,High
25,1609.0,0.76,3.0,85.0,DF,Premier League,High
26,1099.0,0.4444444444444444,3.7,39.7,"MF,FW",Ligue 1,Mid
24,1144.0,0.6111111111111112,21.0,0.06999999999999999,DF,Ligue 1,Mid
25,2063.0,0.96,8.6,61.5,MF,Serie A,High
27,1258.0,0.6818181818181818,4.9,21.1,FW,Serie A,Mid
31,1783.0,0.9090909090909091,48.0,0.05,DF,La Liga,Mid
25,737.0,0.7272727272727273,18.6,,DF,Serie A,Mid
26,667.0,0.35294117647058826,27.0,,FW,Bundesliga,Mid
27,1508.0,0.6956521739130435,11.1,25.3,FW,Serie A,Mid
25,1873.0,0.92,3.5999999999999996,54.0,MF,Serie A,High
29,2430.0,1.0,1.0,0.04,GK,Premier League,Mid
25,1844.0,0.875,0.8999999999999999,96.0,DF,Bundesliga,High
24,653.0,0.5,17.0,,DF,Ligue 1,Mid
23,1637.0,0.8260869565217391,9.8,19.6,FW,Serie A,Mid
29,1710.0,1.0,35.8,1.05,DF,Premier League,Mid
20,1560.0,0.8,7.699999999999999,70.0,"MF,FW",La Liga,High
36,384.0,0.6666666666666666,4.0,,DF,La Liga,Low
21,1080.0,0.8,1.7,11.0,DF,Serie A,Mid
27,461.0,0.38461538461538464,,,"MF,FW",Serie A,Mid
32,1739.0,0.7307692307692307,3.8,85.0,"FW,MF",La Liga,Mid
22,1414.0,0.6818181818181818,87.0,0.39,"FW,MF",La Liga,High
31,1735.0,0.9545454545454546,23.1,41.01,DF,Bundesliga,High
30,1393.0,0.7619047619047619,8.7,34.0,FW,Bundesliga,Mid
23,574.0,0.46153846153846156,1.8,24.0,MF,Serie A,Low
27,1508.0,0.6923076923076923,8.9,169.0,"FW,MF",Premier League,High
29,970.0,0.5454545454545454,4.9,69.5,FW,Serie A,Mid
31,465.0,0.2857142857142857,0.9,8.0,"FW,MF",Bundesliga,Low
25,1024.0,0.32,6.5,56.0,"FW,MF",La Liga,Mid
22,1350.0,0.64,4.8,128.0,MF,Ligue 1,High
25,790.0,1.0,,,DF,Serie A,Mid
30,2271.0,1.0,0.0,0.0,GK,Premier League,Mid
22,1472.0,0.8421052631578947,5.5,8.0,DF,Ligue 1,Mid
23,331.0,0.8,2.5,51.0,DF,Premier League,Low
32,413.0,0.11764705882352941,1.7,39.0,"MF,FW",La Liga,Low
30,1159.0,0.4782608695652174,31.9,31.06,"DF,MF",La Liga,Mid
25,1718.0,1.0,3.5,144.0,DF,Serie A,High
28,353.0,0.1875,2.3,10.0,FW,Bundesliga,Low
24,1202.0,0.65,78.0,0.18,"DF,MF",La Liga,High
28,539.0,0.3125,1.5,49.0,"MF,FW",Premier League,Low
29,1505.0,0.7083333333333334,2.2,11.6,MF,Ligue 1,Low
28,1071.0,1.0,3.5,42.0,MF,Bundesliga,Low
29,2423.0,0.9629629629629629,0.0,0.0,GK,Serie A,Mid
24,1517.0,0.64,7.4,67.0,"FW,MF",La Liga,High
22,393.0,0.14285714285714285,49.0,,"MF,DF",La Liga,Mid
24,689.0,0.3888888888888889,2.0,50.0,"FW,DF",Premier League,Low
40,396.0,0.11764705882352941,45.0,,FW,Serie A,Low
23,493.0,0.3076923076923077,,,DF,Serie A,Mid
27,1938.0,0.9565217391304348,5.9,136.0,MF,Serie A,High
27,1154.0,0.5,4.5,96.0,"MF,FW",Serie A,Mid
34,671.0,0.7,4.0,,"MF,DF",Serie A,Low
25,810.0,1.0,0.0,0.0,GK,Serie A,Low
25,810.0,1.0,0.0,0.0,GK,Ligue 1,Low
31,2250.0,1.0,0.9,51.0,DF,La Liga,Mid
27,2340.0,1.0,0.01,0.0,GK,La Liga,Mid
35,1193.0,0.6666666666666666,3.9,35.6,MF,La Liga,Low
22,1185.0,0.5217391304347826,4.5,76.0,"FW,MF",La Liga,High
37,905.0,0.8333333333333334,4.1,2.05,DF,Ligue 1,Low
36,1894.0,0.9166666666666666,11.1,121.05,DF,Ligue 1,High
24,2520.0,1.0,0.0,0.0,GK,Premier League,High
32,1243.0,0.6363636363636364,3.6,110.0,MF,Ligue 1,Mid
21,1678.0,0.8333333333333334,4.2,132.0,"MF,FW",Premier League,High
21,530.0,0.35714285714285715,2.8,28.0,MF,Serie A,Low
26,1351.0,0.6,11.8,147.0,FW,La Liga,High
29,1443.0,0.7727272727272727,5.3,69.0,"MF,DF",Ligue 1,Mid
25,2126.0,0.9230769230769231,13.1,116.0,FW,Premier League,High
23,580.0,0.4666666666666667,5.4,60.0,"FW,MF",Serie A,Low
27,1401.0,0.9090909090909091,7.4,109.0,FW,Ligue 1,High
24,1385.0,0.6956521739130435,43.0,109.03,"DF,FW",Bundesliga,High
26,1551.0,0.7083333333333334,64.7,26.06,"DF,MF",Ligue 1,High
27,2430.0,1.0,0.01,0.01,GK,Premier League,Mid
35,2427.0,1.0,0.6,22.0,DF,Premier League,Mid
29,621.0,0.35294117647058826,4.0,28.0,"FW,MF",Serie A,Low
27,1610.0,0.9047619047619048,2.0,122.0,DF,Serie A,High
28,2130.0,1.0,3.5,97.0,MF,Premier League,High
30,2058.0,0.9615384615384616,5.1,91.0,"FW,DF",Premier League,High
40,990.0,1.0,0.0,0.0,GK,La Liga,Low
25,336.0,0.07142857142857142,45.0,,MF,Ligue 1,Mid
21,348.0,0.3,2.2,15.0,"MF,FW",La Liga,Low
28,664.0,0.9,1.4,15.0,DF,La Liga,Low
28,2340.0,1.0,0.0,0.0,GK,La Liga,Mid
33,1096.0,0.8125,6.2,28.9,"MF,FW",Bundesliga,Low
25,1796.0,0.9545454545454546,28.0,0.05,MF,Bundesliga,High
20,533.0,0.25,5.0,21.0,"FW,MF",Bundesliga,Low
21,529.0,0.35,21.0,,"FW,MF",La Liga,Mid
23,802.0,0.5833333333333334,39.9,,DF,Ligue 1,Mid
21,1336.0,0.7777777777777778,1.9000000000000001,95.0,MF,Serie A,High
24,2340.0,1.0,2.8,69.9,MF,Premier League,High
23,357.0,0.375,,,DF,Premier League,Low
25,751.0,0.47368421052631576,27.0,,"MF,FW",Premier League,Mid
25,1329.0,0.6818181818181818,4.5,77.0,"FW,MF",Bundesliga,Mid
30,1466.0,0.8888888888888888,94.0,0.11,DF,La Liga,High
34,2250.0,1.0,0.0,0.0,GK,Bundesliga,Mid
35,1649.0,0.8260869565217391,24.1,89.03,MF,Serie A,Mid
35,601.0,0.8571428571428571,0.0,,GK,Ligue 1,Low
30,1285.0,0.56,5.4,75.0,"FW,MF",Ligue 1,Mid
22,1619.0,0.76,5.8,149.0,"MF,FW",La Liga,High
31,947.0,0.5882352941176471,2.5999999999999996,107.0,"DF,MF",La Liga,Mid
26,1922.0,0.96,7.0,139.0,MF,La Liga,High
29,1772.0,0.8695652173913043,56.5,154.06,DF,Premier League,High
25,2098.0,1.0,87.0,0.04,DF,Premier League,High
26,1621.0,0.9130434782608695,2.7,141.0,MF,Premier League,High
30,1475.0,0.9473684210526315,7.0,0.08,DF,La Liga,Low
32,941.0,0.6,1.5,78.0,MF,Bundesliga,Low
25,1237.0,1.0,1.8,3.07,DF,Ligue 1,Low
26,2237.0,1.0,7.8,279.0,MF,Premier League,High
32,1345.0,0.85,9.9,34.5,"FW,MF",Premier League,Mid
22,1150.0,0.7894736842105263,3.2,111.0,"FW,MF",La Liga,High
24,1290.0,0.5833333333333334,7.699999999999999,56.0,MF,La Liga,Mid
34,1541.0,0.8,2.9,85.0,MF,La Liga,Mid
28,1792.0,0.9545454545454546,21.0,0.05,MF,La Liga,Mid
30,1777.0,0.7916666666666666,52.0,0.08,DF,Serie A,High
22,1575.0,0.6956521739130435,10.9,92.3,FW,La Liga,High
23,934.0,0.6666666666666666,8.09,0.06,DF,Premier League,Low
25,1103.0,0.8571428571428571,20.0,0.14,DF,Bundesliga,Mid
25,2095.0,0.96,65.6,67.02,DF,Serie A,High
28,2042.0,0.9583333333333334,1.1,5.0,DF,Serie A,Mid
24,1644.0,0.9473684210526315,81.0,0.05,DF,Premier League,High
31,1964.0,1.0,3.5,25.0,MF,La Liga,Mid
38,525.0,0.4,4.199999999999999,42.0,FW,Premier League,Low
28,2222.0,0.9259259259259259,3.0,80.0,MF,Ligue 1,High
31,1974.0,0.9583333333333334,1.1,113.0,MF,Serie A,High
26,1219.0,0.5,17.2,27.04,"MF,DF",Ligue 1,Mid
28,452.0,0.3333333333333333,,,MF,Premier League,Low
21,2512.0,1.0,3.5999999999999996,112.0,DF,Ligue 1,High
21,1038.0,0.8571428571428571,80.0,0.13,MF,Serie A,High
29,1727.0,0.95,2.3,91.0,DF,Serie A,Mid
23,929.0,0.8461538461538461,3.0,0.08,DF,Serie A,Low
22,650.0,0.42857142857142855,29.9,,"DF,MF",La Liga,Mid
30,1603.0,0.7391304347826086,2.9,11.0,DF,La Liga,Low
33,541.0,0.26666666666666666,5.5,,MF,Bundesliga,Low
28,355.0,0.8,,,DF,Serie A,Low
20,739.0,0.5,20.5,,"DF,MF",Serie A,High
31,1495.0,0.9473684210526315,49.5,131.03,DF,Serie A,High
27,1084.0,0.55,79.0,0.22999999999999998,"DF,FW",La Liga,High
26,1324.0,0.8421052631578947,4.5,75.0,MF,Ligue 1,Mid
34,560.0,0.5,,,DF,La Liga,Low
30,1260.0,1.0,0.0,0.0,GK,La Liga,Low
20,1009.0,0.7333333333333333,5.3,57.0,FW,Bundesliga,Mid
25,1037.0,0.9230769230769231,52.0,0.16,DF,Bundesliga,Mid
25,706.0,1.0,1.5,57.0,DF,Bundesliga,Low
30,1890.0,1.0,0.05,0.0,GK,Bundesliga,Mid
30,2520.0,1.0,0.0,0.0,GK,Premier League,Mid
30,1275.0,0.7777777777777778,35.0,47.02,DF,La Liga,Mid
23,333.0,0.5714285714285714,,,"DF,FW",Ligue 1,Low
26,1006.0,0.75,4.1,9.6,MF,Serie A,Low
29,628.0,0.4666666666666667,1.5,59.0,MF,Bundesliga,Low
27,1796.0,0.8,35.4,57.02,DF,Ligue 1,High
23,872.0,0.5263157894736842,32.3,90.08,"FW,DF",Serie A,High
27,597.0,0.35294117647058826,7.1,71.0,"FW,MF",Ligue 1,Low
26,867.0,0.5,3.5,112.0,FW,Premier League,Mid
24,355.0,1.0,1.4,32.0,DF,Ligue 1,Low
21,2403.0,1.0,13.8,137.6,FW,Premier League,High
26,1589.0,0.782608695652174,4.7,171.0,MF,Ligue 1,High
33,536.0,0.45454545454545453,23.5,,DF,Ligue 1,Low
30,2315.0,1.0,24.8,87.2,FW,Premier League,High
22,1249.0,0.48,4.5,56.0,"FW,MF",Ligue 1,Mid
22,2415.0,1.0,2.1,112.0,DF,Premier League,High
23,1973.0,0.9545454545454546,7.1,4.07,DF,Premier League,Mid
25,632.0,0.5384615384615384,58.0,,"MF,FW",Bundesliga,High
30,2237.0,1.0,1.5,114.0,DF,Ligue 1,High
31,316.0,0.2,51.0,,"FW,MF",La Liga,Mid
21,1049.0,0.34615384615384615,6.6,60.0,MF,Serie A,Mid
27,1949.0,0.92,13.2,46.4,FW,Ligue 1,High
28,2520.0,1.0,0.0,0.0,GK,Ligue 1,Mid
23,466.0,0.7142857142857143,,,MF,Premier League,Low
26,507.0,0.3125,43.0,,DF,Serie A,Mid
23,2077.0,0.9230769230769231,6.4,164.0,"FW,MF",La Liga,High
26,1164.0,0.6818181818181818,1.01,0.02,MF,La Liga,Low
27,1538.0,0.7727272727272727,10.4,11.1,FW,Serie A,Mid
22,1746.0,0.92,5.8,63.0,MF,La Liga,High
25,462.0,0.1875,40.7,,MF,Ligue 1,Mid
34,1892.0,0.88,11.7,31.4,FW,Ligue 1,Mid
26,688.0,0.3333333333333333,57.0,,MF,La Liga,High
26,573.0,0.46153846153846156,7.0,,DF,Premier League,Low
30,1034.0,0.6190476190476191,54.7,48.09,"MF,FW",La Liga,High
26,1775.0,0.9545454545454546,1.2999999999999998,21.0,DF,La Liga,Mid
22,1214.0,0.6,23.7,65.03,DF,La Liga,High
25,1980.0,1.0,0.0,0.0,GK,Premier League,Mid
23,923.0,0.8571428571428571,6.800000000000001,122.0,"FW,MF",Premier League,High
32,1455.0,0.8095238095238095,40.7,83.01,DF,Serie A,High
27,1489.0,0.6521739130434783,8.4,162.0,"MF,FW",Bundesliga,High
28,562.0,1.0,18.5,,MF,Ligue 1,Low
31,431.0,0.45454545454545453,7.6,,FW,Serie A,Low
28,1230.0,0.875,1.7999999999999998,23.0,MF,Ligue 1,Low
31,915.0,0.45454545454545453,4.8,85.0,FW,Serie A,Mid
30,515.0,0.75,6.1,46.0,"FW,MF",Premier League,Low
30,370.0,0.21428571428571427,46.0,,"FW,MF",Ligue 1,Low
22,1451.0,0.6071428571428571,5.9,51.0,MF,Ligue 1,High
22,412.0,0.5,8.2,,FW,Ligue 1,Low
24,716.0,0.6153846153846154,,,DF,Ligue 1,Mid
22,1617.0,0.8,4.8,49.0,FW,Serie A,High
31,1977.0,1.0,10.7,41.8,MF,Ligue 1,High
32,1583.0,1.0,26.0,0.02,DF,La Liga,Mid
20,1884.0,0.9130434782608695,77.0,0.13,DF,Bundesliga,High
19,1479.0,0.8571428571428571,2.2,29.0,DF,Serie A,High
24,926.0,0.6875,5.6,61.0,FW,Premier League,Mid
23,754.0,0.6923076923076923,,,MF,Bundesliga,Mid
31,2143.0,1.0,7.4,39.0,DF,Premier League,High
27,941.0,0.7142857142857143,9.7,76.0,FW,Bundesliga,Mid
29,703.0,0.2,49.0,,"DF,MF",Bundesliga,Mid
25,1466.0,0.8421052631578947,0.8999999999999999,93.0,MF,Bundesliga,High
25,557.0,0.8571428571428571,2.2,,DF,Bundesliga,Low
23,2184.0,1.0,3.1,190.0,DF,Bundesliga,High
30,2029.0,0.8888888888888888,4.3,72.0,"MF,FW",Premier League,High
36,2340.0,1.0,0.0,0.0,GK,Ligue 1,Mid
23,1092.0,0.5789473684210527,23.1,51.03,MF,Bundesliga,Mid
25,910.0,0.5294117647058824,4.1,59.0,MF,Bundesliga,Mid
28,1816.0,0.9565217391304348,2.7,143.0,DF,Bundesliga,High
26,1641.0,0.8260869565217391,9.5,15.02,MF,Serie A,Mid
23,1626.0,0.9523809523809523,8.8,1.02,DF,Serie A,Mid
27,2250.0,1.0,0.0,0.0,GK,Bundesliga,Mid
30,1530.0,1.0,0.01,0.0,GK,Bundesliga,Low
22,388.0,0.35714285714285715,,,"FW,MF",Serie A,Mid
31,316.0,0.42857142857142855,2.3,21.0,"FW,MF",La Liga,Low
27,633.0,0.2222222222222222,3.2,48.0,MF,Bundesliga,Low
22,1753.0,1.0,48.0,0.04,DF,Ligue 1,High
28,363.0,0.5,6.5,,FW,Bundesliga,Low
31,2520.0,1.0,0.01,0.0,GK,Ligue 1,Mid
29,1778.0,0.8076923076923077,39.6,73.01,DF,Premier League,High
25,1878.0,0.9565217391304348,2.8,7.0,DF,Premier League,Mid
27,1302.0,0.85,3.4000000000000004,48.0,MF,Serie A,Mid
26,304.0,0.14285714285714285,,,MF,La Liga,Low
31,1530.0,1.0,0.0,0.0,GK,Serie A,Low
25,1683.0,0.9166666666666666,2.9000000000000004,95.0,MF,Bundesliga,High
25,1782.0,0.9130434782608695,2.2,98.0,DF,Serie A,High
22,813.0,0.5294117647058824,4.300000000000001,88.0,DF,Premier League,Mid
30,926.0,0.35,4.1,77.0,"DF,MF",Serie A,Low
27,1841.0,0.9545454545454546,3.6999999999999997,145.0,DF,Premier League,High
31,441.0,0.8333333333333334,,,MF,Premier League,Low
27,356.0,0.5714285714285714,22.0,,FW,Serie A,Low
20,1741.0,0.9090909090909091,18.6,67.04,"DF,MF",Bundesliga,High
27,1539.0,0.72,11.3,62.0,FW,Bundesliga,High
28,1784.0,0.8,4.4,174.0,"MF,FW",Premier League,High
25,2117.0,0.92,4.4,183.0,DF,Ligue 1,High
37,1303.0,0.8947368421052632,4.9,154.0,MF,La Liga,Mid
29,1800.0,1.0,0.0,0.0,GK,La Liga,Mid
38,1812.0,0.9523809523809523,5.4,1.05,DF,Premier League,Low
32,2430.0,1.0,0.0,0.0,GK,Serie A,Mid
21,1338.0,0.625,20.0,27.2,FW,Ligue 1,High
22,918.0,0.75,2.5,59.0,DF,Bundesliga,Mid
27,1816.0,0.9166666666666666,6.9,100.9,"FW,MF",Ligue 1,High
25,1935.0,1.0,0.0,0.0,GK,La Liga,Mid
23,1294.0,0.5384615384615384,43.8,60.16,"MF,FW",Ligue 1,High
22,1390.0,0.7142857142857143,2.5,79.0,DF,Serie A,High
23,538.0,0.6153846153846154,2.0,39.0,FW,Premier League,Low
27,324.0,0.4,9.1,,"DF,MF",Bundesliga,Low
35,510.0,0.8333333333333334,0.0,,GK,Bundesliga,Low
25,869.0,0.4444444444444444,9.02,0.12,MF,Ligue 1,Low
33,1472.0,0.8095238095238095,4.8,73.0,MF,Ligue 1,Mid
27,2136.0,1.0,4.9,164.0,MF,Bundesliga,High
22,646.0,0.6153846153846154,0.8,23.0,MF,Premier League,Low
31,2430.0,1.0,0.0,0.0,GK,Serie A,Mid
26,1229.0,0.8421052631578947,4.3,42.8,DF,Bundesliga,Mid
28,1769.0,0.9523809523809523,97.0,0.05,DF,Serie A,High
34,986.0,0.6875,4.2,13.9,FW,Ligue 1,Low
33,2313.0,0.9615384615384616,1.6,43.0,DF,Serie A,Mid
31,2200.0,1.0,19.2,21.02,DF,Premier League,High
22,471.0,0.4444444444444444,,,DF,Bundesliga,Mid
31,1367.0,1.0,0.07,0.07,DF,Bundesliga,Low
27,507.0,0.5555555555555556,12.5,,DF,Ligue 1,Low
30,1554.0,0.7727272727272727,4.0,52.0,"MF,FW",La Liga,Mid
23,342.0,0.3333333333333333,25.0,,DF,La Liga,Mid
25,1878.0,0.9545454545454546,6.9,64.0,"FW,MF",Premier League,High
22,593.0,0.8571428571428571,,,DF,Bundesliga,Mid
26,843.0,0.5555555555555556,4.1,63.0,MF,Ligue 1,Mid
34,900.0,1.0,0.0,0.0,GK,Bundesliga,Low
34,900.0,1.0,0.0,0.0,GK,Bundesliga,Low
21,568.0,0.6363636363636364,23.6,,DF,Serie A,Mid
29,2340.0,1.0,0.0,0.0,GK,La Liga,Mid
32,1249.0,0.56,3.1,82.0,"FW,MF",Serie A,Mid
25,1347.0,0.8333333333333334,5.1000000000000005,115.0,DF,Bundesliga,High
21,598.0,0.6666666666666666,0.0,,DF,Serie A,Low
32,2297.0,0.9285714285714286,13.5,40.0,"FW,MF",Ligue 1,High
23,454.0,0.5555555555555556,40.6,,FW,Serie A,High
28,1999.0,0.8461538461538461,3.8,80.0,MF,Premier League,High
19,321.0,0.2727272727272727,10.3,,"MF,DF",Serie A,Low
30,1412.0,0.9411764705882353,7.0,0.04,DF,Serie A,Low
24,924.0,0.6666666666666666,0.02,0.02,MF,Premier League,Low
31,361.0,0.25,19.0,,"DF,FW",Ligue 1,Low
33,373.0,0.13333333333333333,8.4,,FW,La Liga,Low
24,630.0,1.0,6.3,,DF,Premier League,Low
23,2029.0,1.0,82.0,0.04,MF,La Liga,High
26,1955.0,0.9166666666666666,3.4000000000000004,47.0,MF,Bundesliga,High
26,522.0,0.42857142857142855,43.0,,"MF,FW",Ligue 1,Mid
22,565.0,1.0,,,DF,Ligue 1,Mid
27,2517.0,1.0,5.4,49.0,MF,Ligue 1,High
30,1212.0,0.7777777777777778,2.2,115.0,DF,Serie A,Mid
30,623.0,0.8571428571428571,0.0,,GK,Serie A,Low
24,1520.0,0.7272727272727273,4.3,117.0,MF,Bundesliga,High
29,802.0,0.5714285714285714,9.6,,"DF,MF",Bundesliga,Low
26,1210.0,0.5833333333333334,2.8,58.0,MF,Bundesliga,Mid
22,470.0,0.2727272727272727,,,DF,Bundesliga,Low
27,1315.0,0.7777777777777778,10.0,0.04,DF,Bundesliga,Low
27,328.0,0.2727272727272727,,,DF,Bundesliga,Low
29,723.0,0.8,,,DF,Premier League,Low
28,1338.0,0.8421052631578947,8.0,97.0,"FW,MF",Premier League,High
21,598.0,0.3125,1.0,20.0,MF,Bundesliga,Low
34,1280.0,0.75,7.199999999999999,73.0,"FW,MF",Bundesliga,Mid
29,1936.0,0.9166666666666666,3.4,32.1,MF,Bundesliga,Mid
27,1377.0,0.7142857142857143,43.2,42.02,DF,Serie A,High
28,1269.0,0.9333333333333333,22.9,26.04,DF,Premier League,Mid
23,1250.0,0.6818181818181818,5.699999999999999,21.0,FW,La Liga,Mid
25,1759.0,0.88,7.7,57.4,FW,Serie A,High
23,1687.0,0.9523809523809523,3.5,124.0,DF,Premier League,High
36,710.0,0.23809523809523808,10.3,5.5,FW,La Liga,Low
34,1104.0,0.8823529411764706,1.7,57.0,"DF,MF",La Liga,Low
29,371.0,0.5714285714285714,,,MF,La Liga,Low
25,611.0,0.7777777777777778,51.0,,DF,Ligue 1,Mid
27,1614.0,0.6666666666666666,41.9,184.17,FW,Serie A,High
27,1422.0,0.7619047619047619,3.0,109.0,DF,Bundesliga,High
19,357.0,0.2727272727272727,8.0,,MF,Serie A,Mid
21,520.0,0.75,65.0,,"FW,MF",Premier League,High
21,326.0,0.14285714285714285,3.3,74.0,"FW,MF",Ligue 1,Low
21,1018.0,0.45,3.5999999999999996,74.0,FW,Premier League,Mid
26,993.0,0.6666666666666666,12.0,0.13,MF,Bundesliga,Low
29,605.0,0.3333333333333333,2.2,71.0,"MF,FW",La Liga,Low
24,1283.0,0.6086956521739131,4.9,68.0,MF,Bundesliga,Mid
29,630.0,1.0,64.0,,DF,Ligue 1,Mid
29,1372.0,0.9411764705882353,158.0,0.09,DF,Ligue 1,High
32,1662.0,1.0,0.0,0.0,GK,Serie A,Low
22,1803.0,0.9130434782608695,5.0,64.2,"MF,FW",Bundesliga,High
27,1655.0,0.9090909090909091,10.0,39.0,FW,La Liga,High
30,2316.0,1.0,5.0,158.0,DF,Ligue 1,High
27,1764.0,0.8333333333333334,2.4,7.0,DF,Bundesliga,Mid
30,1425.0,0.6666666666666666,3.9,178.0,MF,Ligue 1,High
24,2520.0,1.0,1.6,12.04,DF,Ligue 1,High
29,2101.0,0.9230769230769231,56.0,0.09,MF,Serie A,High
27,813.0,0.5,42.0,0.12,"MF,DF",La Liga,Mid
24,2151.0,0.96,3.1999999999999997,140.0,DF,Bundesliga,High
30,1008.0,0.7857142857142857,3.9,103.0,MF,Ligue 1,Mid
27,430.0,0.36363636363636365,,,DF,Premier League,Low
30,2520.0,1.0,3.5999999999999996,86.0,DF,Premier League,High
37,1440.0,1.0,0.06,0.03,GK,Serie A,Low
23,1936.0,0.8333333333333334,6.0,166.0,"DF,MF",Ligue 1,High
24,1367.0,0.9411764705882353,4.7,86.0,"MF,FW",Premier League,High
20,950.0,0.5555555555555556,1.4000000000000001,48.0,DF,Ligue 1,Mid
23,1264.0,0.7142857142857143,24.6,14.07,MF,La Liga,Mid
17,319.0,0.0625,3.7,54.0,FW,Bundesliga,Low
30,996.0,0.5555555555555556,19.4,66.03,DF,La Liga,Mid
30,2340.0,1.0,0.0,0.0,GK,La Liga,Mid
35,1371.0,0.64,6.2,17.0,FW,Bundesliga,Low
20,535.0,0.3076923076923077,28.0,,"DF,MF",Serie A,Mid
33,2070.0,1.0,0.0,0.0,GK,Serie A,Mid
22,304.0,0.8,37.0,,MF,La Liga,Mid
26,1319.0,1.0,14.6,171.0,"FW,MF",Ligue 1,High
23,503.0,0.2857142857142857,,,DF,Serie A,Mid
23,450.0,0.8571428571428571,14.3,,FW,Premier League,Low
23,1107.0,0.8235294117647058,5.5,101.0,"FW,MF",Ligue 1,High
27,1768.0,0.9523809523809523,48.8,44.02,DF,Premier League,High
22,2422.0,1.0,6.5,26.0,DF,Ligue 1,High
21,684.0,0.7272727272727273,6.0,,DF,Serie A,Mid
20,558.0,0.35714285714285715,0.6,19.0,FW,Bundesliga,Low
27,572.0,0.25,15.0,,"FW,MF",Ligue 1,Mid
21,691.0,0.8,11.0,,DF,Premier League,Mid
29,937.0,0.6666666666666666,18.4,73.15,MF,Ligue 1,Mid
29,590.0,0.7,3.8,65.0,"MF,FW",Ligue 1,Low
26,622.0,0.35294117647058826,1.0,,MF,Bundesliga,Low
24,1001.0,0.5217391304347826,3.0,75.0,MF,Serie A,Mid
25,1997.0,0.9166666666666666,16.3,99.0,FW,Bundesliga,High
22,2007.0,0.8214285714285714,6.5,160.0,MF,Ligue 1,High
25,1708.0,0.8260869565217391,5.3,30.7,MF,Premier League,Mid
25,525.0,0.21052631578947367,48.0,,DF,Premier League,Mid
24,1321.0,0.7272727272727273,7.5,81.0,FW,Bundesliga,High
23,2209.0,1.0,127.0,0.03,DF,Ligue 1,High
27,639.0,0.5,,,DF,Premier League,Low
30,525.0,0.75,13.6,,"MF,FW",Ligue 1,Low
30,1353.0,0.7894736842105263,7.4,94.0,"FW,MF",Ligue 1,Mid
28,1309.0,0.8095238095238095,25.8,41.06,MF,Ligue 1,Mid
28,1859.0,0.9523809523809523,36.9,68.02,DF,Serie A,High
32,1896.0,1.0,3.3,129.0,DF,Serie A,High
20,953.0,0.631578947368421,4.6,40.0,"FW,MF",Bundesliga,Mid
24,663.0,0.2857142857142857,14.8,,DF,Premier League,Mid
33,337.0,0.6,2.0,2.0,DF,Premier League,Low
25,2012.0,0.9583333333333334,2.8,27.0,DF,Serie A,High
22,1929.0,0.875,5.4,138.0,MF,Serie A,High
27,2239.0,1.0,23.9,12.6,FW,Premier League,High
23,1000.0,0.43478260869565216,8.399999999999999,39.7,FW,La Liga,Mid
28,1687.0,0.9166666666666666,4.8,139.0,"MF,FW",La Liga,High
26,2070.0,1.0,63.0,0.11000000000000001,DF,La Liga,High
28,1902.0,0.96,25.0,0.09,MF,La Liga,High
30,2503.0,1.0,119.0,0.12,MF,Ligue 1,High
20,887.0,0.9090909090909091,36.0,0.1,DF,Ligue 1,Mid
25,2134.0,1.0,2.5999999999999996,99.0,MF,Bundesliga,High
36,390.0,0.625,,,FW,Ligue 1,Low
27,1176.0,0.36,5.8,197.0,"FW,MF",Premier League,High
21,384.0,0.5,4.2,,MF,Premier League,Low
31,323.0,0.4444444444444444,,,DF,Ligue 1,Low
31,1663.0,0.8571428571428571,2.4,155.0,DF,Ligue 1,High
32,2160.0,1.0,0.0,0.0,GK,Bundesliga,Mid
23,945.0,0.9090909090909091,0.0,0.0,GK,Premier League,Low
34,1588.0,0.875,10.8,42.9,"MF,FW",La Liga,Mid
31,557.0,0.4,56.0,,MF,La Liga,Mid
36,1469.0,0.8421052631578947,29.8,69.03,DF,Bundesliga,Mid
32,2287.0,1.0,8.4,188.0,DF,Premier League,High
28,453.0,0.6,5.1,88.0,FW,Premier League,Low
28,1315.0,1.0,6.5,107.0,"FW,MF",Premier League,High
21,1954.0,0.8571428571428571,57.2,166.03,DF,Ligue 1,High
23,588.0,0.6153846153846154,1.2,15.0,"FW,MF",Serie A,Low
26,536.0,0.42857142857142855,21.1,,DF,Premier League,Mid
25,450.0,0.7142857142857143,5.5,53.0,MF,La Liga,Low
32,419.0,0.8333333333333334,,,DF,Serie A,Low
23,2151.0,1.0,2.7,27.0,DF,Bundesliga,High
20,2001.0,1.0,6.3,159.0,DF,Serie A,High
24,439.0,0.29411764705882354,3.7,22.0,"FW,MF",Ligue 1,Low
19,951.0,0.5294117647058824,6.7,36.02,MF,Ligue 1,Mid
29,1214.0,0.9333333333333333,7.03,0.06,DF,Serie A,Low
25,2268.0,1.0,13.3,28.2,FW,La Liga,High
25,1660.0,0.7037037037037037,8.3,53.9,"MF,DF",Ligue 1,High
24,1977.0,1.0,28.3,153.03,DF,Bundesliga,High
26,1297.0,0.9375,11.06,0.01,DF,Bundesliga,Mid
28,300.0,0.5,,,DF,Ligue 1,Low
28,426.0,1.0,15.0,,DF,Bundesliga,Low
22,690.0,0.5,33.0,,"DF,MF",Bundesliga,Mid
28,1668.0,0.8260869565217391,19.0,0.08,MF,La Liga,Mid
24,1985.0,0.8846153846153846,4.800000000000001,153.0,DF,Serie A,High
23,667.0,0.2777777777777778,13.4,,"MF,DF",La Liga,Mid
24,1632.0,1.0,112.0,0.15,DF,Ligue 1,High
20,368.0,0.6666666666666666,0.4,3.4,DF,La Liga,Low
27,1756.0,1.0,11.0,0.02,DF,La Liga,Mid
24,2031.0,0.8846153846153846,8.1,179.0,"FW,MF",La Liga,High
31,1935.0,1.0,4.6,16.0,DF,Premier League,Mid
21,1431.0,0.6818181818181818,36.3,84.1,"DF,MF",Ligue 1,High
29,1479.0,0.8947368421052632,13.0,0.09,DF,Premier League,Mid
36,1283.0,0.4074074074074074,3.5,23.0,FW,Premier League,Low
24,731.0,0.5,2.5,44.0,"MF,FW",Bundesliga,Low
24,1055.0,0.7333333333333333,21.0,0.07,DF,Serie A,Mid
31,492.0,0.4166666666666667,2.7,74.0,DF,La Liga,Low
31,1262.0,0.5,4.4,36.0,MF,Serie A,Low
20,1502.0,0.72,10.8,54.3,MF,La Liga,High
19,314.0,0.8,8.0,,DF,Bundesliga,Mid
27,1521.0,0.85,1.3,6.0,DF,Bundesliga,Mid
36,905.0,0.5882352941176471,30.0,0.27999999999999997,MF,Serie A,Low
31,1718.0,0.782608695652174,2.0,165.0,DF,Premier League,High
21,2250.0,1.0,1.7,98.0,DF,Bundesliga,High
27,615.0,0.5454545454545454,54.0,,DF,Serie A,Mid
26,689.0,0.5,3.2,12.1,"FW,MF",Serie A,Low
30,608.0,0.42857142857142855,3.0,56.0,MF,Serie A,Low
34,604.0,0.6666666666666666,0.6,,DF,La Liga,Low
30,1963.0,0.75,4.9,192.0,MF,Ligue 1,High
30,1604.0,0.9523809523809523,226.0,0.08,MF,Ligue 1,High
29,677.0,0.3333333333333333,43.0,,MF,Serie A,Mid
29,1826.0,0.8,6.4,18.2,MF,La Liga,Mid
26,2160.0,1.0,0.0,0.0,GK,Serie A,Mid
24,462.0,0.5714285714285714,14.0,,DF,Ligue 1,Low
33,897.0,0.5,11.6,40.01,"FW,MF",La Liga,Low
22,1181.0,0.7222222222222222,56.0,0.06,"DF,MF",Ligue 1,High
28,961.0,0.7333333333333333,56.0,0.16,DF,La Liga,Mid
22,410.0,0.11764705882352941,3.8,39.0,"MF,FW",Premier League,Low
24,815.0,0.5,,,MF,Serie A,Mid
28,1580.0,0.8260869565217391,3.9000000000000004,87.0,MF,Serie A,High
28,708.0,0.4,2.0,66.0,"MF,FW",La Liga,Low
25,696.0,0.5333333333333333,0.0,,MF,Serie A,Low
25,630.0,1.0,0.0,,GK,La Liga,Low
28,562.0,0.2777777777777778,2.1,9.0,FW,Premier League,Low
21,634.0,0.7777777777777778,1.1,,DF,Ligue 1,Low
23,1741.0,0.8076923076923077,43.8,61.1,MF,Ligue 1,High
23,1535.0,0.9444444444444444,2.1,19.0,DF,La Liga,Mid
23,1461.0,0.9444444444444444,13.2,23.9,FW,Serie A,Mid
25,1928.0,0.9130434782608695,6.4,126.0,"MF,FW",Serie A,High
31,1550.0,1.0,0.01,0.01,DF,Bundesliga,Low
28,1180.0,0.5714285714285714,19.6,55.07,DF,Serie A,Mid
30,355.0,0.4444444444444444,3.0,38.0,"MF,FW",Ligue 1,Low
31,1310.0,0.9375,1.8,8.07,DF,Serie A,Low
27,2349.0,1.0,68.0,0.11000000000000001,MF,Serie A,High
34,468.0,0.4,2.0,11.0,"FW,MF",Premier League,Low
26,351.0,0.36363636363636365,6.3,,FW,Bundesliga,Low
32,1166.0,0.8235294117647058,59.0,0.07,DF,Premier League,Mid
25,1750.0,0.9523809523809523,2.6,149.0,DF,Premier League,High
25,739.0,0.7272727272727273,,,DF,Premier League,Mid
29,2340.0,1.0,0.0,0.0,GK,Premier League,Mid
33,1405.0,0.8333333333333334,0.01,0.01,DF,Premier League,Low
28,2520.0,1.0,9.8,22.1,MF,Premier League,High
27,2143.0,0.9615384615384616,11.3,39.9,FW,Premier League,High
23,1181.0,0.631578947368421,55.4,106.15,"DF,FW",Ligue 1,High
28,1498.0,0.85,21.0,0.18,DF,Premier League,Mid
30,554.0,1.0,15.0,,"FW,MF",Premier League,Low
27,1264.0,0.875,5.0,0.07,MF,Bundesliga,Low
28,1839.0,0.9545454545454546,5.4,135.0,"DF,FW",Bundesliga,High
27,747.0,0.4,4.8,22.0,FW,La Liga,Low
32,1258.0,0.7368421052631579,13.3,106.0,FW,Premier League,Mid
27,1304.0,0.7894736842105263,8.3,80.0,"FW,MF",Bundesliga,Mid
25,2155.0,0.9285714285714286,2.5,241.0,DF,Premier League,High
30,1282.0,0.6666666666666666,43.5,10.14,DF,Bundesliga,Mid
26,2429.0,1.0,14.0,7.06,DF,Ligue 1,High
32,343.0,0.5714285714285714,8.2,,MF,Serie A,Low
28,1855.0,0.9166666666666666,11.8,86.2,FW,La Liga,High
21,1368.0,0.56,95.0,0.22,DF,Premier League,High
20,1993.0,0.96,8.0,179.0,FW,La Liga,High
34,1459.0,0.8947368421052632,5.0,137.0,FW,Premier League,High
23,1807.0,0.88,7.8,150.0,MF,Premier League,High
31,1239.0,0.7894736842105263,11.5,21.6,FW,Premier League,Low
26,453.0,0.2222222222222222,46.0,,FW,Premier League,Mid
21,1139.0,0.8888888888888888,5.5,76.0,"FW,MF",Bundesliga,High
24,694.0,0.5333333333333333,20.0,,FW,Bundesliga,Mid
27,839.0,0.9,14.06,0.04,MF,Serie A,Low
19,521.0,0.5555555555555556,16.5,,"FW,MF",Bundesliga,Mid
26,1178.0,0.4444444444444444,6.1,39.0,FW,Premier League,Mid
34,1404.0,0.6818181818181818,11.0,0.08,"DF,MF",La Liga,Low
25,790.0,0.9,10.0,,DF,Premier League,Mid
23,345.0,0.23076923076923078,2.7,41.0,FW,Bundesliga,Low
27,1141.0,0.6666666666666666,2.9,104.0,DF,Bundesliga,Mid
23,611.0,0.2,3.0,32.0,"MF,FW",Bundesliga,Low
31,446.0,0.2222222222222222,2.1,5.0,FW,Premier League,Low
31,372.0,0.7142857142857143,8.0,,FW,Premier League,Low
21,861.0,0.9090909090909091,6.02,0.14,DF,Ligue 1,Low
26,1611.0,0.7619047619047619,1.6,5.0,DF,Premier League,Mid
28,552.0,0.75,,,MF,Ligue 1,Low
30,2294.0,0.9642857142857143,6.8999999999999995,197.0,MF,Premier League,High
31,967.0,0.6470588235294118,11.0,0.11,DF,La Liga,Low
25,1494.0,0.8095238095238095,13.4,23.13,MF,Premier League,Mid
17,587.0,0.6666666666666666,,,DF,Ligue 1,Mid
34,2238.0,1.0,8.0,0.02,DF,Bundesliga,Mid
37,1278.0,0.7368421052631579,1.2,45.0,DF,Premier League,Low
35,1907.0,0.9130434782608695,114.0,0.08,DF,Ligue 1,High
27,1892.0,0.9583333333333334,11.5,76.2,FW,Serie A,High
23,660.0,0.7777777777777778,,,DF,Bundesliga,Mid
30,2021.0,1.0,9.3,71.2,"FW,MF",Premier League,High
17,524.0,0.25,23.3,,"MF,DF",Ligue 1,Mid
26,338.0,0.6666666666666666,,,MF,Premier League,Low
23,850.0,0.6,4.7,41.0,"MF,FW",Bundesliga,Mid
30,639.0,0.7,20.0,,DF,La Liga,Low
21,1444.0,0.7391304347826086,1.8,108.0,DF,Serie A,High
27,2100.0,1.0,5.3,166.0,MF,Serie A,High
24,746.0,0.6,92.0,,"MF,FW",Serie A,High
23,890.0,0.9230769230769231,6.699999999999999,103.0,"MF,FW",Serie A,Mid
22,611.0,0.45454545454545453,1.4,35.0,DF,Serie A,Low
31,838.0,0.5882352941176471,3.3,52.0,FW,Serie A,Low
30,554.0,0.7,1.6,55.0,"DF,MF",Serie A,Low
24,617.0,0.21052631578947367,30.0,,MF,La Liga,Mid
27,919.0,1.0,56.0,0.13,DF,Ligue 1,Mid
27,354.0,0.5,1.3,24.0,"DF,MF",Ligue 1,Low
23,1454.0,0.8947368421052632,41.2,48.02,DF,Premier League,High
28,902.0,0.5789473684210527,89.0,0.4,"FW,MF",Ligue 1,High
28,1710.0,1.0,0.0,0.0,GK,Bundesliga,Mid
23,742.0,0.5,4.9,86.0,"FW,DF",Ligue 1,Mid
28,1715.0,0.7777777777777778,8.2,126.0,MF,Serie A,High
22,406.0,0.4444444444444444,,,DF,Serie A,Low
26,1654.0,0.9523809523809523,2.5999999999999996,245.0,DF,Premier League,High
21,532.0,0.36363636363636365,2.9,15.0,FW,Serie A,Low
30,572.0,0.46153846153846156,15.0,,"FW,MF",Premier League,Low
31,1275.0,0.8947368421052632,4.7,26.0,FW,Bundesliga,Low
23,450.0,1.0,33.0,,DF,Serie A,Mid
28,1386.0,0.9411764705882353,22.3,1.06,DF,Premier League,Mid
25,1707.0,0.9047619047619048,1.0,97.0,DF,La Liga,High
24,2141.0,0.96,1.6,164.0,MF,La Liga,High
24,2306.0,1.0,14.8,272.0,MF,Premier League,High
32,762.0,0.4444444444444444,1.9,47.0,FW,Serie A,Low
31,1630.0,0.875,5.5,93.0,"MF,FW",Serie A,High
