player_name,nation,position,squad,compition,age_years,born_year,match_played,starts,min,goal,assist,expected_goal,expected_assisted_goal,non-penalty_expected_goal,progressive_carries,progressive_passes,progressive_passes_receive,age_scaled,value_score,value_tier
Brenden Aaronson,USA,"MF,FW",Leeds United,Premier League,22,2000,26,23,1948.0,1.0,2.0,2.9,3.7,2.9,36.0,72.0,120.0,1.135154963810445,4.679835400158392,High
Yunis Abdelhamid,MAR,DF,Reims,Ligue 1,35,1987,28,28,2520.0,1.0,1.0,1.8,0.4,1.8,20.0,147.0,5.0,-1.962184694866302,4.03069142127269,High
Himad Abdelli,FRA,"MF,FW",Angers,Ligue 1,23,1999,20,14,1261.0,0.9,1.0,34.0,74.0,84.0,0.06,0.2,0.06,0.8968980669891568,5.682508239137919,High
Salis Abdul Samed,GHA,MF,Lens,Ligue 1,23,2000,26,26,2336.0,1.0,1.0,0.8,1.5,0.8,28.0,140.0,37.0,0.8968980669891568,6.475779951506506,High
Laurent Abergel,FRA,MF,Lorient,Ligue 1,30,1993,20,19,1551.0,0.4,1.0,8.0,1.4,1.1,0.02,10.0,0.06,-0.7709002107598608,-1.25069215785902,Mid
Matthis Abline,FRA,FW,Auxerre,Ligue 1,20,2003,10,7,600.0,2.0,1.0,2.8,1.3,2.0,11.0,1.7,7.0,1.6116687574530215,-2.2747935561601564,Low
Abner,BRA,DF,Betis,La Liga,22,2000,7,5,366.0,1.1,2.0,4.0,16.0,11.0,,,,1.135154963810445,-1.323149520018158,Mid
Zakaria Aboukhlal,MAR,"FW,MF",Toulouse,Ligue 1,23,2000,28,23,1995.0,6.0,5.0,7.6,2.8,7.6,72.0,57.0,209.0,0.8968980669891568,6.159182711590176,High
Tammy Abraham,ENG,FW,Roma,Serie A,25,1997,27,20,1743.0,6.0,3.0,9.5,2.9,9.5,27.0,39.0,100.0,0.4203842733465803,2.55369891696304,High
Francesco Acerbi,ITA,DF,Inter,Serie A,35,1988,20,17,1605.0,0.6,1.0,23.0,1.2,0.6,0.03,17.0,0.06,-1.962184694866302,-1.0969502850927295,Mid
Marcos Acuña,ARG,DF,Sevilla,La Liga,31,1991,21,15,1328.0,2.0,1.0,0.9,0.9,1.0,31.0,3.3,81.0,-1.0091571075811492,-1.8464049521151744,Low
Che Adams,SCO,FW,Southampton,Premier League,26,1996,25,22,1873.0,5.0,3.0,5.9,2.8,5.9,14.0,30.0,96.0,0.18212737652529207,1.6603607636465665,High
Tyler Adams,USA,MF,Leeds United,Premier League,24,1999,24,24,2156.0,0.1,6.0,19.0,136.0,1.5,0.0,0.06,0.06,0.6586411701678685,10.584478445836922,High
Sargis Adamyan,ARM,"FW,MF",Köln,Bundesliga,29,1993,22,4,633.0,1.0,2.0,3.4,0.8,3.4,11.0,23.0,57.0,-0.5326433139385727,-4.230797739275122,Low
Tosin Adarabioyo,ENG,DF,Fulham,Premier League,25,1997,15,13,1185.0,1.0,1.0,0.2,40.0,0.2,7.0,0.08,0.08,0.4203842733465803,0.15369775944162029,Mid
Karim Adeyemi,GER,"FW,MF",Dortmund,Bundesliga,21,2002,16,12,799.0,3.0,2.0,2.5,2.0,2.5,21.0,27.0,79.0,1.3734118606317332,-0.40928911531209344,Mid
Amine Adli,FRA,"FW,MF",Leverkusen,Bundesliga,22,2000,17,9,923.0,2.0,2.0,2.4,2.4,1.0,31.0,3.6,34.0,1.135154963810445,-0.9625198497482355,Mid
Michel Aebischer,SUI,"FW,MF",Bologna,Serie A,26,1997,23,11,1011.0,1.0,1.0,1.1,1.6,0.5,10.0,60.0,0.09,0.18212737652529207,-1.2305993475370818,Mid
Felix Afena-Gyan,GHA,"FW,MF",Cremonese,Serie A,20,2003,16,5,605.0,1.3,2.0,18.0,44.0,6.0,,,,1.6116687574530215,2.4826920990590597,High
Emmanuel Agbadou,CIV,DF,Reims,Ligue 1,25,1997,21,19,1705.0,1.5,2.0,11.0,1.6,1.5,0.08,64.0,5.0,0.4203842733465803,1.8064530423147933,High
Julen Agirrezabala,ESP,GK,Athletic Club,La Liga,22,2000,5,4,405.0,,,0.0,0.0,0.0,0.0,,0.0,1.135154963810445,-3.5270378244147595,Low
Lucien Agoume,FRA,MF,Troyes,Ligue 1,21,2002,9,8,646.0,0.5,1.0,5.0,1.5,1.0,,5.0,,1.3734118606317332,-1.6856337934791472,Mid
Álvaro Aguado,ESP,MF,Valladolid,La Liga,26,1996,24,13,1298.0,1.0,2.0,0.6,1.5,0.6,19.0,94.0,30.0,0.18212737652529207,0.7070450093310879,Mid
Kevin Agudelo,COL,"MF,FW",Spezia,Serie A,24,1998,26,21,1788.0,1.2,1.0,61.0,3.2,2.1,0.06,80.0,0.05,0.6586411701678685,7.514390196359109,High
Nayef Aguerd,MAR,DF,West Ham,Premier League,26,1996,10,9,875.0,1.2,3.0,1.0,4.0,15.0,0.12,0.13,0.12,0.18212737652529207,-3.5123289462903764,Low
Ruben Aguilar,FRA,DF,Monaco,Ligue 1,29,1993,16,10,868.0,0.2,2.0,19.0,51.0,67.0,0.02,0.11,0.02,-0.5326433139385727,0.3191236280053842,Mid
Naouirou Ahamada,FRA,MF,Stuttgart,Bundesliga,20,2002,17,17,1398.0,2.0,2.0,0.8,0.8,1.0,43.0,2.1,56.0,1.6116687574530215,1.664560792546233,High
Jean-Eudes Aholou,CIV,MF,Strasbourg,Ligue 1,29,1994,22,13,1064.0,3.0,1.0,1.0,1.0,1.0,22.0,1.9,32.0,-0.5326433139385727,-2.507280901886074,Low
Joseph Aidoo,GHA,DF,Celta Vigo,La Liga,27,1995,26,26,2323.0,2.0,2.0,0.8,70.0,0.9,10.0,0.08,0.08,-0.05612952029599616,5.307122367833315,High
Ola Aina,NGA,DF,Torino,Serie A,26,1996,16,9,807.0,1.0,1.0,0.7,2.0,0.7,33.0,39.0,41.0,0.18212737652529207,-1.3274577684946982,Mid
Rayan Aït Nouri,ALG,DF,Wolves,Premier League,21,2001,20,9,1031.0,1.0,1.0,0.7,1.7,1.0,30.0,76.0,0.09,1.3734118606317332,0.9858056617187991,Mid
Emanuel Aiwum,AUT,DF,Cremonese,Serie A,22,2000,18,14,1299.0,0.2,3.0,18.0,7.0,40.0,0.01,0.04,0.01,1.135154963810445,0.5523848751426342,Mid
Kristoffer Ajer,NOR,DF,Brentford,Premier League,24,1998,9,9,763.0,10.0,0.1,0.0,,0.0,,,,0.6586411701678685,-1.4414329171797928,Mid
Ludovic Ajorque,FRA,FW,Strasbourg,Ligue 1,29,1994,13,9,771.0,1.0,1.0,3.4,0.9,2.6,2.0,13.0,55.0,-0.5326433139385727,-3.961630612545531,Low
Ludovic Ajorque,FRA,FW,Mainz 05,Bundesliga,29,1994,9,8,647.0,2.0,1.0,1.8,1.3,1.8,3.0,15.0,50.0,-0.5326433139385727,-4.331919388788538,Low
Manuel Akanji,SUI,DF,Manchester City,Premier League,27,1995,20,17,1631.0,1.2,1.0,20.0,1.4,0.3,0.06,10.0,0.06,-0.05612952029599616,0.4192560586434859,Mid
Nathan Aké,NED,DF,Manchester City,Premier League,28,1995,21,17,1513.0,1.0,2.0,21.0,27.0,113.0,0.06,0.1,0.06,-0.2943864171172844,1.3492703557441978,High
Sergio Akieme,ESP,DF,Almería,La Liga,25,1997,25,25,2115.0,1.0,1.0,1.5,3.4,1.9,58.0,81.0,0.04,0.4203842733465803,5.58737296840756,High
Maghnes Akliouche,FRA,"MF,FW",Monaco,Ligue 1,21,2002,7,4,307.0,0.2,3.0,5.0,26.0,12.0,,,,1.3734118606317332,-0.6370788344825165,Mid
Jean-Daniel Akpa-Akpro,CIV,MF,Empoli,Serie A,30,1992,16,11,922.0,0.3,8.0,14.0,31.0,1.0,0.03,0.06,0.1,-0.7709002107598608,-1.3330035218678769,Mid
Kevin Akpoguma,NGA,DF,Hoffenheim,Bundesliga,27,1995,21,14,1381.0,0.6,8.0,15.0,23.0,70.0,0.04,0.08,0.04,-0.05612952029599616,0.17029314812312574,Mid
David Alaba,AUT,DF,Real Madrid,La Liga,30,1992,19,17,1545.0,1.0,3.0,0.7,1.1,0.7,14.0,60.0,58.0,-0.7709002107598608,-0.36245083517538823,Mid
Jordi Alba,ESP,DF,Barcelona,La Liga,34,1989,16,10,999.0,1.0,3.0,0.6,0.6,1.0,31.0,5.8,113.0,-1.7239277980450138,-3.775766286762148,Low
Luis Alberto,ESP,MF,Lazio,Serie A,30,1992,24,16,1473.0,5.0,3.0,3.5,2.0,2.0,46.0,3.3,5.1,-0.7709002107598608,-0.2491046827472292,Mid
Raúl Albiol,ESP,DF,Villarreal,La Liga,37,1985,23,23,2014.0,0.1,6.0,12.0,0.01,2.0,0.0,0.0,0.0,-2.4386984885088787,-1.5673630449419302,Mid
Thiago Alcántara,ESP,MF,Liverpool,Premier League,31,1991,14,14,1154.0,0.4,2.0,12.0,22.0,107.0,0.03,0.12,0.03,-1.0091571075811492,-1.489451418926286,Mid
Carlos Alcaraz,ARG,MF,Southampton,Premier League,20,2002,8,4,327.0,2.0,2.0,0.6,0.7,0.1,9.0,14.0,,1.6116687574530215,-3.163516680230893,Low
Rubén Alcaraz,ESP,MF,Cádiz,La Liga,31,1991,20,14,1259.0,2.0,2.0,1.7,1.0,8.0,17.0,1.0,1.9,-1.0091571075811492,-2.709519893358978,Low
Omar Alderete,PAR,DF,Getafe,La Liga,26,1996,13,12,1080.0,0.2,1.0,16.0,1.0,0.7,0.02,6.0,0.08,0.18212737652529207,-1.4279843578981992,Mid
Iván Alejo,ESP,"MF,FW",Cádiz,La Liga,28,1995,20,8,828.0,0.7,1.0,30.0,1.2,0.7,0.08,7.0,57.0,-0.2943864171172844,-1.5515036938165272,Mid
Carles Aleñá,ESP,MF,Getafe,La Liga,25,1998,24,20,1583.0,2.0,2.0,1.7,1.7,1.0,19.0,2.5,72.0,0.4203842733465803,0.24904181603964576,Mid
Trent Alexander-Arnold,ENG,DF,Liverpool,Premier League,24,1998,26,23,1933.0,1.0,2.0,1.7,6.2,1.7,29.0,160.0,113.0,0.6586411701678685,6.056212795405111,High
Ángel Algobia,ESP,MF,Getafe,La Liga,23,1999,19,11,1005.0,0.2,3.0,8.0,10.0,39.0,0.02,0.03,0.02,0.8968980669891568,-1.32008083723411,Mid
Mohamed Ali Cho,FRA,FW,Real Sociedad,La Liga,19,2004,11,3,360.0,1.0,2.0,21.0,2.5,1.5,,42.0,,1.8499256542743097,0.05983280732577412,Mid
Alisson,BRA,GK,Liverpool,Premier League,30,1992,26,26,2340.0,0.0,1.0,0.0,0.04,1.0,0.0,0.04,0.01,-0.7709002107598608,-0.043808105030301636,Mid
Jim Allevinah,GAB,"DF,FW",Clermont Foot,Ligue 1,28,1995,26,18,1658.0,1.0,1.0,2.1,3.4,1.4,66.0,112.0,0.05,-0.2943864171172844,4.33267586810486,High
Domingos André Ribeiro Almeida,POR,MF,Valencia,La Liga,22,2000,23,18,1594.0,2.0,3.0,0.7,2.2,0.7,45.0,118.0,47.0,1.135154963810445,4.653309558824486,High
Miguel Almirón,PAR,FW,Newcastle Utd,Premier League,29,1994,25,24,1978.0,11.0,1.0,6.1,1.6,6.1,62.0,106.0,206.0,-0.5326433139385727,5.379057480908896,High
Marcos Alonso,ESP,DF,Barcelona,La Liga,32,1990,15,6,682.0,1.0,1.0,0.8,1.1,0.3,18.0,3.0,,-1.2474140044024373,-4.982254225520327,Low
Mickaël Alphonse,GLP,DF,Ajaccio,Ligue 1,33,1989,21,11,1115.0,0.5,1.0,27.0,30.0,40.0,0.04,0.08,0.04,-1.4856709012237255,-0.5995195267059837,Mid
Gastón Álvarez,URU,DF,Getafe,La Liga,23,2000,14,9,902.0,2.0,2.0,0.4,0.2,0.4,5.0,27.0,16.0,0.8968980669891568,-2.1530014289017987,Low
Julián Álvarez,ARG,"FW,MF",Manchester City,Premier League,23,2000,20,6,749.0,5.0,5.0,3.6,22.0,4.8,22.0,,,0.8968980669891568,-0.2962703958020553,Mid
Agustín Álvarez Martínez,URU,"FW,MF",Sassuolo,Serie A,21,2001,18,1,312.0,1.0,1.0,1.3,0.3,1.3,2.0,6.0,16.0,1.3734118606317332,-4.312729508426295,Low
Yeray Álvarez,ESP,DF,Athletic Club,La Liga,28,1995,21,21,1805.0,1.0,1.0,0.4,0.4,1.0,25.0,1.3,121.0,-0.2943864171172844,0.0843759349889871,Mid
Ibrahim Amadou,FRA,"DF,MF",Angers,Ligue 1,29,1993,7,4,424.0,0.1,2.0,,5.0,5.0,,,,-0.5326433139385727,-3.388598508332273,Low
Daniel Amartey,GHA,DF,Leicester City,Premier League,28,1994,19,17,1520.0,1.0,1.0,21.0,5.0,65.0,0.06,0.09,0.06,-0.2943864171172844,0.05964474440130141,Mid
Amath,SEN,"MF,FW",Mallorca,La Liga,26,1996,18,3,589.0,1.0,1.0,1.3,2.1,0.8,13.0,33.0,,0.18212737652529207,-3.5056958189796306,Low
Kelvin Amian,FRA,DF,Spezia,Serie A,25,1998,20,16,1499.0,1.2,1.0,24.0,2.5,1.4,0.07,48.0,0.06,0.4203842733465803,1.9031367151110823,High
Bruno Amione,ARG,DF,Sampdoria,Serie A,21,2002,16,16,1330.0,0.5,1.0,7.0,1.1,0.6,0.03,8.0,0.07,1.3734118606317332,-0.04139224391240126,Mid
Nadiem Amiri,GER,"MF,FW",Leverkusen,Bundesliga,26,1996,19,6,721.0,3.0,1.0,0.8,0.8,0.8,22.0,39.0,26.0,0.18212737652529207,-2.44269385319714,Low
Ethan Ampadu,WAL,"DF,MF",Spezia,Serie A,22,2000,21,21,1810.0,0.9,1.0,18.0,1.9,0.9,0.05,9.0,0.05,1.135154963810445,2.278176420910162,High
Sofyan Amrabat,MAR,MF,Fiorentina,Serie A,26,1996,24,20,1657.0,0.4,9.0,33.0,21.0,147.0,0.02,0.05,0.02,0.18212737652529207,3.2156162179397225,High
Joachim Andersen,DEN,DF,Crystal Palace,Premier League,26,1996,22,22,1927.0,1.0,1.0,1.4,2.2,0.8,5.0,6.0,0.05,0.18212737652529207,0.3063490705806321,Mid
Felipe Anderson,BRA,FW,Lazio,Serie A,29,1993,27,25,2105.0,6.0,2.0,4.8,4.0,4.8,60.0,83.0,167.0,-0.5326433139385727,5.09472695346553,High
Benjamin André,FRA,MF,Lille,Ligue 1,32,1990,25,25,2206.0,1.0,1.0,1.2,1.7,1.2,30.0,234.0,35.0,-1.2474140044024373,6.422361443154945,High
Komnen Andric,SRB,FW,Clermont Foot,Ligue 1,27,1995,28,16,1378.0,4.0,3.0,5.4,3.0,2.0,8.0,0.9,4.7,-0.05612952029599616,-1.2386802076323618,Mid
Robert Andrich,GER,MF,Leverkusen,Bundesliga,28,1994,23,22,1866.0,2.0,2.0,1.3,1.1,1.3,10.0,85.0,5.0,-0.2943864171172844,1.8178753059249533,High
Angeliño,ESP,DF,Hoffenheim,Bundesliga,26,1997,24,21,1891.0,0.9,5.0,18.0,5.8,5.0,0.04,100.0,0.24,0.18212737652529207,3.9189022391673127,High
Fabrizio Angileri,ARG,DF,Getafe,La Liga,29,1994,10,7,543.0,0.1,2.0,4.0,11.0,15.0,,,,-0.5326433139385727,-2.719569316869108,Low
Jaidon Anthony,ENG,"MF,FW",Bournemouth,Premier League,23,1999,22,9,1004.0,3.0,3.0,2.0,2.7,0.6,23.0,60.0,0.27,0.8968980669891568,-0.06649958445870918,Mid
Waldemar Anton,GER,DF,Stuttgart,Bundesliga,26,1996,25,25,2171.0,1.0,1.0,1.4,2.2,0.8,44.0,46.0,0.04,0.18212737652529207,3.869064266768889,High
Marcos Antônio,BRA,MF,Lazio,Serie A,22,2000,11,3,311.0,,1.0,0.0,0.0,0.0,0.0,,,1.135154963810445,-3.8196147098985893,Low
Michail Antonio,JAM,FW,West Ham,Premier League,33,1990,23,12,1129.0,3.0,2.0,3.4,1.1,3.4,25.0,19.0,76.0,-1.4856709012237255,-2.7106748227744055,Low
Antony,BRA,"FW,MF",Manchester Utd,Premier League,23,2000,14,13,1071.0,3.0,3.0,2.8,3.5,0.6,56.0,90.0,0.25,0.8968980669891568,2.9460085694172515,High
Christopher Antwi-Adjei,GHA,"FW,MF",Bochum,Bundesliga,29,1994,20,13,1216.0,2.0,6.0,2.0,5.2,3.2,39.0,150.0,0.44,-0.5326433139385727,2.482749765261461,High
Houssem Aouar,FRA,MF,Lyon,Ligue 1,24,1998,11,6,445.0,1.0,1.0,1.1,0.2,1.1,12.0,32.0,29.0,0.6586411701678685,-3.053432421614204,Low
Dennis Appiah,FRA,"DF,MF",Nantes,Ligue 1,30,1992,15,9,795.0,0.4,1.0,15.0,51.0,39.0,,,,-0.7709002107598608,1.1037612743450582,High
Mauro Arambarri,URU,MF,Getafe,La Liga,27,1995,10,10,826.0,0.2,1.0,8.0,1.5,0.2,0.02,30.0,7.0,-0.05612952029599616,-2.4737872002319072,Low
Charles Aránguiz,CHI,MF,Leverkusen,Bundesliga,33,1989,10,4,493.0,1.0,1.0,0.3,0.5,0.2,3.0,7.0,,-1.4856709012237255,-6.470188637249364,Low
Ronald Araújo,URU,DF,Barcelona,La Liga,24,1999,14,13,1121.0,1.3,1.0,21.0,0.4,1.3,0.11,45.0,8.0,0.6586411701678685,0.6353889233214256,Mid
Alphonse Areola,FRA,GK,West Ham,Premier League,30,1993,5,2,309.0,,,0.0,0.0,0.0,0.0,,0.0,-0.7709002107598608,-5.866744454331833,Low
Joe Aribo,NGA,"MF,FW",Southampton,Premier League,26,1996,19,11,1094.0,2.0,2.0,1.4,2.2,0.8,17.0,58.0,0.16,0.18212737652529207,-0.762825243335701,Mid
Adam Armstrong,ENG,FW,Southampton,Premier League,26,1997,24,12,1111.0,1.0,1.0,1.6,0.7,1.6,37.0,15.0,59.0,0.18212737652529207,-0.8150099635692919,Mid
Stuart Armstrong,SCO,"MF,FW",Southampton,Premier League,30,1992,23,10,1003.0,1.0,1.0,1.6,3.3,1.7,42.0,58.0,0.09,-0.7709002107598608,-0.7873034268027561,Mid
Marko Arnautovic,AUT,FW,Bologna,Serie A,33,1989,16,14,1231.0,8.0,8.0,5.7,3.3,5.0,11.0,5.0,28.0,-1.4856709012237255,-2.904264541938594,Low
Maximilian Arnold,GER,MF,Wolfsburg,Bundesliga,28,1994,24,24,2088.0,5.0,2.0,4.0,5.0,4.0,14.0,3.3,4.1,-0.2943864171172844,1.1154767560547247,High
Kepa Arrizabalaga,ESP,GK,Chelsea,Premier League,28,1994,19,19,1665.0,0.0,1.0,0.0,0.0,0.0,0.0,0.0,0.0,-0.2943864171172844,-1.6466730990176046,Mid
Tolgay Arslan,GER,MF,Udinese,Serie A,32,1990,26,11,928.0,1.0,1.0,1.6,2.7,1.1,35.0,32.0,0.1,-1.2474140044024373,-2.2394228754844607,Low
Arthur,BRA,FW,Fiorentina,Serie A,24,1998,22,9,928.0,6.0,1.0,5.4,2.0,1.0,8.0,0.7,5.2,0.6586411701678685,-2.2934544630468436,Low
Santiago Arzamendia,PAR,"DF,MF",Cádiz,La Liga,24,1998,9,4,389.0,0.2,0.2,7.0,,17.0,,,,0.6586411701678685,-2.1062028646848265,Low
Takuma Asano,JPN,"FW,MF",Bochum,Bundesliga,28,1994,16,13,1005.0,1.0,2.0,2.6,1.0,2.6,17.0,19.0,69.0,-0.2943864171172844,-2.027380349393426,Low
Santiago Ascacíbar,ARG,MF,Cremonese,Serie A,26,1997,13,7,727.0,0.4,1.0,1.0,6.0,41.0,,,,0.18212737652529207,-2.2717513523986907,Low
Sergio Asenjo,ESP,GK,Valladolid,La Liga,33,1989,9,9,810.0,0.0,0.0,0.0,0.0,0.0,0.0,0.0,0.0,-1.4856709012237255,-5.623751472443048,Low
Marco Asensio,ESP,"FW,MF",Real Madrid,La Liga,27,1996,20,7,701.0,5.0,3.0,4.2,3.4,1.0,22.0,5.6,31.0,-0.05612952029599616,-2.930050077344327,Low
Kristoffer Askildsen,NOR,MF,Lecce,Serie A,22,2001,18,6,622.0,0.4,3.0,9.0,16.0,21.0,,,,1.135154963810445,-0.30663602711731275,Mid
Iago Aspas,ESP,FW,Celta Vigo,La Liga,35,1987,26,24,2194.0,12.0,3.0,9.3,4.0,3.0,64.0,4.5,11.5,-1.962184694866302,2.3428113692380474,High
Youcef Atal,ALG,"DF,MF",Nice,Ligue 1,26,1996,13,7,637.0,1.0,1.0,0.9,2.0,1.2,30.0,45.0,,0.18212737652529207,-1.853579489333945,Low
Pierre-Emerick Aubameyang,GAB,FW,Chelsea,Premier League,33,1989,12,4,441.0,1.0,1.0,0.7,1.0,0.3,7.0,22.0,,-1.4856709012237255,-5.940808858131064,Low
Emil Audero,ITA,GK,Sampdoria,Serie A,26,1997,25,25,2250.0,0.0,1.0,0.0,0.0,0.0,0.0,0.0,0.0,0.18212737652529207,0.619884057832723,Mid
Tommaso Augello,ITA,DF,Sampdoria,Serie A,28,1994,26,24,2074.0,2.0,2.0,0.5,1.8,0.5,59.0,82.0,98.0,-0.2943864171172844,4.551082153479581,High
Serge Aurier,CIV,DF,Nott'ham Forest,Premier League,30,1992,18,16,1430.0,1.0,1.0,0.7,1.7,1.0,33.0,42.0,0.06,-0.7709002107598608,-0.23430038008677678,Mid
Mathias Autret,FRA,"MF,FW",Auxerre,Ligue 1,32,1991,20,16,1259.0,2.0,2.0,2.3,1.5,1.0,19.0,3.5,72.0,-1.2474140044024373,-2.4358916735231966,Low
Ezequiel Ávila,ARG,"FW,MF",Osasuna,La Liga,29,1994,23,20,1465.0,7.0,2.0,6.0,7.0,3.0,19.0,3.7,1.6,-0.5326433139385727,-0.16233587055609355,Mid
Cédric Avinel,GLP,DF,Ajaccio,Ligue 1,36,1986,18,16,1462.0,1.0,1.0,1.0,1.0,1.0,3.0,0.06,0.06,-2.20044159168759,-4.01238725152904,Low
Taiwo Awoniyi,NGA,FW,Nott'ham Forest,Premier League,25,1997,16,9,730.0,4.0,4.0,4.5,7.0,5.5,11.0,,,0.4203842733465803,-1.6938791283693004,Low
Mehmet Aydin,GER,"DF,FW",Schalke 04,Bundesliga,21,2002,14,3,482.0,0.2,0.2,8.0,,19.0,,,,1.3734118606317332,-1.2846319774062815,Mid
Jordan Ayew,GHA,"FW,MF",Crystal Palace,Premier League,31,1991,28,22,1877.0,1.0,1.0,1.4,1.7,1.4,52.0,43.0,112.0,-1.0091571075811492,2.039712020130895,High
Kaan Ayhan,TUR,DF,Sassuolo,Serie A,28,1994,10,5,545.0,8.0,1.0,0.0,0.0,0.0,,,,-0.2943864171172844,-3.7697635486841246,Low
Luke Ayling,ENG,DF,Leeds United,Premier League,31,1991,20,13,1244.0,1.0,1.0,1.9,1.5,1.9,16.0,49.0,52.0,-1.0091571075811492,-1.6930931535556382,Low
Sardar Azmoun,IRN,"FW,MF",Leverkusen,Bundesliga,28,1995,14,5,557.0,2.0,1.0,2.4,2.1,2.4,5.0,25.0,38.0,-0.2943864171172844,-4.217343763726424,Low
César Azpilicueta,ESP,DF,Chelsea,Premier League,33,1989,19,11,1106.0,0.3,3.0,17.0,60.0,59.0,0.03,0.11,0.03,-1.4856709012237255,0.24558539977366745,Mid
Iddrisu Baba,GHA,MF,Mallorca,La Liga,27,1996,19,14,1141.0,0.4,4.0,3.0,6.0,35.0,0.03,0.05,0.03,-0.05612952029599616,-2.32855155668807,Low
Srdan Babic,SRB,DF,Almería,La Liga,26,1996,23,22,2025.0,1.0,1.0,0.9,1.1,0.2,17.0,4.0,0.04,0.18212737652529207,0.851725046732026,Mid
Loïc Bade,FRA,DF,Sevilla,La Liga,22,2000,8,7,628.0,0.1,2.0,5.0,2.0,27.0,,,,1.135154963810445,-1.352553504425514,Mid
Édgar Badía,ESP,GK,Elche,La Liga,31,1992,26,26,2340.0,0.0,2.0,0.0,0.0,0.0,0.0,0.0,0.0,-1.0091571075811492,-0.2854105979907964,Mid
Benoît Badiashile,FRA,DF,Chelsea,Premier League,22,2001,8,7,635.0,0.8,1.0,9.0,1.0,43.0,,,,1.135154963810445,-1.034429698253162,Mid
Benoît Badiashile,FRA,DF,Monaco,Ligue 1,22,2001,11,9,839.0,2.0,2.0,0.6,1.0,0.4,3.0,0.21,0.21,1.135154963810445,-2.7000888481332748,Low
Alex Baena,ESP,"MF,FW",Villarreal,La Liga,21,2001,23,12,1294.0,4.0,1.0,2.1,2.1,1.0,35.0,6.0,73.0,1.3734118606317332,0.49493563774590754,Mid
Leon Bailey,JAM,"FW,MF",Aston Villa,Premier League,25,1997,26,21,1609.0,4.0,3.0,4.8,3.3,4.8,69.0,26.0,151.0,0.4203842733465803,3.649329825778308,High
Eric Bailly,CIV,DF,Marseille,Ligue 1,28,1994,11,4,433.0,0.2,1.0,3.0,,3.0,,,,-0.2943864171172844,-3.352501455384169,Low
Stefan Bajcetic,ESP,MF,Liverpool,Premier League,18,2004,11,6,526.0,1.0,1.0,0.8,1.2,0.4,10.0,1.0,,2.088182551095598,-2.309168471635475,Low
Nedim Bajrami,ALB,"MF,FW",Empoli,Serie A,24,1999,19,8,940.0,1.0,1.0,1.2,1.2,1.2,22.0,29.0,47.0,0.6586411701678685,-1.514828130663528,Mid
Nedim Bajrami,ALB,FW,Sassuolo,Serie A,24,1999,7,2,317.0,1.0,1.0,1.3,16.0,1.9,7.0,,,0.6586411701678685,-3.041853160787567,Low
Mitchel Bakker,NED,"DF,MF",Leverkusen,Bundesliga,22,2000,20,13,1155.0,3.0,2.0,1.4,1.4,1.0,20.0,3.1,45.0,1.135154963810445,-0.6906204002654135,Mid
Ridle Baku,GER,"DF,FW",Wolfsburg,Bundesliga,24,1998,25,22,2016.0,5.0,1.0,2.5,2.9,2.5,41.0,105.0,113.0,0.6586411701678685,5.128967755858462,High
Tommaso Baldanzi,ITA,MF,Empoli,Serie A,20,2003,18,16,1158.0,4.0,4.0,1.4,2.3,0.9,39.0,59.0,0.31,1.6116687574530215,2.4883468737949936,High
Alejandro Balde,ESP,DF,Barcelona,La Liga,19,2003,23,20,1660.0,0.4,5.0,60.0,4.0,3.5,0.02,144.0,0.27,1.8499256542743097,9.879663348499475,High
Thierno Balde,FRA,DF,Troyes,Ligue 1,20,2002,23,19,1627.0,0.3,1.0,46.0,85.0,49.0,0.02,0.06,0.02,1.6116687574530215,9.43129606131483,High
Leonardo Balerdi,ARG,DF,Marseille,Ligue 1,24,1999,27,24,2063.0,0.5,1.0,11.0,0.1,0.5,0.02,71.0,13.0,0.6586411701678685,3.4032937385775393,High
Iván Balliu,ALB,DF,Rayo Vallecano,La Liga,31,1992,25,25,2181.0,0.3,5.0,53.0,101.0,95.0,0.01,0.11,0.01,-1.0091571075811492,10.136376042806507,High
Folarin Balogun,ENG,FW,Reims,Ligue 1,21,2001,27,24,2119.0,17.0,1.0,18.5,3.0,5.0,41.0,2.3,16.7,1.3734118606317332,5.240801444546036,High
Abdoulaye Bamba,CIV,DF,Angers,Ligue 1,32,1990,11,5,648.0,6.0,2.0,0.0,,11.0,,,,-1.2474140044024373,-4.08799015132615,Low
Jonathan Bamba,FRA,FW,Lille,Ligue 1,27,1996,24,22,1976.0,5.0,5.0,5.8,4.8,5.8,84.0,113.0,240.0,-0.05612952029599616,6.906974739531318,High
Patrick Bamford,ENG,FW,Leeds United,Premier League,29,1993,19,11,956.0,2.0,2.0,5.6,4.8,1.0,10.0,5.7,18.0,-0.5326433139385727,-2.7660439699625483,Low
Lameck Banda,ZAM,"FW,MF",Lecce,Serie A,22,2001,26,13,1180.0,1.0,1.0,1.8,1.0,1.8,54.0,19.0,112.0,1.135154963810445,1.2938232299798973,High
Filippo Bandinelli,ITA,MF,Empoli,Serie A,27,1995,26,21,1739.0,2.0,2.0,1.4,3.7,2.3,30.0,75.0,0.1,-0.05612952029599616,2.5333050373909822,High
Léo Baptistão,BRA,"FW,MF",Almería,La Liga,30,1992,21,17,1244.0,3.0,1.0,3.4,1.0,3.4,27.0,38.0,58.0,-0.7709002107598608,-0.5672591038742884,Mid
Shandon Baptiste,GRN,MF,Brentford,Premier League,24,1998,14,4,454.0,0.2,3.0,8.0,33.0,0.9,,,,0.6586411701678685,-0.4215534624709303,Mid
Antonín Barák,CZE,MF,Fiorentina,Serie A,28,1994,22,15,1318.0,2.0,2.0,1.9,3.3,1.4,32.0,76.0,0.14,-0.2943864171172844,0.9122733916274876,Mid
Andrea Barberis,ITA,MF,Monza,Serie A,29,1993,7,3,316.0,0.1,1.0,3.0,13.0,0.4,,,,-0.5326433139385727,-3.617676783119801,Low
Bradley Barcola,FRA,"FW,MF",Lyon,Ligue 1,20,2002,18,8,777.0,3.0,3.0,2.2,1.9,2.2,30.0,23.0,89.0,1.6116687574530215,-0.4819314695528134,Mid
Melvin Bard,FRA,DF,Nice,Ligue 1,22,2000,23,19,1723.0,0.4,5.0,32.0,82.0,57.0,0.02,0.05,0.02,1.135154963810445,7.655179819379893,High
Keidi Bare,ALB,MF,Espanyol,La Liga,25,1997,11,3,330.0,0.5,0.5,4.0,,6.0,,,,0.4203842733465803,-2.853696370950133,Low
Nicolò Barella,ITA,MF,Inter,Serie A,26,1997,26,24,2010.0,5.0,6.0,2.6,4.9,2.6,62.0,155.0,138.0,0.18212737652529207,7.22252687747066,High
Kike Barja,ESP,"FW,MF",Osasuna,La Liga,25,1997,16,7,639.0,1.0,2.0,0.3,1.6,0.3,39.0,21.0,103.0,0.4203842733465803,-1.8708991742670191,Low
Ross Barkley,ENG,"MF,FW",Nice,Ligue 1,29,1993,19,7,701.0,3.0,2.0,3.4,1.2,3.4,18.0,28.0,36.0,-0.5326433139385727,-3.242083970059977,Low
Aymen Barkok,MAR,MF,Mainz 05,Bundesliga,24,1998,16,2,399.0,0.4,1.0,11.0,0.8,0.3,,23.0,,0.6586411701678685,-2.685502003643717,Low
Harvey Barnes,ENG,"MF,FW",Leicester City,Premier League,25,1997,25,24,2036.0,9.0,1.0,7.4,2.1,7.4,73.0,55.0,209.0,0.4203842733465803,5.824587053269753,High
Leandro Barreiro Martins,LUX,MF,Mainz 05,Bundesliga,23,2000,23,17,1499.0,2.0,3.0,1.9,2.0,1.9,12.0,40.0,36.0,0.8968980669891568,0.8117509612687115,Mid
Ander Barrenetxea,ESP,"DF,FW",Real Sociedad,La Liga,21,2001,11,5,411.0,2.0,2.0,1.2,12.0,1.2,7.0,,,1.3734118606317332,-2.004615424344184,Low
Mickaël Barreto,FRA,MF,Ajaccio,Ligue 1,32,1991,12,7,715.0,0.4,1.0,14.0,1.8,1.4,,34.0,,-1.2474140044024373,-2.7792608058140917,Low
Pablo Barrios,ESP,MF,Atlético Madrid,La Liga,19,2003,10,5,439.0,0.3,1.0,11.0,0.9,0.6,,17.0,,1.8499256542743097,-1.1561369676458684,Mid
Musa Barrow,GAM,"FW,MF",Bologna,Serie A,24,1998,21,15,1198.0,2.0,2.0,2.0,2.8,2.0,32.0,28.0,79.0,0.6586411701678685,0.470895497940522,Mid
Federico Baschirotto,ITA,DF,Lecce,Serie A,26,1996,26,26,2340.0,3.0,3.0,1.5,1.8,0.3,8.0,9.0,0.12,0.18212737652529207,1.732542918066181,High
Toma Baic,CRO,MF,Lazio,Serie A,26,1996,18,4,422.0,0.5,2.0,11.0,20.0,15.0,,,,0.18212737652529207,-1.4451855344470848,Mid
Gil Bastião Dias,POR,FW,Stuttgart,Bundesliga,26,1996,7,6,398.0,1.0,1.0,0.5,14.0,1.2,16.0,,,0.18212737652529207,-2.617437459291427,Low
Alessandro Bastoni,ITA,DF,Inter,Serie A,23,1999,21,19,1627.0,1.0,2.0,36.0,2.7,1.7,0.06,36.0,0.11,0.8968980669891568,3.8182459313642414,High
Simone Bastoni,ITA,"MF,DF",Spezia,Serie A,26,1996,13,12,946.0,2.0,2.0,1.1,0.9,1.1,12.0,24.0,55.0,0.18212737652529207,-2.0329003450946717,Low
Rodrigo Battaglia,ARG,MF,Mallorca,La Liga,31,1991,15,8,686.0,0.2,5.0,3.0,,3.0,,,,-1.0091571075811492,-3.0995166128406444,Low
Maximilian Bauer,GER,DF,Augsburg,Bundesliga,23,2000,19,14,1233.0,1.6,6.0,8.0,2.0,25.0,0.12,0.14,0.12,0.8968980669891568,-0.9971055987780465,Mid
Oliver Baumann,GER,GK,Hoffenheim,Bundesliga,32,1990,25,25,2250.0,0.0,1.0,0.0,0.0,0.0,0.0,0.0,0.0,-1.2474140044024373,-0.8096573230950064,Mid
Timo Baumgartl,GER,DF,Union Berlin,Bundesliga,27,1996,7,6,517.0,0.2,1.0,3.0,2.0,22.0,,,,-0.05612952029599616,-3.047274183431737,Low
Julian Baumgartlinger,AUT,MF,Augsburg,Bundesliga,35,1988,12,3,463.0,0.3,0.3,1.0,,,,,,-1.962184694866302,-5.291542161700949,Low
Christoph Baumgartner,AUT,"MF,FW",Hoffenheim,Bundesliga,23,1999,24,24,1910.0,5.0,3.0,5.5,3.9,5.5,59.0,80.0,113.0,0.8968980669891568,6.004620200037696,High
Cyrille Bayala,BFA,MF,Ajaccio,Ligue 1,26,1996,27,21,1642.0,1.0,1.0,1.9,1.9,1.0,40.0,3.8,58.0,0.18212737652529207,1.259295469412374,High
Gavin Bazunu,IRL,GK,Southampton,Premier League,21,2002,28,28,2520.0,0.0,0.1,0.0,0.0,0.0,0.0,0.0,0.0,1.3734118606317332,2.66913802678793,High
Ihlas Bebou,TOG,FW,Hoffenheim,Bundesliga,28,1994,10,8,636.0,3.0,3.0,2.1,8.0,2.4,11.0,,,-0.2943864171172844,-2.8615317073380857,Low
Rodrigo Becão,BRA,DF,Udinese,Serie A,27,1996,21,21,1862.0,2.0,1.0,1.2,0.6,1.2,7.0,73.0,38.0,-0.05612952029599616,1.4430195766022411,High
Sheraldo Becker,SUR,FW,Union Berlin,Bundesliga,28,1995,25,24,1797.0,7.0,4.0,3.1,3.1,3.1,62.0,26.0,148.0,-0.2943864171172844,3.1730336756114697,High
Jan Bednarek,POL,DF,Southampton,Premier League,26,1996,10,10,822.0,0.4,1.0,1.0,2.0,18.0,0.04,0.05,0.04,0.18212737652529207,-3.5856765175467014,Low
Kevin Behrens,GER,FW,Union Berlin,Bundesliga,32,1991,25,9,949.0,5.0,1.0,2.0,0.7,2.0,6.0,40.0,52.0,-1.2474140044024373,-3.6801434199862006,Low
Alexis Beka Beka,FRA,"MF,DF",Nice,Ligue 1,21,2001,10,5,384.0,0.1,1.0,11.0,,18.0,,,,1.3734118606317332,-0.8961563218354318,Mid
Jérémie Bela,ANG,"DF,MF",Clermont Foot,Ligue 1,29,1993,16,7,693.0,1.0,1.0,0.5,0.8,0.2,21.0,48.0,,-0.5326433139385727,-2.9179671747334384,Low
Youcef Belaïli,ALG,"MF,FW",Ajaccio,Ligue 1,31,1992,16,14,1089.0,6.0,3.0,6.1,2.0,6.0,31.0,3.5,5.3,-1.0091571075811492,-1.8323684991263867,Low
Youcef Belaïli,ALG,"FW,MF",Brest,Ligue 1,31,1992,6,4,356.0,0.6,2.0,16.0,1.4,0.8,,31.0,,-1.0091571075811492,-3.4598471516512923,Low
Haris Belkebla,ALG,MF,Brest,Ligue 1,29,1994,28,20,1813.0,1.0,1.0,0.4,1.0,0.6,14.0,27.0,0.05,-0.5326433139385727,-0.11161583579053092,Mid
Stefan Bell,GER,DF,Mainz 05,Bundesliga,31,1991,21,17,1590.0,0.7,1.0,9.0,1.1,0.5,0.04,7.0,0.06,-1.0091571075811492,-1.6992117217501868,Low
Armel Bella Kotchap,GER,DF,Southampton,Premier League,21,2001,19,19,1482.0,0.8,1.0,6.0,1.3,0.5,0.05,2.0,0.06,1.3734118606317332,0.3965132524401854,Mid
Jean-Ricner Bellegarde,FRA,MF,Strasbourg,Ligue 1,24,1998,20,19,1622.0,1.0,5.0,1.5,3.7,1.5,68.0,111.0,74.0,0.6586411701678685,5.3932019466348775,High
Jude Bellingham,ENG,MF,Dortmund,Bundesliga,19,2003,24,23,2075.0,4.0,4.0,4.9,3.3,4.9,70.0,199.0,103.0,1.8499256542743097,10.416119594101781,High
Andrea Belotti,ITA,FW,Roma,Serie A,29,1993,22,4,614.0,2.3,1.0,13.0,50.0,5.0,,,,-0.5326433139385727,0.11305213364731292,Mid
Fran Beltrán,ESP,MF,Celta Vigo,La Liga,24,1999,26,24,2099.0,0.7,1.0,21.0,1.9,1.3,0.03,20.0,0.04,0.6586411701678685,3.2338958211465485,High
Eliesse Ben Seghir,FRA,"FW,MF",Monaco,Ligue 1,18,2005,10,9,681.0,3.0,1.0,1.6,0.9,1.6,24.0,37.0,64.0,2.088182551095598,-0.06849430287687497,Mid
Wissam Ben Yedder,FRA,FW,Monaco,Ligue 1,32,1990,24,20,1468.0,17.0,4.0,13.5,2.0,5.0,39.0,2.7,12.2,-1.2474140044024373,0.3996896448062446,Mid
Marco Benassi,ITA,MF,Cremonese,Serie A,28,1994,9,7,664.0,0.7,1.0,9.0,24.0,20.0,,,,-0.2943864171172844,-1.0561748537456683,Mid
Ismaël Bennacer,ALG,MF,Milan,Serie A,25,1997,22,19,1625.0,1.0,2.0,0.5,3.0,0.5,24.0,115.0,35.0,0.4203842733465803,3.1312682284899642,High
Saïd Benrahma,ALG,"FW,MF",West Ham,Premier League,27,1995,24,15,1429.0,4.0,3.0,5.1,2.8,3.0,71.0,5.8,51.0,-0.05612952029599616,1.6431480194147068,High
Ramy Bensebaini,ALG,DF,M'Gladbach,Bundesliga,27,1995,21,21,1874.0,5.0,5.0,3.9,1.0,5.0,32.0,1.5,4.6,-0.05612952029599616,1.113852141146661,High
Nabil Bentaleb,ALG,MF,Angers,Ligue 1,28,1994,23,22,1905.0,3.0,3.0,1.8,4.0,1.0,28.0,1.0,1.6,-0.2943864171172844,0.856304445674282,Mid
Rodrigo Bentancur,URU,MF,Tottenham,Premier League,25,1997,18,17,1500.0,5.0,2.0,2.2,0.8,2.2,26.0,76.0,19.0,0.4203842733465803,1.81003147238621,High
Karim Benzema,FRA,FW,Real Madrid,La Liga,35,1987,16,16,1393.0,11.0,3.0,13.5,1.0,6.0,46.0,3.8,12.3,-1.962184694866302,-0.7046870424014298,Mid
Domenico Berardi,ITA,FW,Sassuolo,Serie A,28,1994,17,14,1174.0,6.0,5.0,7.2,5.0,5.0,28.0,3.2,6.4,-0.2943864171172844,-0.8429457580566893,Mid
Yuri Berchiche,ESP,DF,Athletic Club,La Liga,33,1990,17,15,1326.0,1.0,1.0,0.8,0.8,1.0,32.0,1.6,90.0,-1.4856709012237255,-2.337617676782167,Low
Álex Berenguer,ESP,FW,Athletic Club,La Liga,27,1995,25,19,1633.0,3.0,1.0,3.4,6.4,3.0,41.0,174.0,0.06,-0.05612952029599616,5.350427932842988,High
Bartosz Bereszynski,POL,DF,Sampdoria,Serie A,30,1992,15,15,1198.0,0.1,1.0,20.0,40.0,44.0,0.01,0.02,0.01,-0.7709002107598608,0.7515235355482603,Mid
Mitchell van Bergen,NED,"FW,DF",Reims,Ligue 1,23,1999,23,5,761.0,1.8,1.0,42.0,4.2,2.5,,64.0,,0.8968980669891568,2.6024898007628083,High
Mergim Berisha,GER,FW,Augsburg,Bundesliga,24,1998,19,18,1508.0,8.0,4.0,7.7,9.0,4.0,18.0,4.5,2.7,0.6586411701678685,1.0721884326262041,High
Quentin Bernard,FRA,DF,Auxerre,Ligue 1,33,1989,7,7,630.0,4.0,1.0,0.0,14.0,27.0,,,,-1.4856709012237255,-3.717660512998429,Low
Paul Bernardoni,FRA,GK,Angers,Ligue 1,25,1997,20,20,1800.0,0.0,0.0,0.0,0.0,0.0,0.0,0.0,0.0,0.4203842733465803,-0.5718081867605989,Mid
Juan Bernat,ESP,DF,Paris S-G,Ligue 1,30,1993,21,12,1139.0,1.0,3.0,0.9,2.3,0.9,18.0,22.0,96.0,-0.7709002107598608,-2.380734259811203,Low
Victor Bernth Kristiansen,DEN,DF,Leicester City,Premier League,20,2002,4,4,350.0,0.1,0.1,12.0,,8.0,,,,1.6116687574530215,-0.7602382943283033,Mid
Beto,GNB,FW,Udinese,Serie A,25,1998,27,19,1709.0,9.0,1.0,8.3,2.0,8.3,20.0,10.0,103.0,0.4203842733465803,1.1690670921747388,High
Matteo Bianchetti,ITA,DF,Cremonese,Serie A,30,1993,20,18,1693.0,1.0,1.0,0.7,1.0,0.3,6.0,3.0,0.05,-0.7709002107598608,-1.7463156645387146,Low
Pedro Bigas,ESP,DF,Elche,La Liga,32,1990,20,17,1443.0,0.8,3.0,14.0,0.05,58.0,0.05,0.05,0.0,-1.2474140044024373,-1.9543465257783734,Low
Jaka Bijol,SVN,DF,Udinese,Serie A,24,1999,22,22,1833.0,3.0,1.0,1.8,0.9,1.8,2.0,43.0,5.0,0.6586411701678685,1.35861144956705,High
El Bilal Touré,MLI,FW,Almería,La Liga,21,2001,19,14,1169.0,6.0,2.0,6.1,7.4,1.3,18.0,49.0,0.15,1.3734118606317332,1.5272727729681619,High
Philip Billing,DEN,"MF,FW",Bournemouth,Premier League,26,1996,26,24,1951.0,6.0,1.0,2.8,2.1,2.8,27.0,54.0,65.0,0.18212737652529207,2.9168078626518597,High
Cristiano Biraghi,ITA,DF,Fiorentina,Serie A,30,1992,25,23,1982.0,1.0,2.0,1.5,4.4,0.7,49.0,124.0,90.0,-0.7709002107598608,4.606643682847345,High
Samuele Birindelli,ITA,DF,Monza,Serie A,23,1999,22,13,1087.0,1.1,1.0,45.0,2.9,1.8,0.09,96.0,0.08,0.8968980669891568,4.408845860991179,High
Veljko Birmancevic,SRB,"FW,MF",Toulouse,Ligue 1,25,1998,19,1,325.0,0.4,0.4,14.0,,38.0,,,,0.4203842733465803,-2.223170693415783,Low
Yves Bissouma,MLI,MF,Tottenham,Premier League,26,1996,20,8,814.0,0.2,5.0,10.0,7.0,45.0,0.02,0.08,0.02,0.18212737652529207,-2.75603345983063,Low
Kristijan Bistrovic,CRO,MF,Lecce,Serie A,24,1998,11,5,461.0,0.3,0.3,4.0,,8.0,,,,0.6586411701678685,-2.124151268274128,Low
Leonardo Bittencourt,GER,"MF,DF",Werder Bremen,Bundesliga,29,1993,16,14,1017.0,2.0,1.0,0.7,1.2,0.7,27.0,34.0,61.0,-0.5326433139385727,-1.4492321264096204,Mid
Marco Bizot,NED,GK,Brest,Ligue 1,32,1991,27,27,2430.0,0.0,4.0,0.0,0.0,0.0,0.0,0.0,0.0,-1.2474140044024373,-0.23767766652916245,Mid
Rubén Blanco,ESP,GK,Marseille,Ligue 1,27,1995,4,4,360.0,,,0.0,0.0,0.0,0.0,,0.0,-0.05612952029599616,-4.7924267020314195,Low
Ludovic Blas,FRA,"FW,MF",Nantes,Ligue 1,25,1997,27,22,2050.0,6.0,2.0,7.3,2.0,4.0,83.0,3.6,8.0,0.4203842733465803,4.750467741666832,High
Janis Blaswich,GER,GK,RB Leipzig,Bundesliga,31,1991,18,18,1620.0,0.0,1.0,0.0,0.0,0.0,0.0,0.0,0.0,-1.0091571075811492,-2.5733292242541723,Low
Miha Blaic,SVN,DF,Angers,Ligue 1,29,1993,21,20,1772.0,2.0,2.0,1.5,1.5,0.1,0.1,0.1,0.1,-0.5326433139385727,-1.3381164830129944,Mid
Alexis Blin,FRA,"MF,DF",Lecce,Serie A,26,1996,25,17,1608.0,1.0,1.0,1.1,1.5,0.4,12.0,22.0,0.06,0.18212737652529207,-0.2673733199533579,Mid
Jérôme Boateng,GER,DF,Lyon,Ligue 1,34,1988,6,4,315.0,,0.2,0.0,,,0.0,,,-1.7239277980450138,-6.0691451115709185,Low
Jean-Paul Boëtius,NED,MF,Hertha BSC,Bundesliga,29,1994,18,8,851.0,0.5,2.0,3.0,23.0,47.0,0.06,0.13,0.06,-0.5326433139385727,-3.1007462004044704,Low
Jeremie Boga,CIV,"MF,FW",Atalanta,Serie A,26,1997,17,5,585.0,1.0,5.0,0.9,3.1,2.2,47.0,60.0,,0.18212737652529207,-1.0117711813791166,Mid
Emil Bohinen,NOR,MF,Salernitana,Serie A,24,1999,13,6,492.0,0.1,0.1,6.0,,7.0,,,,0.6586411701678685,-1.7524562173925138,Low
Willy Boly,CIV,DF,Nott'ham Forest,Premier League,32,1991,8,8,592.0,1.0,1.0,0.0,10.0,0.2,,,,-1.2474140044024373,-3.640728324536962,Low
Giacomo Bonaventura,ITA,MF,Fiorentina,Serie A,33,1989,23,18,1556.0,3.0,3.0,3.4,5.2,1.8,49.0,74.0,0.17,-1.4856709012237255,1.4970866895762882,High
Federico Bonazzoli,ITA,"FW,MF",Salernitana,Serie A,25,1997,22,12,1075.0,2.0,1.0,2.3,1.1,2.3,11.0,42.0,67.0,0.4203842733465803,-1.064840910587191,Mid
Theo Bongonda,COD,"MF,FW",Cádiz,La Liga,27,1995,19,15,1159.0,2.0,2.0,2.8,3.4,0.7,32.0,66.0,0.16,-0.05612952029599616,0.731819655441001,Mid
Kevin Bonifazi,ITA,DF,Bologna,Serie A,26,1996,7,4,416.0,0.2,1.0,3.0,,,,,,0.18212737652529207,-2.903982654845453,Low
Leonardo Bonucci,ITA,DF,Juventus,Serie A,35,1987,13,7,692.0,1.0,1.0,0.9,0.2,0.1,2.0,24.0,1.0,-1.962184694866302,-5.79721637849948,Low
Neto Borges,BRA,DF,Clermont Foot,Ligue 1,26,1996,25,25,2161.0,2.0,2.0,2.8,2.1,2.8,44.0,73.0,125.0,0.18212737652529207,4.636397054551857,High
Sebastiaan Bornauw,BEL,DF,Wolfsburg,Bundesliga,24,1999,19,16,1343.0,0.2,6.0,3.0,5.0,46.0,0.02,0.02,0.02,0.6586411701678685,-1.065892945082811,Mid
Rafael Borré,COL,"FW,MF",Eint Frankfurt,Bundesliga,27,1995,24,6,696.0,2.0,2.0,2.4,2.0,1.0,15.0,1.4,3.0,-0.05612952029599616,-3.7435594928131017,Low
Erik Botheim,NOR,FW,Salernitana,Serie A,23,2000,18,3,355.0,1.0,1.0,0.4,1.3,0.4,7.0,11.0,35.0,0.8968980669891568,-4.116917651675179,Low
Sven Botman,NED,DF,Newcastle Utd,Premier League,23,2000,24,23,2047.0,1.1,1.0,6.0,3.0,61.0,0.05,0.09,0.05,0.8968980669891568,1.4552603951865795,High
Badredine Bouanani,ALG,"FW,MF",Nice,Ligue 1,18,2004,9,3,331.0,0.5,3.0,14.0,8.0,2.0,,,,2.088182551095598,-0.2620565966328199,Mid
Hicham Boudaoui,ALG,MF,Nice,Ligue 1,23,1999,18,14,1192.0,0.5,1.0,24.0,1.6,1.0,0.04,36.0,0.08,0.8968980669891568,1.249860679035283,High
Sofiane Boufal,MAR,"FW,MF",Angers,Ligue 1,29,1993,13,9,834.0,4.0,3.0,3.6,3.0,2.0,47.0,2.1,2.9,-0.5326433139385727,-1.9434171757290586,Low
Yassine Bounou,MAR,GK,Sevilla,La Liga,31,1991,24,24,2061.0,0.0,2.0,0.0,0.0,0.0,0.0,0.0,0.0,-1.0091571075811492,-1.020419920279122,Mid
Mehdi Bourabia,MAR,MF,Spezia,Serie A,31,1991,27,26,2088.0,1.1,2.0,26.0,4.2,3.2,0.05,24.0,0.09,-1.0091571075811492,2.5156472065165207,High
Benjamin Bourigeaud,FRA,"MF,FW",Rennes,Ligue 1,29,1994,27,27,2198.0,3.0,6.0,4.2,4.0,1.0,28.0,3.4,7.8,-0.5326433139385727,2.067710419330648,High
Edoardo Bove,ITA,MF,Roma,Serie A,20,2002,13,3,332.0,0.4,2.0,3.0,4.0,7.0,,,,1.6116687574530215,-1.9792060719053444,Low
Jarrod Bowen,ENG,"FW,MF",West Ham,Premier League,26,1996,26,26,2330.0,4.0,2.0,6.9,2.0,2.0,73.0,4.7,10.5,0.18212737652529207,5.061672982091556,High
Lucas Boyé,ARG,FW,Elche,La Liga,27,1996,24,20,1692.0,3.0,2.0,5.0,1.0,5.0,45.0,1.8,6.1,-0.05612952029599616,1.3733718579843845,High
Domagoj Bradaric,CRO,DF,Salernitana,Serie A,23,1999,22,16,1535.0,0.2,2.0,47.0,2.3,2.2,0.01,88.0,0.12,0.8968980669891568,5.507637452900649,High
Bilal Brahimi,ALG,"FW,MF",Nice,Ligue 1,23,2000,19,3,548.0,3.0,2.0,0.8,2.3,1.5,31.0,65.0,,0.8968980669891568,-1.2924298441324544,Mid
Martin Braithwaite,DEN,"FW,MF",Espanyol,La Liga,31,1991,21,21,1724.0,8.0,1.0,6.3,6.3,1.0,20.0,7.4,34.0,-1.0091571075811492,0.047473211133457704,Mid
Juan Brandáriz,ESP,DF,Almería,La Liga,24,1999,15,10,1017.0,1.0,1.0,0.4,24.0,0.4,11.0,0.09,0.09,0.6586411701678685,-1.044371518627118,Mid
Julian Brandt,GER,"MF,FW",Dortmund,Bundesliga,26,1996,23,20,1757.0,8.0,4.0,3.6,6.4,3.6,45.0,81.0,158.0,0.18212737652529207,3.8509891388886417,High
Darko Braanac,SRB,MF,Osasuna,La Liga,31,1992,24,8,1004.0,1.0,1.0,1.1,0.7,1.1,17.0,48.0,36.0,-1.0091571075811492,-2.876866819794426,Low
Lilian Brassier,FRA,DF,Brest,Ligue 1,23,1999,26,25,2193.0,0.5,4.0,19.0,29.0,85.0,0.02,0.06,0.02,0.8968980669891568,4.695210055149711,High
Claudio Bravo,CHI,GK,Betis,La Liga,39,1983,6,6,540.0,,1.0,0.0,0.0,0.0,0.0,,,-2.915212282151455,-7.079529807321034,Low
Fabian Bredlow,GER,GK,Stuttgart,Bundesliga,28,1995,6,6,540.0,,,0.0,0.0,0.0,0.0,,0.0,-0.2943864171172844,-4.4587039422868635,Low
Gleison Bremer,BRA,DF,Juventus,Serie A,26,1997,23,23,2016.0,3.0,1.0,2.9,1.0,2.9,6.0,33.0,2.0,0.18212737652529207,1.3639045537778598,High
Dylan Bronn,TUN,DF,Salernitana,Serie A,27,1995,20,16,1425.0,0.7,3.0,9.0,65.0,1.0,0.04,0.02,0.06,-0.05612952029599616,2.451800862549808,High
John Brooks,USA,DF,Hoffenheim,Bundesliga,30,1993,6,6,540.0,0.1,3.0,1.0,,1.0,,,,-0.7709002107598608,-3.56011370268957,Low
Marcelo Brozovic,CRO,MF,Inter,Serie A,30,1992,17,11,1013.0,2.0,2.0,1.9,2.3,0.4,19.0,17.0,0.18,-0.7709002107598608,-2.7117999125575287,Low
Cédric Brunner,SUI,DF,Schalke 04,Bundesliga,29,1994,21,21,1762.0,0.2,3.0,23.0,18.0,62.0,0.01,0.07,0.01,-0.5326433139385727,1.7198557219117858,High
Andreas Bruus,DEN,"DF,FW",Troyes,Ligue 1,24,1999,19,14,1273.0,0.4,2.0,38.0,1.9,1.6,0.03,93.0,0.14,0.6586411701678685,3.8392688508392943,High
Bryan,ESP,"DF,MF",Sevilla,La Liga,22,2001,7,3,325.0,1.0,1.0,1.5,0.3,1.5,11.0,9.0,32.0,1.135154963810445,-3.7543792730061583,Low
Lee Buchanan,ENG,"DF,FW",Werder Bremen,Bundesliga,22,2001,16,1,328.0,1.0,1.0,0.2,0.8,0.5,8.0,18.0,,1.135154963810445,-4.029669738083243,Low
Ante Budimir,CRO,FW,Osasuna,La Liga,31,1991,21,14,1130.0,2.0,2.0,3.7,4.3,0.6,14.0,68.0,0.16,-1.0091571075811492,-1.0378767855253328,Mid
Emi Buendía,ARG,"MF,FW",Aston Villa,Premier League,26,1996,27,18,1633.0,5.0,5.0,4.7,102.0,8.2,40.0,0.28,0.28,0.18212737652529207,6.920005183974905,High
Hugo Bueno,ESP,DF,Wolves,Premier League,20,2002,15,13,1040.0,0.2,1.0,43.0,0.8,0.6,0.02,52.0,0.09,1.6116687574530215,3.6576647658157455,High
Santiago Bueno,URU,DF,Girona,La Liga,24,1998,25,25,2237.0,1.2,1.0,14.0,1.1,1.2,0.05,107.0,2.0,0.6586411701678685,5.044678013468587,High
Marius Bülter,GER,"FW,MF",Schalke 04,Bundesliga,29,1993,25,22,1921.0,7.0,1.0,5.9,4.0,3.0,55.0,3.3,6.9,-0.5326433139385727,2.299117902234106,High
Cristian Buonaiuto,ITA,"MF,FW",Cremonese,Serie A,30,1992,19,3,591.0,1.7,2.0,16.0,53.0,26.0,,,,-0.7709002107598608,0.15083162078671108,Mid
Alessandro Buongiorno,ITA,DF,Torino,Serie A,23,1999,23,19,1743.0,1.5,1.0,8.0,2.5,1.1,0.08,15.0,0.05,0.8968980669891568,0.9235877443854319,Mid
Jonathan Burkardt,GER,"MF,FW",Mainz 05,Bundesliga,22,2000,11,7,533.0,1.0,2.0,3.0,2.2,2.0,9.0,3.3,14.0,1.135154963810445,-2.8415511379507716,Low
Dan Burn,ENG,DF,Newcastle Utd,Premier League,30,1992,26,25,2210.0,1.1,4.0,18.0,31.0,76.0,0.04,0.09,0.04,-0.7709002107598608,3.083880480599598,High
Maxime Busi,BEL,DF,Reims,Ligue 1,23,1999,12,7,641.0,0.1,1.0,15.0,0.5,0.4,,25.0,,0.8968980669891568,-0.962818506343407,Mid
Sergio Busquets,ESP,MF,Barcelona,La Liga,34,1988,22,20,1647.0,0.3,3.0,11.0,2.0,0.3,0.01,155.0,23.0,-1.7239277980450138,1.9550937120501088,High
Aurélio Buta,POR,DF,Eint Frankfurt,Bundesliga,26,1997,9,6,587.0,2.0,2.0,0.2,1.1,0.2,21.0,25.0,41.0,0.18212737652529207,-3.0889022551520533,Low
Jamie Bynoe-Gittens,ENG,"FW,MF",Dortmund,Bundesliga,18,2004,13,4,489.0,3.0,1.0,2.1,2.8,0.7,22.0,35.0,,2.088182551095598,-1.0551548278017702,Mid
Rémy Cabella,FRA,"MF,FW",Lille,Ligue 1,33,1990,22,19,1722.0,4.0,6.0,4.6,6.8,4.6,82.0,166.0,156.0,-1.4856709012237255,5.8626390593506255,High
Jimmy Cabot,FRA,"DF,MF",Lens,Ligue 1,28,1994,11,5,511.0,0.3,1.0,26.0,2.4,2.1,,65.0,,-0.2943864171172844,-0.54533047976654,Mid
Leandro Cabrera,URU,DF,Espanyol,La Liga,31,1991,23,22,1872.0,1.9,7.0,10.0,59.0,2.7,0.09,0.04,0.13,-1.0091571075811492,2.8009581267562567,High
Liberato Cacace,NZL,DF,Empoli,Serie A,22,2000,8,3,387.0,0.2,1.0,20.0,24.0,32.0,,,,1.135154963810445,0.37184239068572045,Mid
Anthony Caci,FRA,DF,Mainz 05,Bundesliga,25,1997,22,16,1441.0,2.0,1.0,0.5,1.8,0.5,13.0,64.0,31.0,0.4203842733465803,0.5956119532856649,Mid
Moisés Caicedo,ECU,MF,Brighton,Premier League,21,2001,24,23,2089.0,1.0,1.0,1.1,1.5,1.1,21.0,148.0,33.0,1.3734118606317332,6.038492134309155,High
Tom Cairney,SCO,MF,Fulham,Premier League,32,1991,22,1,471.0,0.6,1.0,21.0,26.0,50.0,,,,-1.2474140044024373,-1.9382639475701717,Low
Jens Cajuste,SWE,MF,Reims,Ligue 1,23,1999,22,8,1002.0,3.0,1.0,1.2,1.2,1.0,28.0,2.1,63.0,0.8968980669891568,-1.5618447006228964,Mid
Davide Calabria,ITA,DF,Milan,Serie A,26,1996,15,13,1015.0,1.0,2.0,0.9,0.7,0.9,15.0,56.0,44.0,0.18212737652529207,-0.8914156719352159,Mid
Mattia Caldara,ITA,DF,Spezia,Serie A,28,1994,18,12,1162.0,0.6,6.0,5.0,0.05,4.0,0.05,0.05,0.0,-0.2943864171172844,-2.9758543365738612,Low
Luca Caldirola,ITA,DF,Monza,Serie A,32,1991,22,19,1657.0,0.7,4.0,10.0,12.0,50.0,0.04,0.07,0.04,-1.2474140044024373,-0.9854389929453222,Mid
Fernando Calero,ESP,"DF,MF",Espanyol,La Liga,27,1995,18,15,1223.0,0.5,3.0,5.0,1.0,46.0,0.04,0.05,0.04,-0.05612952029599616,-2.168079267593744,Low
Duje Caleta-Car,CRO,DF,Southampton,Premier League,26,1996,10,7,716.0,0.3,1.0,2.0,,,,,,0.18212737652529207,-2.0880423991459196,Low
Hakan Çalhanoglu,TUR,MF,Inter,Serie A,29,1994,26,23,1924.0,2.0,5.0,2.7,2.0,1.0,37.0,3.7,5.6,-0.5326433139385727,1.2251400651576665,High
Dominic Calvert-Lewin,ENG,FW,Everton,Premier League,26,1997,11,9,731.0,1.0,1.0,2.9,3.3,0.3,11.0,30.0,,0.18212737652529207,-2.392070490283841,Low
Mahdi Camara,FRA,MF,Brest,Ligue 1,24,1998,21,17,1440.0,1.4,2.0,22.0,57.0,1.6,0.08,0.02,0.1,0.6586411701678685,4.046427269053698,High
Mohamed Camara,GUI,MF,Roma,Serie A,26,1997,10,5,412.0,0.3,2.0,10.0,9.0,20.0,,,,0.18212737652529207,-2.0657582364305256,Low
Mohamed Camara,MLI,MF,Monaco,Ligue 1,23,2000,20,18,1563.0,0.8,3.0,22.0,1.9,0.8,0.04,95.0,12.0,0.8968980669891568,3.692765624801363,High
Ousmane Camara,FRA,DF,Angers,Ligue 1,20,2003,7,5,418.0,0.2,2.0,3.0,,,,,,1.6116687574530215,-1.3333667040547854,Mid
Eduardo Camavinga,FRA,"MF,DF",Real Madrid,La Liga,20,2002,26,14,1349.0,0.7,1.0,45.0,1.9,1.2,0.05,66.0,0.07,1.6116687574530215,4.896673288348356,High
Nicolò Cambiaghi,ITA,"FW,MF",Empoli,Serie A,22,2000,17,4,578.0,3.0,1.0,2.1,0.4,2.1,31.0,25.0,47.0,1.135154963810445,-1.8407873839603088,Low
Andrea Cambiaso,ITA,DF,Bologna,Serie A,23,2000,25,19,1620.0,0.6,2.0,52.0,2.2,1.6,0.03,70.0,0.11,0.8968980669891568,6.071970313987327,High
Sergio Camello,ESP,FW,Rayo Vallecano,La Liga,22,2001,26,22,1829.0,5.0,4.0,5.6,2.1,5.6,30.0,29.0,92.0,1.135154963810445,3.172627492919993,High
Emre Can,GER,MF,Dortmund,Bundesliga,29,1994,18,11,1090.0,1.0,1.0,0.5,0.4,0.5,15.0,49.0,8.0,-0.5326433139385727,-1.984107727122677,Low
Sergio Canales,ESP,"FW,MF",Betis,La Liga,32,1991,21,19,1639.0,4.0,2.0,3.8,4.0,1.0,55.0,3.0,4.0,-1.2474140044024373,0.5072567051130312,Mid
João Cancelo,POR,DF,Manchester City,Premier League,28,1994,17,16,1274.0,2.0,1.0,0.8,0.8,1.0,72.0,1.7,106.0,-0.2943864171172844,0.7208335505656672,Mid
João Cancelo,POR,"DF,FW",Bayern Munich,Bundesliga,28,1994,6,4,359.0,1.0,2.0,0.4,0.7,0.4,9.0,17.0,35.0,-0.2943864171172844,-4.9616386480449055,Low
Antonio Candreva,ITA,"DF,MF",Salernitana,Serie A,36,1987,26,24,2075.0,3.0,3.0,2.5,2.5,1.0,54.0,5.4,112.0,-2.20044159168759,0.7670678664080586,Mid
Pierrick Capelle,FRA,"MF,DF",Angers,Ligue 1,35,1987,21,12,1138.0,1.3,2.0,14.0,2.2,1.0,0.1,28.0,0.16,-1.962184694866302,-3.045894678590422,Low
Étienne Capoue,FRA,MF,Villarreal,La Liga,34,1988,19,17,1464.0,1.8,1.0,31.0,49.0,70.0,0.11,0.15,0.11,-1.7239277980450138,2.0577580845284724,High
Gianluca Caprari,ITA,"MF,FW",Monza,Serie A,29,1993,27,24,1807.0,4.0,2.0,4.5,4.0,1.0,74.0,1.7,5.4,-0.5326433139385727,3.080700639658501,High
Francesco Caputo,ITA,FW,Sampdoria,Serie A,35,1987,15,13,1094.0,1.0,1.0,1.9,11.0,2.4,6.0,0.08,0.08,-1.962184694866302,-3.983439378098253,Low
Francesco Caputo,ITA,FW,Empoli,Serie A,35,1987,12,11,963.0,1.0,4.0,2.9,1.3,2.9,9.0,12.0,77.0,-1.962184694866302,-4.528802932930934,Low
Maxence Caqueret,FRA,MF,Lyon,Ligue 1,23,2000,26,23,1970.0,1.0,5.0,1.9,3.6,1.9,28.0,134.0,87.0,0.8968980669891568,5.5374276770092985,High
Isaac Carcelen,ESP,DF,Cádiz,La Liga,29,1993,18,16,1416.0,0.2,1.0,17.0,0.6,0.2,0.01,50.0,29.0,-0.5326433139385727,0.1073480522074104,Mid
Igor Carioca,BRA,DF,Lorient,Ligue 1,26,1996,5,3,301.0,4.0,1.0,,11.0,17.0,,,,0.18212737652529207,-2.65936780873831,Low
Carlos,BRA,DF,Monza,Serie A,24,1999,24,24,2093.0,5.0,4.0,2.3,2.7,2.3,60.0,67.0,104.0,0.6586411701678685,5.430893368969282,High
Juan Carlos,ESP,GK,Girona,La Liga,35,1988,10,10,900.0,0.0,0.0,0.0,0.0,0.0,0.0,0.0,0.0,-1.962184694866302,-5.814275437802701,Low
Carmona,ESP,"MF,DF",Elche,La Liga,21,2002,8,7,536.0,1.0,1.0,0.4,0.1,0.4,8.0,10.0,25.0,1.3734118606317332,-2.84136752660996,Low
Carmona,ESP,DF,Sevilla,La Liga,21,2002,10,5,527.0,2.0,1.0,0.8,0.8,1.0,9.0,1.2,11.0,1.3734118606317332,-3.2241389311200654,Low
Marco Carnesecchi,ITA,GK,Cremonese,Serie A,22,2000,18,18,1620.0,0.0,1.0,0.0,0.06,0.1,0.0,0.06,0.01,1.135154963810445,-0.4239987586537688,Mid
Yannick Carrasco,BEL,"DF,MF",Atlético Madrid,La Liga,29,1993,24,15,1404.0,3.0,3.0,4.0,6.1,2.1,81.0,143.0,0.19,-0.5326433139385727,5.035627729495019,High
Dani Carvajal,ESP,DF,Real Madrid,La Liga,31,1992,21,16,1452.0,0.2,2.0,14.0,2.1,1.9,0.01,98.0,0.12,-1.0091571075811492,0.6808904562187645,Mid
Fabio Carvalho,POR,"MF,FW",Liverpool,Premier League,20,2002,12,4,340.0,2.0,2.0,1.1,11.0,1.2,7.0,,,1.6116687574530215,-2.0893352264705265,Low
William Carvalho,POR,MF,Betis,La Liga,30,1992,22,20,1627.0,2.0,1.0,2.1,2.1,1.0,32.0,3.0,141.0,-0.7709002107598608,-0.20822127281778124,Mid
Nicolò Casale,ITA,DF,Lazio,Serie A,25,1998,19,19,1675.0,1.0,1.0,0.6,0.3,0.6,9.0,54.0,3.0,0.4203842733465803,0.8884089377544766,Mid
Casemiro,BRA,MF,Manchester Utd,Premier League,31,1992,19,15,1338.0,2.0,3.0,2.1,2.1,2.0,8.0,4.1,89.0,-1.0091571075811492,-2.671879762836525,Low
Matty Cash,POL,DF,Aston Villa,Premier League,25,1997,23,18,1639.0,0.2,1.0,41.0,0.9,0.7,0.01,56.0,0.05,0.4203842733465803,4.062323971239757,High
Timothy Castagne,BEL,DF,Leicester City,Premier League,27,1995,26,25,2265.0,1.0,2.0,1.7,1.9,1.7,32.0,79.0,113.0,-0.05612952029599616,4.060278195362909,High
Michele Castagnetti,ITA,MF,Cremonese,Serie A,33,1989,16,7,757.0,0.4,1.0,9.0,1.8,1.4,,7.0,,-1.4856709012237255,-4.067223019828186,Low
Koen Casteels,BEL,GK,Wolfsburg,Bundesliga,30,1992,25,25,2250.0,0.0,1.0,0.0,0.04,0.04,0.0,0.0,0.0,-0.7709002107598608,-0.3307782423902934,Mid
Valentín Castellanos,ARG,FW,Girona,La Liga,24,1998,25,24,1911.0,6.0,6.0,6.8,6.0,7.0,24.0,6.9,26.0,0.6586411701678685,2.6335387667508217,High
Jean-Charles Castelletto,CMR,DF,Nantes,Ligue 1,28,1995,23,21,1758.0,0.5,2.0,15.0,0.03,13.0,0.03,0.03,0.0,-0.2943864171172844,0.15738905787824187,Mid
Samu Castillejo,ESP,FW,Valencia,La Liga,28,1995,20,15,1122.0,3.0,3.0,2.4,3.8,1.4,40.0,85.0,0.24,-0.2943864171172844,1.2478726330580252,High
Jonny Castro,ESP,DF,Wolves,Premier League,29,1994,18,14,1261.0,1.0,1.0,0.3,1.0,0.3,24.0,70.0,46.0,-0.5326433139385727,-0.3494852668318443,Mid
Danilo Cataldi,ITA,MF,Lazio,Serie A,28,1994,24,22,1635.0,0.2,1.0,8.0,1.2,0.9,0.01,13.0,0.06,-0.2943864171172844,-0.16126343540858878,Mid
Catena,ESP,DF,Rayo Vallecano,La Liga,28,1994,24,24,2159.0,1.0,1.0,1.0,1.0,1.0,8.0,2.3,80.0,-0.2943864171172844,0.425179112827584,Mid
Yoann Cathline,FRA,"FW,MF",Lorient,Ligue 1,20,2002,15,7,747.0,1.0,1.0,1.4,2.0,0.7,39.0,79.0,,1.6116687574530215,1.0439122606081785,High
Maximiliano Caufriez,BEL,DF,Clermont Foot,Ligue 1,26,1997,16,16,1385.0,0.3,8.0,17.0,6.0,63.0,0.02,0.02,0.02,0.18212737652529207,-0.13406024737779562,Mid
Edinson Cavani,URU,FW,Valencia,La Liga,36,1987,15,14,965.0,5.0,1.0,5.3,4.0,3.0,8.0,1.3,4.2,-2.20044159168759,-4.2788759660341995,Low
Dani Ceballos,ESP,MF,Real Madrid,La Liga,26,1996,19,10,819.0,0.4,1.0,38.0,1.3,0.9,0.05,26.0,0.11,0.18212737652529207,0.3874091731561615,Mid
Federico Ceccherini,ITA,DF,Hellas Verona,Serie A,30,1992,15,14,1033.0,1.0,1.0,0.7,0.1,0.7,20.0,43.0,16.0,-0.7709002107598608,-1.8228158140524882,Low
Assan Ceesay,GAM,FW,Lecce,Serie A,29,1994,23,14,1178.0,4.0,4.0,3.0,3.1,0.1,14.0,65.0,0.31,-0.5326433139385727,-0.690802608825426,Mid
Emil Ceide,NOR,FW,Sassuolo,Serie A,21,2001,14,3,332.0,0.2,0.2,22.0,,34.0,,,,1.3734118606317332,-0.2515964082557094,Mid
Zeki Çelik,TUR,DF,Roma,Serie A,26,1997,16,10,1013.0,0.3,5.0,23.0,57.0,44.0,0.03,0.15,0.03,0.18212737652529207,1.9946302846921669,High
Fabien Centonze,FRA,DF,Nantes,Ligue 1,27,1996,15,13,1132.0,0.5,3.0,27.0,83.0,65.0,0.04,0.08,0.04,-0.05612952029599616,4.267584287181783,High
Franco Cervi,ARG,MF,Celta Vigo,La Liga,28,1994,25,16,1421.0,2.0,3.0,31.0,4.0,2.0,0.13,68.0,0.19,-0.2943864171172844,2.281515169696199,High
Leonardo César Jardim,BRA,GK,Lille,Ligue 1,28,1995,6,6,540.0,,,,,,,,,-0.2943864171172844,-2.5142314912070325,Low
Julian Chabot,GER,DF,Köln,Bundesliga,25,1998,12,12,993.0,1.1,1.0,2.0,1.7,0.6,0.1,1.0,0.09,0.4203842733465803,-2.6905671470818384,Low
Florian Chabrolle,FRA,MF,Ajaccio,Ligue 1,24,1998,6,3,321.0,0.1,1.0,1.0,,8.0,,,,0.6586411701678685,-2.9045568272990248,Low
El Chadaille Bitshiabu,FRA,DF,Paris S-G,Ligue 1,17,2005,7,3,317.0,,1.0,0.0,0.0,0.0,0.0,,,2.3264394479168864,-2.6184496399907857,Low
Fares Chaïbi,ALG,"FW,MF",Toulouse,Ligue 1,20,2002,26,18,1720.0,4.0,4.0,3.5,3.6,3.5,52.0,67.0,153.0,1.6116687574530215,4.74341583880055,High
Trevoh Chalobah,ENG,DF,Chelsea,Premier League,23,1999,16,11,1007.0,0.4,3.0,9.0,9.0,32.0,0.04,0.04,0.04,0.8968980669891568,-1.2833359664253132,Mid
Brendan Chardonnet,FRA,DF,Brest,Ligue 1,28,1994,20,17,1591.0,0.6,5.0,2.0,2.0,48.0,0.03,0.05,0.03,-0.2943864171172844,-1.7403822589894382,Low
Xavier Chavalerin,FRA,MF,Troyes,Ligue 1,32,1991,26,19,1831.0,2.0,2.0,1.0,2.0,1.0,14.0,77.0,39.0,-1.2474140044024373,0.4048520076715072,Mid
Rayan Cherki,FRA,"MF,FW",Lyon,Ligue 1,19,2003,25,12,1124.0,3.0,4.0,3.2,4.9,3.2,82.0,88.0,177.0,1.8499256542743097,5.097044417319399,High
Lucas Chevalier,FRA,GK,Lille,Ligue 1,21,2001,22,22,1980.0,0.0,1.0,0.0,0.01,0.01,0.0,0.0,0.0,1.3734118606317332,0.9537903788559323,Mid
Federico Chiesa,ITA,"DF,MF",Juventus,Serie A,25,1997,11,2,394.0,0.7,3.0,20.0,2.4,1.7,,36.0,,0.4203842733465803,-1.695891366028576,Low
Ben Chilwell,ENG,"DF,MF",Chelsea,Premier League,26,1996,16,9,874.0,2.0,2.0,0.9,1.3,0.9,30.0,27.0,90.0,0.18212737652529207,-1.6702658759239613,Mid
Vlad Chiriche?,ROU,DF,Cremonese,Serie A,33,1989,11,10,726.0,2.0,2.0,0.0,0.0,0.0,,,,-1.4856709012237255,-3.9740784881370423,Low
Pedro Chirivella,ESP,MF,Nantes,Ligue 1,25,1997,23,22,1846.0,0.8,1.0,15.0,2.4,1.6,0.04,22.0,0.05,0.4203842733465803,1.8338872087049911,High
Joris Chotard,FRA,MF,Montpellier,Ligue 1,21,2001,25,18,1713.0,0.3,2.0,6.0,2.2,1.9,0.02,22.0,0.11,1.3734118606317332,1.1811488369584633,High
Andreas Christensen,DEN,DF,Barcelona,La Liga,26,1996,16,15,1263.0,0.4,1.0,16.0,0.9,0.5,0.03,2.0,0.07,0.18212737652529207,-0.8167743508632871,Mid
Oliver Christensen,DEN,GK,Hertha BSC,Bundesliga,24,1999,25,25,2250.0,0.0,1.0,0.0,0.0,0.0,0.0,0.0,0.0,0.6586411701678685,1.0963978514752994,High
Ryan Christie,SCO,"MF,FW",Bournemouth,Premier League,28,1995,21,12,1066.0,1.0,1.0,1.6,2.6,1.0,22.0,38.0,0.08,-0.2943864171172844,-1.369311798292221,Mid
Samuel Chukwueze,NGA,"FW,MF",Villarreal,La Liga,23,1999,25,16,1476.0,4.0,5.0,3.6,2.9,3.6,79.0,48.0,175.0,0.8968980669891568,4.076858961382541,High
Víctor Chust,ESP,DF,Cádiz,La Liga,23,2000,12,9,863.0,1.0,1.0,0.8,21.0,0.8,3.0,0.1,0.1,0.8968980669891568,-1.7005892890114653,Low
Tolga Cigerci,TUR,MF,Hertha BSC,Bundesliga,31,1992,7,6,475.0,0.1,1.0,2.0,0.4,0.3,,1.0,,-1.0091571075811492,-5.062734315939707,Low
Daniel Ciofani,ITA,FW,Cremonese,Serie A,37,1985,24,5,631.0,5.0,5.0,4.3,0.5,1.8,5.0,5.0,25.0,-2.4386984885088787,-6.650840197425101,Low
Pathé Ciss,SEN,"MF,DF",Rayo Vallecano,La Liga,29,1994,24,10,1047.0,1.0,1.0,2.0,2.2,0.2,8.0,3.0,0.09,-0.5326433139385727,-3.393668084652134,Low
Patrick Ciurria,ITA,"DF,MF",Monza,Serie A,28,1995,25,20,1785.0,4.0,4.0,3.9,4.5,3.9,38.0,58.0,117.0,-0.2943864171172844,2.454786370575447,High
Alexis Claude-Maurice,FRA,"MF,FW",Lens,Ligue 1,24,1998,15,4,485.0,3.0,2.0,1.1,1.9,0.8,10.0,40.0,,0.6586411701678685,-3.057165750220218,Low
Jonathan Clauss,FRA,DF,Marseille,Ligue 1,30,1992,24,22,1773.0,1.0,8.0,2.8,5.9,2.8,56.0,84.0,150.0,-0.7709002107598608,3.669139063957742,High
Carlos Clerc,ESP,"DF,MF",Elche,La Liga,31,1992,21,20,1653.0,0.5,1.0,40.0,1.9,1.4,0.03,79.0,0.05,-1.0091571075811492,3.4636833940891343,High
Nathaniel Clyne,ENG,DF,Crystal Palace,Premier League,31,1991,21,19,1636.0,14.0,3.0,0.0,0.04,29.0,0.0,0.04,0.0,-1.0091571075811492,-2.405854358048849,Low
Conor Coady,ENG,DF,Everton,Premier League,30,1993,22,22,1970.0,1.0,1.0,0.8,0.3,0.8,4.0,40.0,1.0,-0.7709002107598608,0.044870466547001886,Mid
Marcus Coco,FRA,"DF,FW",Nantes,Ligue 1,26,1996,17,3,322.0,1.0,1.0,0.8,1.5,0.6,10.0,30.0,,0.18212737652529207,-4.236042953397925,Low
Alexandre Coeff,FRA,DF,Auxerre,Ligue 1,31,1992,7,6,586.0,0.1,1.0,3.0,26.0,0.4,,,,-1.0091571075811492,-2.467502796719164,Low
Jack Colback,ENG,MF,Nott'ham Forest,Premier League,33,1989,11,4,497.0,5.0,0.2,0.0,,,,,,-1.4856709012237255,-4.712689498744213,Low
Séamus Coleman,IRL,DF,Everton,Premier League,34,1988,20,17,1450.0,1.0,1.0,0.3,0.6,0.3,13.0,27.0,0.06,-1.7239277980450138,-2.392129137926281,Low
Álex Collado,ESP,MF,Elche,La Liga,23,1999,9,8,536.0,1.0,1.0,0.5,0.9,0.5,10.0,16.0,34.0,0.8968980669891568,-2.8859766267263396,Low
Omar Colley,GAM,DF,Sampdoria,Serie A,30,1992,16,15,1384.0,1.0,1.0,1.2,33.0,1.2,3.0,0.07,0.07,-0.7709002107598608,-0.9383133686716217,Mid
Nathan Collins,IRL,DF,Wolves,Premier League,21,2001,20,17,1578.0,0.1,2.0,11.0,60.0,0.2,0.01,0.01,0.01,1.3734118606317332,4.156677153945821,High
Lorenzo Colombo,ITA,FW,Lecce,Serie A,21,2002,24,13,1188.0,4.0,2.0,4.5,3.7,4.0,11.0,5.1,19.0,1.3734118606317332,-0.3373886327285964,Mid
Andrea Colpani,ITA,MF,Monza,Serie A,23,1999,19,4,537.0,2.0,2.0,1.5,2.5,1.0,14.0,41.0,,0.8968980669891568,-2.4554605463761026,Low
Levi Colwill,ENG,DF,Brighton,Premier League,20,2003,8,6,553.0,0.2,0.2,6.0,,1.0,,,,1.6116687574530215,-0.6989760077935085,Mid
Kingsley Coman,FRA,"FW,MF",Bayern Munich,Bundesliga,26,1996,17,9,920.0,5.0,4.0,2.6,2.6,1.0,65.0,6.3,43.0,0.18212737652529207,-0.2835223283266286,Mid
Eray Cömert,SUI,DF,Valencia,La Liga,25,1998,20,17,1526.0,1.0,1.0,0.5,0.1,0.5,5.0,50.0,0.06,0.4203842733465803,0.0672217483725997,Mid
Santi Comesaña,ESP,MF,Rayo Vallecano,La Liga,26,1996,24,18,1548.0,1.0,1.0,1.6,2.6,1.0,18.0,37.0,0.06,0.18212737652529207,0.5218642414181671,Mid
Andrea Consigli,ITA,GK,Sassuolo,Serie A,36,1987,25,25,2250.0,0.0,1.0,0.0,0.0,0.0,0.0,0.0,0.0,-2.20044159168759,-1.7626849103801592,Low
Abdu Conté,POR,DF,Troyes,Ligue 1,25,1998,16,13,1177.0,1.0,2.0,0.6,2.4,1.9,30.0,87.0,0.15,0.4203842733465803,1.126164131282722,High
Lewis Cook,ENG,MF,Bournemouth,Premier League,26,1997,21,17,1516.0,0.2,2.0,9.0,2.4,2.2,0.01,8.0,0.12,0.18212737652529207,-0.5297676644190332,Mid
Steve Cook,ENG,DF,Nott'ham Forest,Premier League,31,1991,12,11,957.0,0.1,4.0,1.0,0.05,19.0,0.01,0.01,0.07,-1.0091571075811492,-4.534514258220913,Low
Liam Cooper,SCO,DF,Leeds United,Premier League,31,1991,13,12,1106.0,1.0,1.0,1.0,1.5,0.5,1.0,1.0,0.08,-1.0091571075811492,-3.9965000054104305,Low
Copete,ESP,DF,Mallorca,La Liga,23,1999,19,18,1452.0,0.7,7.0,7.0,2.0,46.0,0.04,0.05,0.01,0.8968980669891568,-0.1826030389036265,Mid
Diego Coppola,ITA,DF,Hellas Verona,Serie A,19,2003,13,11,1024.0,0.3,5.0,9.0,0.03,8.0,0.03,0.03,0.0,1.8499256542743097,-0.8334272286579605,Mid
Francis Coquelin,FRA,MF,Villarreal,La Liga,31,1991,16,9,748.0,1.0,1.0,1.0,2.0,1.0,11.0,27.0,,-1.0091571075811492,-3.879476092082588,Low
Sébastien Corchia,FRA,"DF,MF",Nantes,Ligue 1,32,1990,20,4,622.0,0.1,1.0,19.0,0.5,0.3,,60.0,,-1.2474140044024373,-2.3282631481665095,Low
Ángel Correa,ARG,"FW,MF",Atlético Madrid,La Liga,28,1995,24,9,972.0,5.0,5.0,4.9,2.7,4.9,32.0,38.0,104.0,-0.2943864171172844,-1.1766697585062174,Mid
Joaquín Correa,ARG,FW,Inter,Serie A,28,1994,18,4,448.0,3.0,1.0,2.2,0.8,2.2,5.0,8.0,31.0,-0.2943864171172844,-5.0464117326189815,Low
Thierry Correia,POR,"DF,FW",Valencia,La Liga,24,1999,20,18,1542.0,0.3,3.0,50.0,97.0,77.0,0.02,0.05,0.02,0.6586411701678685,9.275582141243833,High
Danny da Costa,GER,DF,Mainz 05,Bundesliga,29,1993,16,11,967.0,0.2,2.0,29.0,49.0,1.1,0.02,0.19,0.19,-0.5326433139385727,1.417952181598106,High
David Pereira da Costa,POR,"MF,FW",Lens,Ligue 1,22,2001,26,16,1346.0,1.0,3.0,2.7,3.9,2.7,60.0,111.0,131.0,1.135154963810445,4.760897360145655,High
Diego Costa,ESP,FW,Wolves,Premier League,34,1988,14,9,711.0,2.2,2.0,10.0,4.0,2.5,,,,-1.7239277980450138,-3.223967602950091,Low
Jaume Costa,ESP,DF,Mallorca,La Liga,35,1988,22,22,1840.0,1.0,1.0,45.0,2.8,1.7,0.05,101.0,0.05,-1.962184694866302,4.1446188388745595,High
Nuno da Costa,CPV,"FW,MF",Auxerre,Ligue 1,32,1991,23,14,1324.0,3.0,2.0,3.0,3.0,1.0,16.0,5.1,22.0,-1.2474140044024373,-2.548443438378605,Low
Samu Costa,POR,MF,Almería,La Liga,22,2000,20,13,1245.0,1.0,1.0,1.1,1.6,0.5,5.0,15.0,0.07,1.135154963810445,-0.9460853772896052,Mid
Benoît Costil,FRA,GK,Auxerre,Ligue 1,35,1987,19,19,1710.0,0.0,1.0,0.0,0.0,0.0,0.0,0.0,0.0,-1.962184694866302,-3.2403669832564033,Low
Vladimír Coufal,CZE,DF,West Ham,Premier League,30,1992,18,16,1426.0,0.3,4.0,42.0,78.0,72.0,0.02,0.12,0.02,-0.7709002107598608,5.5262009400863406,High
Lassana Coulibaly,MLI,MF,Salernitana,Serie A,26,1996,25,24,2056.0,2.0,2.0,0.5,1.3,0.5,34.0,81.0,48.0,0.18212737652529207,3.811026203953338,High
Thibaut Courtois,BEL,GK,Real Madrid,La Liga,30,1992,20,20,1800.0,0.0,0.1,0.0,0.0,0.0,0.0,0.0,0.0,-0.7709002107598608,-1.76309267086704,Low
Mathieu Coutadeur,FRA,MF,Ajaccio,Ligue 1,37,1986,18,15,1342.0,0.1,0.1,17.0,0.04,19.0,0.0,0.04,0.0,-2.4386984885088787,-3.316321919640507,Low
Philippe Coutinho,BRA,"MF,FW",Aston Villa,Premier League,30,1992,20,7,788.0,1.0,1.0,1.4,1.8,0.5,18.0,68.0,,-0.7709002107598608,-2.504148306071745,Low
Yan Couto,BRA,"DF,MF",Girona,La Liga,20,2002,14,7,684.0,0.3,1.0,33.0,1.4,1.1,,49.0,,1.6116687574530215,2.109946300978998,High
Nicolas Cozza,FRA,DF,Montpellier,Ligue 1,24,1999,17,14,1277.0,2.0,1.0,1.4,0.8,1.4,20.0,48.0,34.0,0.6586411701678685,0.23646972506100078,Mid
Aaron Cresswell,ENG,DF,West Ham,Premier League,33,1989,19,17,1578.0,0.3,2.0,27.0,69.0,123.0,0.02,0.17,0.02,-1.4856709012237255,3.2970728895443635,High
Bryan Cristante,ITA,MF,Roma,Serie A,28,1995,26,26,2170.0,1.0,1.0,1.1,1.1,1.0,13.0,2.1,115.0,-0.2943864171172844,0.9555813248529029,Mid
Juan Cruz Armada,ESP,DF,Osasuna,La Liga,30,1992,19,17,1533.0,0.2,6.0,14.0,50.0,50.0,0.01,0.07,0.01,-0.7709002107598608,1.6227058615935581,High
Juan Cuadrado,COL,"DF,FW",Juventus,Serie A,34,1988,21,16,1320.0,1.0,3.0,1.1,1.1,1.0,28.0,3.3,52.0,-1.7239277980450138,-2.5423983492438325,Low
Marc Cucurella,ESP,DF,Chelsea,Premier League,24,1998,21,18,1435.0,0.4,2.0,25.0,0.8,0.4,0.02,58.0,0.13,0.6586411701678685,2.5452817981843663,High
Jorge Cuenca,ESP,DF,Villarreal,La Liga,23,1999,6,4,356.0,0.2,1.0,6.0,,20.0,,,,0.8968980669891568,-2.0137213479270777,Low
Mickaël Cuisance,FRA,MF,Sampdoria,Serie A,23,1999,6,6,378.0,0.3,1.0,9.0,20.0,14.0,,,,0.8968980669891568,-0.7101747069803342,Mid
Matheus Cunha,BRA,FW,Wolves,Premier League,23,1999,9,5,436.0,1.0,1.0,1.3,7.0,1.7,6.0,,,0.8968980669891568,-2.7717919442550247,Low
Matheus Cunha,BRA,"FW,MF",Atlético Madrid,La Liga,23,1999,11,2,377.0,1.4,2.0,6.0,2.2,0.8,,19.0,,0.8968980669891568,-2.9558805727398454,Low
Luca D'Andrea,ITA,FW,Sassuolo,Serie A,18,2004,5,5,316.0,0.3,1.0,11.0,9.0,1.1,,,,2.088182551095598,-0.22636027652597557,Mid
Damien Da Silva,FRA,DF,Lyon,Ligue 1,34,1988,7,3,338.0,0.1,2.0,2.0,,1.0,,,,-1.7239277980450138,-5.167698644252002,Low
Moanes Dabbur,ISR,FW,Hoffenheim,Bundesliga,30,1992,16,5,661.0,5.0,1.0,2.7,2.7,1.0,7.0,3.7,29.0,-0.7709002107598608,-4.891071366661286,Low
Colin Dagba,FRA,DF,Strasbourg,Ligue 1,24,1998,16,9,710.0,0.1,2.0,23.0,40.0,25.0,,,,0.6586411701678685,2.4743310129142393,High
Finn Dahmen,GER,GK,Mainz 05,Bundesliga,25,1998,6,6,540.0,,,0.0,0.0,0.0,0.0,,0.0,0.4203842733465803,-3.743933251822999,Low
Mahmoud Dahoud,GER,MF,Dortmund,Bundesliga,27,1996,8,4,307.0,0.4,1.0,5.0,3.0,21.0,,,,-0.05612952029599616,-3.4266602761388834,Low
Patson Daka,ZAM,FW,Leicester City,Premier League,24,1998,20,11,850.0,4.0,3.0,2.7,2.4,2.7,13.0,14.0,59.0,0.6586411701678685,-1.8170303501015788,Low
Thijs Dallinga,NED,FW,Toulouse,Ligue 1,22,2000,27,21,1656.0,10.0,1.0,6.9,1.6,6.9,16.0,26.0,116.0,1.135154963810445,2.1313304287498216,High
Diogo Dalot,POR,DF,Manchester Utd,Premier League,24,1999,18,17,1520.0,1.7,2.0,36.0,3.4,1.7,0.1,57.0,0.12,0.6586411701678685,3.686090527615624,High
Mikkel Damsgaard,DEN,"MF,FW",Brentford,Premier League,22,2000,16,4,522.0,0.6,2.0,5.0,27.0,25.0,,,,1.135154963810445,-0.46214923020156196,Mid
Flavius Daniliuc,AUT,DF,Salernitana,Serie A,21,2001,18,16,1481.0,0.5,2.0,9.0,0.7,0.2,0.03,4.0,0.12,1.3734118606317332,0.2684497034056317,Mid
Danilo,BRA,DF,Juventus,Serie A,31,1991,27,26,2353.0,3.0,3.0,1.9,2.3,1.9,25.0,111.0,33.0,-1.0091571075811492,3.898934303911485,High
Arnaut Danjuma,NED,FW,Villarreal,La Liga,26,1997,10,6,479.0,2.0,2.0,2.7,0.4,1.9,12.0,2.0,35.0,0.18212737652529207,-4.051070148491055,Low
Kevin Danso,AUT,DF,Lens,Ligue 1,24,1998,28,28,2520.0,1.0,1.0,2.2,0.9,2.2,25.0,130.0,2.0,0.6586411701678685,6.527595714203577,High
Dante,BRA,DF,Nice,Ligue 1,39,1983,27,27,2430.0,1.0,2.0,1.1,1.1,1.1,8.0,100.0,2.0,-2.915212282151455,1.073430851156345,High
Márton Dárdai,GER,DF,Hertha BSC,Bundesliga,21,2002,10,4,443.0,1.0,1.0,0.1,0.2,0.2,2.0,,,1.3734118606317332,-3.114605899413651,Low
Sergi Darder,ESP,MF,Espanyol,La Liga,29,1993,26,26,2313.0,4.0,2.0,2.0,5.0,2.0,81.0,160.0,53.0,-0.5326433139385727,8.216849579522583,High
Achraf Dari,MAR,DF,Brest,Ligue 1,23,1999,18,15,1317.0,1.0,1.0,0.4,33.0,0.4,3.0,0.07,0.07,0.8968980669891568,0.5460059744373447,Mid
Matteo Darmian,ITA,DF,Inter,Serie A,33,1989,22,18,1441.0,1.0,2.0,1.0,1.7,1.0,14.0,64.0,84.0,-1.4856709012237255,-0.9497641105145407,Mid
Josh Dasilva,ENG,MF,Brentford,Premier League,24,1998,26,12,1121.0,3.0,2.0,1.0,1.4,1.0,48.0,52.0,49.0,0.6586411701678685,1.0697464331058504,High
Jonathan David,CAN,FW,Lille,Ligue 1,23,2000,27,26,2283.0,19.0,4.0,18.1,4.0,7.0,48.0,4.6,17.1,0.8968980669891568,5.706045331645343,High
Alphonso Davies,CAN,DF,Bayern Munich,Bundesliga,22,2000,22,21,1835.0,1.0,4.0,1.5,4.8,3.3,107.0,142.0,0.2,1.135154963810445,9.08807605376424,High
Ben Davies,WAL,DF,Tottenham,Premier League,29,1993,25,21,1831.0,2.0,2.0,1.0,2.3,1.0,30.0,96.0,54.0,-0.5326433139385727,2.6035979143937396,High
Tom Davies,ENG,MF,Everton,Premier League,24,1998,16,4,477.0,1.2,3.0,2.0,11.0,26.0,,,,0.6586411701678685,-2.233178716677198,Low
Pawel Dawidowicz,POL,DF,Hellas Verona,Serie A,27,1995,16,14,1130.0,1.0,1.0,1.1,1.1,1.0,16.0,1.9,39.0,-0.05612952029599616,-2.0411281906297853,Low
Craig Dawson,ENG,DF,West Ham,Premier League,32,1990,8,8,720.0,0.5,2.0,,1.0,18.0,,,,-1.2474140044024373,-3.3013315070926597,Low
Craig Dawson,ENG,DF,Wolves,Premier League,32,1990,8,8,675.0,1.0,1.0,0.6,16.0,0.6,1.0,,,-1.2474140044024373,-3.8675679799456084,Low
Kevin De Bruyne,BEL,MF,Manchester City,Premier League,31,1991,25,22,1938.0,4.0,12.0,4.1,10.4,4.1,89.0,188.0,189.0,-1.0091571075811492,8.131725982289538,High
Charles De Ketelaere,BEL,MF,Milan,Serie A,22,2001,23,7,872.0,1.7,1.0,38.0,3.5,1.8,0.17,47.0,0.1,1.135154963810445,1.66456289846376,High
Rodrigo De Paul,ARG,MF,Atlético Madrid,La Liga,28,1994,19,14,1115.0,1.0,3.0,0.4,3.6,0.4,29.0,111.0,34.0,-0.2943864171172844,1.0426185551195863,High
Mattia De Sciglio,ITA,DF,Juventus,Serie A,30,1992,15,9,921.0,0.1,0.1,12.0,0.04,35.0,0.01,0.01,0.05,-0.7709002107598608,-3.6259405407818024,Low
Lorenzo De Silvestri,ITA,DF,Bologna,Serie A,34,1988,9,5,518.0,0.4,1.0,8.0,13.0,20.0,,,,-1.7239277980450138,-3.7435920052751754,Low
Thibault De Smet,BEL,DF,Reims,Ligue 1,24,1998,14,14,1246.0,25.0,1.0,0.0,63.0,0.2,0.0,0.07,0.07,0.6586411701678685,1.6544977039102484,High
Koni De Winter,BEL,DF,Empoli,Serie A,20,2002,12,10,895.0,1.0,3.0,0.0,0.02,0.02,0.0,0.0,0.0,1.6116687574530215,-2.247473163453445,Low
Grégoire Defrel,MTQ,FW,Sassuolo,Serie A,31,1991,16,8,683.0,1.0,1.0,2.1,2.4,0.3,8.0,39.0,,-1.0091571075811492,-3.8419183456132284,Low
Brecht Dejaegere,BEL,MF,Toulouse,Ligue 1,31,1991,24,22,1611.0,4.0,1.0,2.5,1.6,2.5,32.0,89.0,74.0,-1.0091571075811492,1.9174069747680493,High
Romain Del Castillo,FRA,"FW,MF",Brest,Ligue 1,26,1996,17,11,945.0,5.0,5.0,4.7,2.0,4.0,34.0,3.0,4.6,0.18212737652529207,-1.2958775824545812,Mid
Thomas Delaine,FRA,DF,Strasbourg,Ligue 1,31,1992,14,10,857.0,0.4,1.0,31.0,1.7,1.3,0.04,78.0,0.11,-1.0091571075811492,-0.08372184549008166,Mid
Thomas Delaney,DEN,MF,Sevilla,La Liga,31,1991,8,2,309.0,0.2,3.0,1.0,3.0,7.0,,,,-1.0091571075811492,-5.017685049972733,Low
Andy Delort,ALG,FW,Nice,Ligue 1,31,1991,14,9,781.0,6.0,1.0,5.4,3.0,3.0,7.0,4.4,19.0,-1.0091571075811492,-4.098830493569318,Low
Moussa Dembélé,FRA,"FW,MF",Lyon,Ligue 1,26,1996,21,8,841.0,3.0,3.0,3.7,4.0,0.3,10.0,63.0,0.32,0.18212737652529207,-1.4707283866489804,Mid
Ousmane Dembélé,FRA,FW,Barcelona,La Liga,25,1997,18,14,1100.0,5.0,5.0,2.9,3.7,2.9,91.0,58.0,148.0,0.4203842733465803,3.4777502099999786,High
Merih Demiral,TUR,DF,Atalanta,Serie A,25,1998,22,14,1441.0,1.0,1.0,0.7,1.2,0.5,1.0,4.0,0.06,0.4203842733465803,-1.7113766210142627,Low
Kerem Demirbay,GER,MF,Leverkusen,Bundesliga,29,1993,20,13,1167.0,3.0,3.0,1.9,2.0,1.9,19.0,70.0,16.0,-0.5326433139385727,-0.6632093568248383,Mid
Ermedin Demirovic,BIH,"FW,MF",Augsburg,Bundesliga,25,1998,24,24,1854.0,7.0,4.0,6.0,5.0,1.0,20.0,5.2,3.1,0.4203842733465803,1.9462185986730638,High
Sepp van den Berg,NED,DF,Schalke 04,Bundesliga,21,2001,4,4,322.0,0.5,1.0,1.0,,,,,,1.3734118606317332,-2.0503583312724496,Low
Branco van den Boomen,NED,MF,Toulouse,Ligue 1,27,1995,27,27,2352.0,5.0,7.0,5.7,5.0,4.0,30.0,6.2,8.8,-0.05612952029599616,3.1533562980354715,High
Leander Dendoncker,BEL,MF,Aston Villa,Premier League,27,1995,13,3,365.0,1.0,0.5,,,,,,,-0.05612952029599616,-2.9775014707129364,Low
Emmanuel Dennis,NGA,FW,Nott'ham Forest,Premier League,25,1997,14,4,551.0,2.0,1.0,1.2,0.3,1.2,14.0,13.0,45.0,0.4203842733465803,-3.752656429628697,Low
Fabio Depaoli,ITA,DF,Hellas Verona,Serie A,25,1997,21,16,1492.0,2.0,2.0,1.4,1.0,1.4,21.0,54.0,53.0,0.4203842733465803,0.83201619900711,Mid
Mikkel Desler,DEN,DF,Toulouse,Ligue 1,28,1995,20,19,1653.0,1.0,2.0,0.7,0.7,1.0,39.0,2.0,97.0,-0.2943864171172844,0.2552287236053775,Mid
Cyriel Dessers,NGA,FW,Cremonese,Serie A,28,1994,21,16,1334.0,5.0,5.0,6.2,1.3,5.4,15.0,23.0,94.0,-0.2943864171172844,-0.7179537744413944,Mid
Sergiño Dest,USA,DF,Milan,Serie A,22,2000,8,2,329.0,0.3,0.3,11.0,,12.0,,,,1.135154963810445,-1.6383283789566623,Mid
Mattia Destro,ITA,FW,Empoli,Serie A,32,1991,10,6,456.0,1.0,1.0,1.2,1.6,0.4,4.0,13.0,,-1.2474140044024373,-5.677605072079386,Low
Gerard Deulofeu,ESP,FW,Udinese,Serie A,29,1994,16,15,1211.0,2.0,6.0,5.1,4.4,5.1,72.0,82.0,118.0,-0.5326433139385727,2.8150540494485203,High
Kiernan Dewsbury-Hall,ENG,MF,Leicester City,Premier League,24,1998,25,24,1956.0,2.0,2.0,2.1,2.7,2.1,57.0,116.0,78.0,0.6586411701678685,6.251936347150116,High
Federico Di Francesco,ITA,"FW,MF",Lecce,Serie A,28,1994,26,17,1413.0,1.0,2.0,2.2,2.3,2.2,42.0,37.0,136.0,-0.2943864171172844,0.8099158716488771,Mid
Michele Di Gregorio,ITA,GK,Monza,Serie A,25,1997,26,26,2340.0,0.0,0.0,0.0,0.0,0.0,0.0,0.0,0.0,0.4203842733465803,1.1441307829369332,High
Giovanni Di Lorenzo,ITA,DF,Napoli,Serie A,29,1993,27,27,2418.0,1.0,4.0,1.6,3.7,1.6,52.0,189.0,127.0,-0.5326433139385727,7.810709422551572,High
Ángel Di María,ARG,"FW,MF",Juventus,Serie A,35,1988,16,11,876.0,4.0,4.0,2.1,1.0,1.0,30.0,3.4,4.7,-1.962184694866302,-4.022125754840088,Low
Boulaye Dia,SEN,FW,Salernitana,Serie A,26,1996,24,19,1764.0,10.0,4.0,5.9,2.3,5.9,30.0,36.0,109.0,0.18212737652529207,1.9100272735773396,High
Moussa Diaby,FRA,"FW,MF",Leverkusen,Bundesliga,23,1999,24,24,1949.0,8.0,4.0,8.3,7.5,2.0,91.0,12.9,70.0,0.8968980669891568,6.343314747709629,High
Mouctar Diakhaby,GUI,DF,Valencia,La Liga,26,1996,18,17,1457.0,2.0,2.0,1.8,0.2,1.8,7.0,44.0,4.0,0.18212737652529207,-0.21630488982172494,Mid
Bafodé Diakité,FRA,DF,Lille,Ligue 1,22,2001,24,22,1962.0,2.0,2.0,1.1,1.7,0.6,29.0,59.0,0.09,1.135154963810445,3.646467203506524,High
Abdou Diallo,SEN,"DF,MF",RB Leipzig,Bundesliga,26,1996,5,5,436.0,1.0,1.0,0.4,0.5,0.1,11.0,2.0,,0.18212737652529207,-4.509356967589317,Low
Habib Diallo,SEN,FW,Strasbourg,Ligue 1,27,1995,28,23,2076.0,14.0,14.0,11.8,10.2,2.0,25.0,12.5,28.0,-0.05612952029599616,2.9407765144787525,High
Ibrahima Diallo,FRA,MF,Southampton,Premier League,24,1999,16,11,803.0,0.2,3.0,9.0,6.0,28.0,,,,0.6586411701678685,-0.3875020416405559,Mid
Ismael Diallo,CIV,DF,Ajaccio,Ligue 1,26,1997,22,20,1722.0,0.2,6.0,31.0,61.0,0.6,0.01,0.02,0.03,0.18212737652529207,5.503890269803128,High
Mouhamadou Diarra,SEN,MF,Strasbourg,Ligue 1,19,2004,19,9,897.0,0.6,1.0,36.0,39.0,39.0,0.06,0.13,0.06,1.8499256542743097,3.4587310108855447,High
Moussa Diarra,MLI,DF,Toulouse,Ligue 1,22,2000,20,10,1046.0,0.2,1.0,20.0,45.0,0.8,0.01,0.09,0.09,1.135154963810445,2.0157417538235958,High
Stéphane Diarra,FRA,"FW,MF",Lorient,Ligue 1,24,1998,25,13,987.0,2.0,2.0,2.2,4.0,1.7,39.0,85.0,0.18,0.6586411701678685,1.6512507941445764,High
Rúben Dias,POR,DF,Manchester City,Premier League,25,1997,19,15,1369.0,1.3,2.0,8.0,1.0,74.0,0.09,0.1,0.09,0.4203842733465803,-1.1733503169624173,Mid
Krépin Diatta,SEN,"MF,FW",Monaco,Ligue 1,24,1999,24,18,1654.0,3.0,2.0,3.7,2.7,3.7,66.0,70.0,180.0,0.6586411701678685,4.354690796728091,High
Mory Diaw,SEN,GK,Clermont Foot,Ligue 1,29,1993,28,28,2520.0,0.0,0.1,0.0,0.0,0.0,0.0,0.0,0.0,-0.5326433139385727,0.7630828522176241,Mid
Brahim Díaz,ESP,MF,Milan,Serie A,23,1999,23,19,1308.0,4.0,3.0,3.3,3.6,3.3,58.0,89.0,76.0,0.8968980669891568,4.280727859597498,High
Luis Díaz,COL,FW,Liverpool,Premier League,26,1997,8,7,613.0,3.0,2.0,1.7,1.0,1.7,21.0,25.0,72.0,0.18212737652529207,-2.7770703225049385,Low
Bamba Dieng,SEN,FW,Lorient,Ligue 1,23,2000,8,6,428.0,2.0,2.0,2.5,0.5,1.7,1.0,3.0,30.0,0.8968980669891568,-3.9066057594348553,Low
Eric Dier,ENG,DF,Tottenham,Premier League,29,1994,26,25,2275.0,2.0,1.0,1.2,1.2,1.2,6.0,72.0,11.0,-0.5326433139385727,2.163401016186244,High
Florian Dietz,GER,FW,Köln,Bundesliga,24,1998,11,4,395.0,1.0,1.0,2.5,2.8,0.3,8.0,22.0,,0.6586411701678685,-3.555917975250429,Low
Lucas Digne,FRA,DF,Aston Villa,Premier League,29,1993,20,16,1291.0,1.0,1.0,0.3,1.9,1.6,23.0,76.0,0.07,-0.5326433139385727,0.13043089833603316,Mid
Federico Dimarco,ITA,DF,Inter,Serie A,25,1997,25,21,1677.0,3.0,2.0,2.4,7.4,5.0,37.0,159.0,0.11,0.4203842733465803,5.5937888854269175,High
Stole Dimitrievski,MKD,GK,Rayo Vallecano,La Liga,29,1993,25,25,2250.0,0.0,3.0,0.0,0.0,0.0,0.0,0.0,0.0,-0.5326433139385727,-0.09488663263114172,Mid
Junior Dina Ebimbe,FRA,"DF,MF",Eint Frankfurt,Bundesliga,22,2000,11,8,780.0,2.0,1.0,1.9,1.4,1.9,28.0,28.0,26.0,1.135154963810445,-0.9785904050294085,Mid
Sinaly Diomande,CIV,DF,Lyon,Ligue 1,21,2001,16,15,1299.0,0.5,1.0,4.0,0.04,3.0,0.04,0.04,0.0,1.3734118606317332,-0.7618279247653519,Mid
Lois Diony,FRA,FW,Angers,Ligue 1,30,1992,8,5,437.0,1.0,1.0,1.7,2.1,0.3,13.0,48.0,,-0.7709002107598608,-4.029280730210738,Low
Issa Diop,FRA,DF,Fulham,Premier League,26,1997,18,15,1416.0,1.0,1.0,0.3,54.0,0.3,8.0,0.06,0.06,0.18212737652529207,1.4532231983451447,High
Sofiane Diop,FRA,"MF,FW",Nice,Ligue 1,22,2000,18,12,1007.0,1.0,4.0,1.4,1.4,1.4,42.0,44.0,71.0,1.135154963810445,0.9271551434362901,Mid
Yehvann Diouf,FRA,GK,Reims,Ligue 1,23,1999,21,21,1890.0,0.0,2.0,0.0,0.0,0.0,0.0,0.0,0.0,0.8968980669891568,0.1906954351648994,Mid
Axel Disasi,FRA,DF,Monaco,Ligue 1,25,1998,28,27,2430.0,2.0,3.0,2.8,2.0,2.0,50.0,3.1,159.0,0.4203842733465803,4.1460773017590835,High
Tiago Djaló,POR,DF,Lille,Ligue 1,22,2000,25,24,2017.0,2.0,2.0,1.3,1.4,0.1,9.0,4.0,0.09,1.135154963810445,1.7589397837891658,High
Djené,TOG,DF,Getafe,La Liga,31,1991,23,23,1986.0,0.3,1.0,5.0,0.7,0.4,0.01,12.0,0.05,-1.0091571075811492,-0.48860910490185216,Mid
Moussa Djenepo,MLI,"DF,FW",Southampton,Premier League,24,1998,12,6,578.0,0.2,1.0,23.0,17.0,0.4,,,,0.6586411701678685,0.4835749407681733,Mid
Koffi Djidji,CIV,DF,Torino,Serie A,30,1992,24,20,1831.0,1.0,1.0,0.9,1.1,0.1,6.0,12.0,0.05,-0.7709002107598608,-0.9987309169551514,Mid
Alexander Djiku,GHA,DF,Strasbourg,Ligue 1,28,1994,25,25,2156.0,1.0,2.0,1.2,0.6,1.2,4.0,125.0,3.0,-0.2943864171172844,3.378494848821043,High
Berat Djimsiti,ALB,DF,Atalanta,Serie A,30,1993,14,10,936.0,0.4,2.0,6.0,0.04,6.0,0.04,0.04,0.0,-0.7709002107598608,-4.009956327139709,Low
Ritsu Doan,JPN,"FW,MF",Freiburg,Bundesliga,24,1998,25,22,1770.0,4.0,3.0,5.0,2.2,5.0,61.0,48.0,140.0,0.6586411701678685,4.420394511429873,High
Dodô,BRA,DF,Fiorentina,Serie A,24,1998,23,20,1661.0,0.5,2.0,40.0,1.4,0.5,0.03,103.0,80.0,0.6586411701678685,5.703275144205141,High
Danilho Doekhi,NED,DF,Union Berlin,Bundesliga,24,1998,16,16,1406.0,4.0,1.0,1.3,1.5,0.2,13.0,14.0,0.06,0.6586411701678685,-0.39374817317943744,Mid
Matt Doherty,IRL,"DF,MF",Tottenham,Premier League,31,1992,12,7,667.0,1.0,1.0,0.8,20.0,1.0,16.0,,,-1.0091571075811492,-2.84573859860697,Low
Josh Doig,SCO,DF,Hellas Verona,Serie A,20,2002,19,14,1240.0,2.0,3.0,1.8,1.0,1.8,40.0,24.0,57.0,1.6116687574530215,1.4950642220179937,High
Jeremy Doku,BEL,"MF,FW",Rennes,Ligue 1,20,2002,19,5,601.0,1.0,1.0,1.3,32.0,2.7,43.0,,,1.6116687574530215,1.369623442012475,High
Kasper Dolberg,DEN,"FW,MF",Hoffenheim,Bundesliga,25,1997,8,4,342.0,0.4,0.4,4.0,,18.0,,,,0.4203842733465803,-2.6961541580849238,Low
Nicolás Domínguez,ARG,MF,Bologna,Serie A,24,1998,21,18,1581.0,1.0,2.0,1.2,1.8,1.2,26.0,95.0,53.0,0.6586411701678685,2.7528041487939063,High
Giulio Donati,ITA,DF,Monza,Serie A,33,1990,6,3,309.0,1.0,1.0,0.4,0.4,0.4,3.0,8.0,,-1.4856709012237255,-6.883236584666623,Low
Gianluigi Donnarumma,ITA,GK,Paris S-G,Ligue 1,24,1999,28,28,2520.0,0.0,2.0,0.0,0.0,0.0,0.0,0.0,0.0,0.6586411701678685,1.9543673363240652,High
Gabriel Dos Santos,BRA,DF,Arsenal,Premier League,25,1997,28,28,2515.0,3.0,3.0,3.8,4.0,0.2,14.0,11.0,0.11,0.4203842733465803,3.1958308569168015,High
Abdoulaye Doucouré,MLI,MF,Everton,Premier League,30,1993,18,10,936.0,2.0,2.0,1.3,1.2,1.3,13.0,28.0,29.0,-0.7709002107598608,-3.0985864987803975,Low
Cheick Doucouré,MLI,MF,Crystal Palace,Premier League,23,2000,25,25,2023.0,0.8,2.0,13.0,1.6,0.8,0.04,102.0,11.0,0.8968980669891568,4.745669503859993,High
Désiré Doué,FRA,"MF,FW",Rennes,Ligue 1,17,2005,21,10,1003.0,3.0,1.0,1.5,1.3,1.5,34.0,49.0,73.0,2.3264394479168864,1.5995457860312343,High
Ismaël Doukouré,FRA,DF,Strasbourg,Ligue 1,19,2003,18,16,1471.0,1.0,1.0,0.2,0.4,0.2,17.0,69.0,13.0,1.8499256542743097,2.2681368705221363,High
Kamory Doumbia,MLI,MF,Reims,Ligue 1,20,2003,20,11,910.0,2.0,2.0,3.3,2.5,1.0,24.0,5.1,62.0,1.6116687574530215,-0.42408732685490014,Mid
Souleyman Doumbia,CIV,"DF,FW",Angers,Ligue 1,26,1996,21,21,1714.0,1.0,2.0,45.0,53.0,2.5,0.05,0.08,0.13,0.18212737652529207,6.43877302870958,High
Flynn Downes,ENG,MF,West Ham,Premier League,24,1999,12,4,397.0,0.2,0.2,1.0,,,,,,0.6586411701678685,-2.6416216992192822,Low
Bartlomiej Dragowski,POL,GK,Spezia,Serie A,25,1997,25,25,2136.0,0.0,1.0,0.0,0.0,0.0,0.0,0.0,0.0,0.4203842733465803,0.6704098244281234,Mid
Dion Drena Beljo,CRO,"FW,MF",Augsburg,Bundesliga,21,2002,9,7,477.0,1.0,1.0,0.3,0.5,0.2,4.0,23.0,,1.3734118606317332,-2.7866731827597135,Low
Dominick Drexler,GER,"MF,FW",Schalke 04,Bundesliga,32,1990,18,12,1014.0,3.0,3.0,1.9,1.9,1.0,10.0,3.6,34.0,-1.2474140044024373,-3.8087698134792047,Low
Domingos Duarte,POR,DF,Getafe,La Liga,28,1995,24,24,2104.0,1.1,2.0,4.0,0.8,1.1,0.05,49.0,0.09,-0.2943864171172844,1.381340336713055,High
Marvin Ducksch,GER,FW,Werder Bremen,Bundesliga,29,1994,25,25,2090.0,8.0,5.0,8.1,7.3,2.0,25.0,11.2,41.0,-0.5326433139385727,2.2212371613772723,High
Ondrej Duda,SVK,MF,Hellas Verona,Serie A,28,1994,8,7,624.0,0.6,3.0,6.0,14.0,29.0,,,,-0.2943864171172844,-1.9876636657570783,Low
Ondrej Duda,SVK,MF,Köln,Bundesliga,28,1994,13,9,689.0,0.7,4.0,12.0,33.0,40.0,,,,-0.2943864171172844,0.06704239973388493,Mid
Denzel Dumfries,NED,DF,Inter,Serie A,26,1996,24,18,1561.0,1.0,3.0,2.9,3.8,2.9,40.0,39.0,127.0,0.18212737652529207,1.779019718735495,High
Alfred Duncan,GHA,MF,Fiorentina,Serie A,30,1993,16,7,611.0,0.2,2.0,10.0,19.0,41.0,,,,-0.7709002107598608,-1.82419587991133,Low
Lewis Dunk,ENG,DF,Brighton,Premier League,31,1991,25,25,2249.0,1.1,2.0,12.0,1.0,96.0,0.04,0.07,0.04,-1.0091571075811492,0.5867989914097882,Mid
Maxime Dupé,FRA,GK,Toulouse,Ligue 1,30,1993,28,28,2520.0,0.0,1.0,0.0,0.0,0.0,0.0,0.0,0.0,-0.7709002107598608,0.5248259553963359,Mid
Hugo Duro,ESP,FW,Valencia,La Liga,23,1999,20,9,971.0,1.0,1.0,3.2,0.7,2.4,9.0,9.0,55.0,0.8968980669891568,-2.0136809784641003,Low
Jean-Kevin Duverne,FRA,DF,Brest,Ligue 1,25,1997,24,18,1748.0,0.4,1.0,47.0,85.0,106.0,0.02,0.05,0.02,0.4203842733465803,8.392676097160159,High
Paulo Dybala,ARG,"MF,FW",Roma,Serie A,29,1993,20,18,1431.0,9.0,6.0,6.3,3.0,2.0,42.0,5.7,10.3,-0.5326433139385727,0.3882542927142194,Mid
Edin Deko,BIH,FW,Inter,Serie A,37,1986,27,17,1566.0,7.0,3.0,8.7,3.0,8.7,25.0,60.0,125.0,-2.4386984885088787,-0.6534028268728163,Mid
Enzo Ebosse,CMR,DF,Udinese,Serie A,24,1999,20,9,930.0,0.1,3.0,11.0,0.01,20.0,0.01,0.01,0.0,0.6586411701678685,-2.2747844046046772,Low
Tyronne Ebuehi,NGA,DF,Empoli,Serie A,27,1995,16,12,1070.0,2.0,1.0,2.1,2.4,0.3,11.0,27.0,0.08,-0.05612952029599616,-1.8586190317438431,Low
Ederson,BRA,GK,Manchester City,Premier League,29,1993,27,27,2430.0,0.0,1.0,0.0,0.04,0.2,0.0,0.04,0.01,-0.5326433139385727,0.4804386200739086,Mid
Éderson,BRA,MF,Atalanta,Serie A,23,1999,24,16,1446.0,1.0,1.0,1.5,3.0,1.5,22.0,38.0,0.06,0.8968980669891568,1.013376939756213,Mid
Odsonne Édouard,FRA,FW,Crystal Palace,Premier League,25,1998,25,14,1277.0,3.0,2.0,3.1,1.0,3.1,21.0,29.0,67.0,0.4203842733465803,-0.2548587123700317,Mid
Samuel Edozie,ENG,"FW,MF",Southampton,Premier League,20,2003,15,5,541.0,0.9,0.9,22.0,,34.0,,,,1.6116687574530215,0.6063963098380085,Mid
Maximilian Eggestein,GER,MF,Freiburg,Bundesliga,26,1996,24,20,1829.0,1.0,2.0,0.6,0.9,0.6,17.0,68.0,33.0,0.18212737652529207,1.7826356019167353,High
Íñigo Eguaras,ESP,MF,Almería,La Liga,31,1992,19,10,845.0,1.0,1.0,1.0,0.6,1.0,6.0,53.0,6.0,-1.0091571075811492,-3.2541138948897474,Low
Kingsley Ehizibue,NED,DF,Udinese,Serie A,27,1995,21,10,1055.0,2.0,2.0,1.7,2.5,0.8,24.0,55.0,0.17,-0.05612952029599616,-0.9142417017385682,Mid
Chidera Ejuke,NGA,"FW,MF",Hertha BSC,Bundesliga,25,1998,15,9,790.0,1.4,3.0,33.0,36.0,2.5,,,,0.4203842733465803,3.0456081354578948,High
Albin Ekdal,SWE,MF,Spezia,Serie A,33,1989,20,9,953.0,1.0,2.0,4.0,1.3,1.0,0.1,42.0,9.0,-1.4856709012237255,-3.9118077677614096,Low
Hugo Ekitike,FRA,FW,Paris S-G,Ligue 1,20,2002,19,8,827.0,3.0,3.0,2.8,3.8,1.1,17.0,60.0,0.33,1.6116687574530215,0.08531890340136772,Mid
Anthony Elanga,SWE,FW,Manchester Utd,Premier League,20,2002,16,5,426.0,0.7,1.0,12.0,8.0,1.6,,,,1.6116687574530215,-0.48943001554094545,Mid
Harvey Elliott,ENG,"MF,FW",Liverpool,Premier League,19,2003,26,16,1428.0,1.0,2.0,1.7,3.1,1.7,46.0,114.0,118.0,1.8499256542743097,4.91108966909528,High
Elif Elmas,MKD,"FW,MF",Napoli,Serie A,23,1999,26,7,1019.0,6.0,2.0,3.4,3.0,1.0,26.0,1.4,4.0,0.8968980669891568,-1.4718258255356895,Mid
Aritz Elustondo,ESP,DF,Real Sociedad,La Liga,29,1994,16,12,1028.0,0.6,1.0,15.0,1.0,0.6,0.05,38.0,14.0,-0.5326433139385727,-1.5342122634694022,Mid
Nico Elvedi,SUI,DF,M'Gladbach,Bundesliga,26,1996,23,23,2025.0,3.0,3.0,2.2,2.5,0.3,14.0,4.0,0.13,0.18212737652529207,1.0552104403048024,High
Rodrigo Ely,BRA,DF,Almería,La Liga,29,1993,25,25,2165.0,0.7,6.0,6.0,35.0,0.9,0.03,0.01,0.04,-0.5326433139385727,2.384962032429435,High
Sepe Elye Wahi,FRA,FW,Montpellier,Ligue 1,20,2003,24,21,1831.0,12.0,1.0,8.1,8.1,1.0,41.0,9.1,20.0,1.6116687574530215,4.108779297815902,High
Mohamed Elyounoussi,NOR,"MF,FW",Southampton,Premier League,28,1994,25,21,1734.0,2.6,1.0,43.0,4.6,2.0,0.13,85.0,0.05,-0.2943864171172844,5.0351541635389605,High
Adri Embarba,ESP,"FW,MF",Almería,La Liga,30,1992,20,12,969.0,1.0,3.0,1.6,1.6,1.0,44.0,4.5,31.0,-0.7709002107598608,-1.8887910875622798,Low
Breel Embolo,SUI,FW,Monaco,Ligue 1,26,1997,28,19,1757.0,12.0,2.0,8.1,7.2,2.0,19.0,10.4,47.0,0.18212737652529207,1.263544692159167,High
Emerson,BRA,DF,Tottenham,Premier League,24,1999,22,16,1391.0,2.0,1.0,1.6,1.6,1.0,42.0,2.3,70.0,0.6586411701678685,0.6422636602274757,Mid
Youssef En-Nesyri,MAR,FW,Sevilla,La Liga,25,1997,22,11,1049.0,5.0,5.0,6.5,7.0,0.5,10.0,50.0,0.43,0.4203842733465803,-0.3617952691435072,Mid
Wataru Endo,JPN,MF,Stuttgart,Bundesliga,30,1993,24,24,2112.0,3.0,2.0,2.5,4.7,2.2,22.0,51.0,0.09,-0.7709002107598608,2.0551293244028526,High
Arne Engels,BEL,MF,Augsburg,Bundesliga,19,2003,10,10,826.0,0.2,2.0,6.0,1.9,1.7,0.03,11.0,0.22,1.8499256542743097,-1.1921371412922568,Mid
Christian Eriksen,DEN,MF,Manchester Utd,Premier League,31,1992,19,18,1489.0,1.0,7.0,2.7,3.0,2.7,16.0,104.0,42.0,-1.0091571075811492,0.9090382786383622,Mid
Martin Erlic,CRO,DF,Sassuolo,Serie A,25,1998,20,19,1698.0,0.1,2.0,4.0,0.01,44.0,0.01,0.01,0.01,0.4203842733465803,-0.5105410133190387,Mid
Gonzalo Escalante,ARG,MF,Cremonese,Serie A,30,1993,9,7,555.0,0.2,1.0,3.0,0.4,0.2,,8.0,,-0.7709002107598608,-4.291968987194506,Low
Gonzalo Escalante,ARG,MF,Cádiz,La Liga,30,1993,8,7,600.0,2.0,2.0,1.2,1.6,0.4,1.0,3.0,,-0.7709002107598608,-5.2071959476764285,Low
Sergio Escudero,ESP,DF,Valladolid,La Liga,33,1989,14,12,954.0,0.6,3.0,10.0,25.0,25.0,0.06,0.11,0.06,-1.4856709012237255,-2.5752335940556756,Low
Alfonso Espino,URU,DF,Cádiz,La Liga,31,1992,25,24,2132.0,0.9,3.0,33.0,2.3,1.4,0.04,86.0,0.13,-1.0091571075811492,4.359242652632336,High
Bernardo Espinosa,COL,DF,Girona,La Liga,33,1989,14,10,846.0,0.5,1.0,4.0,19.0,0.6,0.06,0.11,0.11,-1.4856709012237255,-3.9320322292619556,Low
Maxime Estève,FRA,DF,Montpellier,Ligue 1,20,2002,19,15,1362.0,0.4,3.0,9.0,1.0,37.0,0.03,0.03,0.03,1.6116687574530215,0.09340458430426035,Mid
Pervis Estupiñán,ECU,DF,Brighton,Premier League,25,1998,22,19,1577.0,0.5,3.0,55.0,3.4,2.9,0.03,114.0,0.17,0.4203842733465803,6.948240726544007,High
Jonny Evans,NIR,DF,Leicester City,Premier League,35,1988,10,9,811.0,0.2,0.2,6.0,0.02,0.02,0.02,0.0,0.0,-1.962184694866302,-5.547936625981607,Low
Edu Expósito,ESP,MF,Espanyol,La Liga,26,1996,21,11,970.0,2.0,2.0,0.5,1.9,0.5,16.0,56.0,47.0,0.18212737652529207,-1.161382232546268,Mid
Eberechi Eze,ENG,"MF,FW",Crystal Palace,Premier League,24,1998,28,20,1736.0,4.0,3.0,3.3,3.0,3.3,43.0,77.0,69.0,0.6586411701678685,3.8757825931461283,High
Nicolás Ezequiel Fernández,ARG,"MF,DF",Elche,La Liga,23,2000,11,2,326.0,0.1,2.0,7.0,26.0,17.0,,,,0.8968980669891568,-1.175001872633656,Mid
Abdessamad Ezzalzouli,MAR,"FW,MF",Osasuna,La Liga,21,2001,19,12,925.0,1.0,2.0,1.4,1.4,1.0,50.0,2.7,28.0,1.3734118606317332,0.3807215801439947,Mid
Lukasz Fabianski,POL,GK,West Ham,Premier League,37,1985,24,24,2031.0,0.0,0.0,0.0,0.0,0.0,0.0,0.0,0.0,-2.4386984885088787,-2.499364230213664,Low
Fabinho,BRA,MF,Liverpool,Premier League,29,1993,24,19,1685.0,0.4,6.0,8.0,22.0,101.0,0.02,0.06,0.02,-0.5326433139385727,0.18274718654128408,Mid
Noah Fadiga,SEN,DF,Brest,Ligue 1,23,1999,18,15,1193.0,1.0,1.0,0.6,0.7,0.1,37.0,31.0,0.08,0.8968980669891568,0.748829995972522,Mid
Wout Faes,BEL,DF,Leicester City,Premier League,24,1998,20,20,1796.0,0.5,5.0,6.0,52.0,0.9,0.03,0.02,0.05,0.6586411701678685,3.2851773621170515,High
Nicolò Fagioli,ITA,MF,Juventus,Serie A,22,2001,18,10,955.0,2.0,3.0,0.5,1.0,0.5,19.0,36.0,34.0,1.135154963810445,-0.7782681479926306,Mid
Ralf Fährmann,GER,GK,Schalke 04,Bundesliga,34,1988,8,8,720.0,,,0.0,0.0,0.0,0.0,,0.0,-1.7239277980450138,-5.316265666648749,Low
Romain Faivre,FRA,"FW,MF",Lorient,Ligue 1,24,1998,7,5,469.0,1.0,1.0,1.2,2.1,0.9,24.0,29.0,,0.6586411701678685,-2.5599499473149594,Low
Romain Faivre,FRA,MF,Lyon,Ligue 1,24,1998,10,3,300.0,0.2,1.0,14.0,24.0,0.5,,,,0.6586411701678685,-0.7965328460128847,Mid
Radamel Falcao,COL,"FW,MF",Rayo Vallecano,La Liga,37,1986,20,3,508.0,2.0,2.0,2.6,1.9,4.0,1.0,1.9,13.0,-2.4386984885088787,-7.458834531331204,Low
Wladimiro Falcone,ITA,GK,Lecce,Serie A,27,1995,27,27,2430.0,0.0,1.0,0.0,0.0,0.0,0.0,0.0,0.0,-0.05612952029599616,0.9536068175772787,Mid
Fali,ESP,"DF,MF",Cádiz,La Liga,29,1993,18,16,1272.0,0.4,5.0,3.0,7.0,42.0,0.03,0.04,0.03,-0.5326433139385727,-2.254890045191778,Low
Davide Faraoni,ITA,DF,Hellas Verona,Serie A,31,1991,13,11,791.0,1.0,2.0,1.9,0.7,1.9,8.0,38.0,20.0,-1.0091571075811492,-3.3940435361000167,Low
Ansu Fati,ESP,FW,Barcelona,La Liga,20,2002,24,9,932.0,3.0,3.0,6.2,1.0,6.2,28.0,24.0,119.0,1.6116687574530215,0.15748710525281662,Mid
Khalil Fayad,FRA,MF,Montpellier,Ligue 1,18,2004,19,5,544.0,0.4,2.0,6.0,1.0,0.4,,16.0,9.0,2.088182551095598,-1.2207251193523665,Mid
Federico Fazio,ARG,DF,Salernitana,Serie A,36,1987,13,12,1063.0,1.0,1.0,0.7,0.1,0.7,13.0,40.0,4.0,-2.20044159168759,-3.869238697035766,Low
Jacopo Fazzini,ITA,MF,Empoli,Serie A,20,2003,14,3,366.0,0.3,3.0,8.0,23.0,10.0,,,,1.6116687574530215,-0.3425439404024351,Mid
Zouhair Feddal,MAR,DF,Valladolid,La Liga,34,1989,8,4,375.0,0.2,1.0,,,5.0,,,,-1.7239277980450138,-4.491051064197199,Low
Nabil Fekir,FRA,MF,Betis,La Liga,29,1993,15,12,961.0,2.0,2.0,2.4,4.0,1.0,42.0,1.6,2.7,-0.5326433139385727,-1.6103460966222292,Mid
Felipe,BRA,DF,Nott'ham Forest,Premier League,33,1989,6,5,534.0,0.2,1.0,2.0,0.5,0.3,,,,-1.4856709012237255,-4.766732035504264,Low
Luiz Felipe,ITA,DF,Betis,La Liga,26,1997,14,13,1032.0,0.2,1.0,1.0,23.0,0.3,0.02,0.03,0.02,0.18212737652529207,-1.5861336209647454,Mid
João Félix,POR,"FW,MF",Chelsea,Premier League,23,1999,7,7,516.0,2.0,2.0,2.8,3.3,0.4,19.0,47.0,,0.8968980669891568,-1.5369147303750985,Mid
João Félix,POR,"FW,MF",Atlético Madrid,La Liga,23,1999,14,7,650.0,4.0,3.0,2.8,1.5,2.8,17.0,27.0,42.0,0.8968980669891568,-2.0034691041206267,Low
Ohis Felix Uduokhai,GER,DF,Augsburg,Bundesliga,25,1997,13,10,976.0,0.1,1.0,9.0,0.4,0.2,0.01,4.0,0.09,0.4203842733465803,-2.36152603937158,Low
Kiko Femenía,ESP,DF,Villarreal,La Liga,32,1991,15,10,899.0,26.0,0.6,0.0,0.06,0.06,0.0,0.0,0.0,-1.2474140044024373,-5.097603581045859,Low
Evan Ferguson,IRL,FW,Brighton,Premier League,18,2004,10,5,466.0,3.0,2.0,2.2,0.3,2.2,6.0,5.0,30.0,2.088182551095598,-2.5541950679740215,Low
Lewis Ferguson,SCO,MF,Bologna,Serie A,23,1999,21,18,1539.0,4.0,4.0,3.4,4.2,0.8,19.0,73.0,0.23,0.8968980669891568,2.4085957565316134,High
Bruno Fernandes,POR,"MF,FW",Manchester Utd,Premier League,28,1994,25,25,2248.0,5.0,6.0,5.3,5.0,1.0,55.0,10.1,14.6,-0.2943864171172844,3.6601352737787622,High
Edimilson Fernandes,SUI,DF,Mainz 05,Bundesliga,26,1996,23,19,1685.0,0.3,2.0,10.0,1.4,1.1,0.02,16.0,0.11,0.18212737652529207,0.25291252352912375,Mid
Aitor Fernández,ESP,GK,Osasuna,La Liga,31,1991,14,14,1260.0,0.0,1.0,0.0,0.0,0.0,0.0,0.0,0.0,-1.0091571075811492,-3.717288537385861,Low
Álex Fernández,ESP,"MF,FW",Cádiz,La Liga,30,1992,23,16,1423.0,3.0,3.0,2.5,1.2,1.8,16.0,55.0,23.0,-0.7709002107598608,-0.5625563197181767,Mid
Álvaro Fernández,ESP,GK,Espanyol,La Liga,24,1998,11,11,990.0,0.0,0.2,0.0,0.0,0.01,0.0,0.0,0.0,0.6586411701678685,-2.907459744485609,Low
Carlos Fernández,ESP,FW,Real Sociedad,La Liga,26,1996,15,6,408.0,1.0,1.0,1.1,1.5,0.4,5.0,39.0,,0.18212737652529207,-3.65964974411568,Low
Enzo Fernández,ARG,MF,Chelsea,Premier League,22,2001,7,7,623.0,0.5,2.0,9.0,74.0,1.7,,,,1.135154963810445,3.2624580185437013,High
Joaquín Fernández,ESP,DF,Valladolid,La Liga,26,1996,19,16,1511.0,1.0,1.0,0.5,0.6,0.1,6.0,1.0,0.06,0.18212737652529207,-1.4595160185259264,Mid
Fernando,ESP,GK,Almería,La Liga,32,1990,25,25,2205.0,0.0,2.0,0.0,0.0,0.0,0.0,0.0,0.0,-1.2474140044024373,-0.8837617166052254,Mid
Fernando,BRA,"MF,DF",Sevilla,La Liga,35,1987,15,14,1144.0,0.2,2.0,5.0,50.0,0.3,0.01,0.01,0.02,-1.962184694866302,-1.446872946108686,Mid
Alex Ferrari,ITA,DF,Sampdoria,Serie A,28,1994,12,10,868.0,0.2,3.0,7.0,3.0,25.0,0.02,0.06,0.02,-0.2943864171172844,-3.3793752339563228,Low
Alex Ferrari,ITA,DF,Cremonese,Serie A,28,1994,10,9,682.0,1.0,3.0,0.0,,1.0,,,,-0.2943864171172844,-2.5278484127833396,Low
Jordan Ferri,FRA,MF,Montpellier,Ligue 1,31,1992,25,24,2030.0,0.3,2.0,30.0,2.2,0.3,0.01,160.0,30.0,-1.0091571075811492,5.723275369460155,High
Fidel,ESP,"MF,FW",Elche,La Liga,33,1989,16,10,867.0,1.0,1.0,1.1,0.3,3.0,28.0,1.3,56.0,-1.4856709012237255,-3.9731331230965443,Low
Roberto Firmino,BRA,"FW,MF",Liverpool,Premier League,31,1991,19,11,1031.0,8.0,4.0,4.5,6.8,2.3,12.0,79.0,0.35,-1.0091571075811492,-1.2143167445775898,Mid
Junior Firpo,ESP,DF,Leeds United,Premier League,26,1996,11,7,739.0,1.0,1.0,0.1,0.5,0.4,13.0,22.0,,0.18212737652529207,-3.1814720773625513,Low
Kilian Fischer,GER,DF,Wolfsburg,Bundesliga,22,2000,6,4,375.0,0.3,1.0,3.0,9.0,17.0,,,,1.135154963810445,-1.951467076608577,Low
Mark Flekken,NED,GK,Freiburg,Bundesliga,29,1993,25,25,2250.0,0.0,0.1,0.0,0.0,0.0,0.0,0.0,0.0,-0.5326433139385727,-0.09488663263114172,Mid
Florian Flick,GER,MF,Schalke 04,Bundesliga,22,2000,8,5,512.0,0.1,1.0,2.0,,2.0,,,,1.135154963810445,-1.746516811632061,Low
Alexis Flips,FRA,"FW,DF",Reims,Ligue 1,23,2000,23,20,1400.0,2.0,6.0,2.3,2.3,1.0,20.0,7.2,70.0,0.8968980669891568,0.6750368269444966,Mid
Phil Foden,ENG,FW,Manchester City,Premier League,22,2000,24,17,1406.0,9.0,5.0,4.8,3.0,4.8,39.0,62.0,221.0,1.135154963810445,2.9837967099694014,High
Seko Fofana,CIV,MF,Lens,Ligue 1,27,1995,26,25,2263.0,4.0,4.0,7.1,2.0,2.0,89.0,3.2,8.7,-0.05612952029599616,5.281853346292877,High
Wesley Fofana,FRA,DF,Chelsea,Premier League,22,2000,7,5,558.0,1.0,1.0,0.6,23.0,0.6,18.0,,,1.135154963810445,-0.906747486791146,Mid
Yahia Fofana,FRA,GK,Angers,Ligue 1,22,2000,8,8,720.0,,1.0,0.0,0.0,0.0,0.0,,,1.135154963810445,-2.4571829047932905,Low
Youssouf Fofana,FRA,MF,Monaco,Ligue 1,24,1999,27,26,2289.0,1.0,1.0,2.1,2.1,1.0,58.0,4.8,173.0,0.6586411701678685,4.360446568287054,High
Thomas Foket,BEL,DF,Reims,Ligue 1,28,1994,14,13,1159.0,0.1,0.1,30.0,0.11,98.0,0.01,0.01,0.11,-0.2943864171172844,-0.5564545794676865,Mid
José Fonte,POR,DF,Lille,Ligue 1,39,1983,23,22,1872.0,1.0,1.0,1.2,1.6,0.4,4.0,8.0,0.05,-2.915212282151455,-2.9316270751408258,Low
Pablo Fornals,ESP,"FW,MF",West Ham,Premier League,27,1996,22,11,1038.0,1.0,1.0,1.0,2.5,1.5,21.0,69.0,0.09,-0.05612952029599616,-0.6612924877820987,Mid
Emil Forsberg,SWE,"MF,FW",RB Leipzig,Bundesliga,31,1991,22,11,1096.0,6.0,3.0,4.6,2.0,2.0,19.0,1.8,4.8,-1.0091571075811492,-2.9567656476911974,Low
Fraser Forster,ENG,GK,Tottenham,Premier League,35,1988,7,7,630.0,,,0.0,0.0,0.0,0.0,,0.0,-1.962184694866302,-5.840512391752959,Low
Philipp Förster,GER,MF,Bochum,Bundesliga,28,1995,20,12,1024.0,2.0,5.0,0.7,2.0,0.7,15.0,47.0,38.0,-0.2943864171172844,-1.652873772590703,Mid
Dimitri Foulquier,FRA,"DF,MF",Valencia,La Liga,30,1993,20,11,1115.0,0.1,1.0,27.0,0.9,0.8,0.01,48.0,0.08,-0.7709002107598608,-0.4324443246216625,Mid
Juan Foyth,ARG,DF,Villarreal,La Liga,25,1998,15,13,1171.0,1.0,1.0,0.6,1.8,1.2,33.0,11.0,0.08,0.4203842733465803,-0.6458405064159634,Mid
Przemyslaw Frankowski,POL,"DF,MF",Lens,Ligue 1,27,1995,28,22,2042.0,2.0,2.0,2.2,1.0,1.0,39.0,5.2,6.6,-0.05612952029599616,1.7807326733681332,High
Ryan Fraser,SCO,FW,Newcastle Utd,Premier League,29,1994,8,3,313.0,0.3,1.0,8.0,23.0,9.0,,,,-0.5326433139385727,-2.574134519706065,Low
Davide Frattesi,ITA,MF,Sassuolo,Serie A,23,1999,27,26,2150.0,6.0,6.0,5.3,6.8,1.5,58.0,72.0,0.25,0.8968980669891568,6.587226612754461,High
Fred,BRA,MF,Manchester Utd,Premier League,30,1993,23,10,969.0,2.0,1.0,1.8,2.0,1.8,8.0,52.0,34.0,-0.7709002107598608,-2.5896068444225198,Low
Ryan Fredericks,ENG,DF,Bournemouth,Premier League,30,1992,12,5,533.0,13.0,1.0,0.0,,28.0,,,,-0.7709002107598608,-3.800854252209689,Low
Iván Fresneda,ESP,DF,Valladolid,La Liga,18,2004,13,10,1006.0,0.1,1.0,25.0,65.0,41.0,0.01,0.08,0.01,2.088182551095598,4.5424580136790045,High
Remo Freuler,SUI,MF,Nott'ham Forest,Premier League,30,1992,23,20,1810.0,0.3,3.0,7.0,9.0,48.0,0.02,0.05,0.02,-0.7709002107598608,-0.5722786621088941,Mid
Michael Frey,SUI,FW,Schalke 04,Bundesliga,28,1994,10,7,613.0,1.2,3.0,5.0,3.0,1.8,,43.0,,-0.2943864171172844,-2.525564446351702,Low
Marco Friedl,AUT,DF,Werder Bremen,Bundesliga,25,1998,21,21,1784.0,0.3,6.0,11.0,88.0,0.7,0.01,0.02,0.04,0.4203842733465803,5.749953198322384,High
Marvin Friedrich,GER,DF,M'Gladbach,Bundesliga,27,1995,15,10,964.0,1.0,1.0,0.6,1.0,0.4,3.0,4.0,0.09,-0.05612952029599616,-3.454862468396483,Low
Jeremie Frimpong,NED,"DF,MF",Leverkusen,Bundesliga,22,2000,25,23,1927.0,7.0,6.0,5.7,4.9,5.7,124.0,50.0,165.0,1.135154963810445,8.420698692541956,High
Chris Führich,GER,"FW,MF",Stuttgart,Bundesliga,25,1998,24,17,1501.0,4.0,4.0,3.1,2.3,2.0,74.0,5.1,62.0,0.4203842733465803,2.4201476122284333,High
Angelo Fulgini,FRA,"MF,FW",Lens,Ligue 1,26,1996,7,6,415.0,1.0,1.0,0.8,1.7,0.9,9.0,40.0,,0.18212737652529207,-3.4579612119336707,Low
Angelo Fulgini,FRA,MF,Mainz 05,Bundesliga,26,1996,16,5,525.0,0.6,1.0,3.0,1.4,0.8,,43.0,,0.18212737652529207,-2.7470037924516384,Low
Niclas Füllkrug,GER,FW,Werder Bremen,Bundesliga,30,1993,24,24,2117.0,15.0,5.0,11.8,4.0,5.0,37.0,3.0,10.6,-0.7709002107598608,2.37563130302082,High
Matteo Gabbia,ITA,DF,Milan,Serie A,23,1999,11,6,603.0,1.0,2.0,,,,,,,0.8968980669891568,-1.2192008561862848,Mid
Manolo Gabbiadini,ITA,"FW,MF",Sampdoria,Serie A,31,1991,24,16,1451.0,6.0,1.0,5.8,1.8,5.8,19.0,30.0,78.0,-1.0091571075811492,-0.8942490609873788,Mid
Roberto Gagliardini,ITA,MF,Inter,Serie A,28,1994,12,3,414.0,0.5,1.0,12.0,17.0,22.0,,,,-0.2943864171172844,-2.1586188552581738,Low
Adolfo Gaich,ARG,FW,Hellas Verona,Serie A,24,1999,7,4,371.0,1.2,1.2,3.0,,21.0,,,,0.6586411701678685,-2.501573254713096,Low
Cody Gakpo,NED,FW,Liverpool,Premier League,23,1999,9,8,658.0,4.0,4.0,2.8,16.0,3.3,14.0,,,0.8968980669891568,-0.961015985022711,Mid
Javi Galán,ESP,DF,Celta Vigo,La Liga,28,1994,26,25,2260.0,0.4,2.0,94.0,3.8,3.4,0.02,161.0,0.08,-0.2943864171172844,12.92581336330608,High
Iñigo Ruiz de Galarreta,ESP,MF,Mallorca,La Liga,29,1993,22,20,1744.0,0.2,7.0,16.0,16.0,92.0,0.01,0.06,0.01,-0.5326433139385727,0.793898385776791,Mid
Conor Gallagher,ENG,"MF,FW",Chelsea,Premier League,23,2000,24,10,945.0,1.0,1.0,1.2,1.2,1.0,27.0,3.3,60.0,0.8968980669891568,-1.3960530777212288,Mid
Antonino Gallo,ITA,DF,Lecce,Serie A,23,2000,22,19,1692.0,0.1,1.0,53.0,1.4,0.1,0.01,113.0,40.0,0.8968980669891568,7.287589735030576,High
Gauthier Gallon,FRA,GK,Troyes,Ligue 1,29,1993,21,21,1890.0,0.0,3.0,0.0,0.0,0.0,0.0,0.0,0.0,-0.5326433139385727,-1.23884594576283,Mid
Cristian Gamboa,CRC,DF,Bochum,Bundesliga,33,1989,15,15,1272.0,0.1,2.0,7.0,17.0,47.0,0.01,0.04,0.01,-1.4856709012237255,-2.3895545589174922,Low
Kévin Gameiro,FRA,FW,Strasbourg,Ligue 1,35,1987,26,22,1865.0,7.0,7.0,6.6,5.6,1.0,41.0,8.7,60.0,-1.962184694866302,0.4339151035784701,Mid
Idrissa Gana Gueye,SEN,MF,Everton,Premier League,33,1989,23,22,1794.0,0.1,1.0,21.0,1.0,0.9,0.01,12.0,0.05,-1.4856709012237255,0.06157149801223816,Mid
Ignatius Ganago,CMR,FW,Nantes,Ligue 1,24,1999,20,12,1145.0,4.0,3.0,2.3,3.8,1.6,15.0,73.0,0.24,0.6586411701678685,0.389342565963126,Mid
Aleix García,ESP,MF,Girona,La Liga,25,1997,25,25,2142.0,1.0,5.0,1.5,6.0,1.5,39.0,137.0,66.0,0.4203842733465803,6.297042801823734,High
Álvaro García,ESP,"FW,MF",Rayo Vallecano,La Liga,30,1992,24,23,2014.0,4.0,2.0,2.6,3.5,2.6,88.0,52.0,212.0,-0.7709002107598608,4.709392722878132,High
Borja García,ESP,"MF,FW",Girona,La Liga,32,1990,8,7,531.0,1.0,1.0,0.7,1.2,0.5,6.0,22.0,,-1.2474140044024373,-5.174487782013652,Low
Dani García,ESP,MF,Athletic Club,La Liga,32,1990,17,11,925.0,0.5,1.0,4.0,0.8,0.4,0.05,3.0,0.1,-1.2474140044024373,-4.431731335582401,Low
David García,ESP,DF,Osasuna,La Liga,29,1994,23,23,2029.0,2.0,2.0,0.5,0.4,0.5,11.0,79.0,3.0,-0.5326433139385727,1.7695515864529159,High
Eric García,ESP,DF,Barcelona,La Liga,22,2001,14,11,909.0,1.0,1.0,1.4,63.0,1.4,17.0,0.1,0.1,1.135154963810445,2.0617898937967785,High
Francisco Garcia,ESP,DF,Rayo Vallecano,La Liga,23,1999,26,26,2327.0,0.7,2.0,137.0,1.7,1.0,0.03,119.0,0.08,0.8968980669891568,17.14374593748292,High
Raúl García,ESP,"FW,MF",Athletic Club,La Liga,36,1986,25,5,708.0,2.0,2.0,3.2,1.1,3.2,9.0,25.0,43.0,-2.20044159168759,-5.679467311701218,Low
Rubén García,ESP,"MF,FW",Osasuna,La Liga,29,1993,20,6,728.0,1.0,2.0,1.6,1.3,1.6,15.0,31.0,63.0,-0.5326433139385727,-3.5564863619289873,Low
Unai García,ESP,DF,Osasuna,La Liga,31,1992,17,16,1361.0,0.2,1.0,10.0,0.1,0.2,0.01,41.0,3.0,-1.0091571075811492,-1.3498985156573886,Mid
Alejandro Garnacho,ESP,"FW,MF",Manchester Utd,Premier League,18,2004,15,4,453.0,2.0,2.0,1.6,1.0,1.6,25.0,5.0,68.0,2.088182551095598,-1.8658816468191213,Low
Johan Gastien,FRA,MF,Clermont Foot,Ligue 1,35,1988,21,19,1703.0,2.0,2.0,0.6,1.4,0.6,9.0,145.0,17.0,-1.962184694866302,0.8471979144905148,Mid
Federico Gatti,ITA,DF,Juventus,Serie A,24,1998,8,7,634.0,0.3,3.0,6.0,2.0,26.0,,,,0.6586411701678685,-1.7277545541106827,Low
Gavi,ESP,"MF,FW",Barcelona,La Liga,18,2004,25,20,1716.0,1.0,2.0,2.1,2.5,2.1,32.0,91.0,115.0,2.088182551095598,4.977756351932821,High
Paulo Gazzaniga,ARG,GK,Girona,La Liga,31,1992,16,16,1440.0,0.0,3.0,0.0,0.0,0.0,0.0,0.0,0.0,-1.0091571075811492,-3.145308880820017,Low
David de Gea,ESP,GK,Manchester Utd,Premier League,32,1990,26,26,2340.0,0.0,0.1,0.0,0.0,0.0,0.0,0.0,0.0,-1.2474140044024373,-0.5236674948120845,Mid
Dennis Geiger,GER,MF,Hoffenheim,Bundesliga,24,1998,20,20,1429.0,1.0,2.0,0.2,2.0,0.2,19.0,81.0,19.0,0.6586411701678685,2.0381449901074076,High
Valentin Gendrey,FRA,DF,Lecce,Serie A,22,2000,27,25,2251.0,0.5,1.0,33.0,2.1,1.6,0.02,69.0,0.04,1.135154963810445,6.407936640611639,High
Yannick Gerhardt,GER,MF,Wolfsburg,Bundesliga,29,1994,20,17,1413.0,6.0,3.0,4.2,1.8,4.2,9.0,65.0,55.0,-0.5326433139385727,-0.08419394832905353,Mid
Valère Germain,FRA,"FW,MF",Montpellier,Ligue 1,32,1990,25,5,636.0,2.0,2.0,2.5,3.1,0.6,5.0,41.0,,-1.2474140044024373,-4.579877948096693,Low
Gerson,BRA,MF,Marseille,Ligue 1,25,1997,10,6,417.0,2.0,2.0,0.8,1.1,0.3,9.0,29.0,,0.4203842733465803,-3.5214750886381756,Low
Paolo Ghiglione,ITA,DF,Cremonese,Serie A,26,1997,11,6,534.0,0.1,1.0,4.0,0.6,0.5,,30.0,,0.18212737652529207,-2.8688759056214863,Low
Morgan Gibbs-White,ENG,"MF,FW",Nott'ham Forest,Premier League,23,2000,24,23,2006.0,2.0,5.0,3.5,6.1,3.5,43.0,99.0,122.0,0.8968980669891568,5.712775146151382,High
Niko Gießelmann,GER,DF,Union Berlin,Bundesliga,31,1991,20,13,1185.0,1.0,2.0,13.0,2.7,1.6,0.08,44.0,0.15,-1.0091571075811492,-1.5483368503199764,Mid
Samuel Gigot,FRA,DF,Marseille,Ligue 1,29,1993,19,17,1392.0,2.0,2.0,2.3,2.3,2.0,25.0,2.8,52.0,-0.5326433139385727,-1.0622849565379249,Mid
Rafal Gikiewicz,POL,GK,Augsburg,Bundesliga,35,1987,21,21,1890.0,0.0,3.0,0.0,0.0,0.0,0.0,0.0,0.0,-1.962184694866302,-2.668387326690559,Low
Óscar Gil,ESP,DF,Espanyol,La Liga,25,1997,22,21,1688.0,0.5,1.0,28.0,3.1,2.6,0.03,73.0,0.05,0.4203842733465803,3.915368919218384,High
Matthias Ginter,GER,DF,Freiburg,Bundesliga,29,1994,25,25,2250.0,3.0,1.0,1.1,0.7,1.1,20.0,98.0,6.0,-0.5326433139385727,3.3551218401979392,High
Andrei Girotto,BRA,"DF,MF",Nantes,Ligue 1,31,1992,27,27,2412.0,1.0,1.0,0.9,1.9,0.9,10.0,106.0,6.0,-1.0091571075811492,3.216538273139462,High
Olivier Giroud,FRA,FW,Milan,Serie A,36,1986,24,19,1577.0,8.0,4.0,8.9,7.0,1.0,10.0,8.3,3.2,-2.20044159168759,-1.8134162868286623,Low
Serge Gnabry,GER,FW,Bayern Munich,Bundesliga,27,1995,25,15,1320.0,9.0,4.0,6.9,6.1,1.0,54.0,9.7,67.0,-0.05612952029599616,1.148604077029756,High
Degnand Gnonto,ITA,"FW,MF",Leeds United,Premier League,19,2003,16,12,1064.0,2.0,3.0,1.4,1.5,1.4,57.0,26.0,116.0,1.8499256542743097,1.980278034323796,High
Ben Godfrey,ENG,DF,Everton,Premier League,25,1998,8,6,511.0,1.1,2.0,4.0,4.0,7.0,,,,0.4203842733465803,-2.370944464327639,Low
Aleksandr Golovin,RUS,"MF,FW",Monaco,Ligue 1,26,1996,26,21,1877.0,6.0,6.0,4.3,4.8,4.3,69.0,93.0,162.0,0.18212737652529207,5.5374056512619045,High
André Gomes,POR,MF,Lille,Ligue 1,29,1993,20,13,1212.0,1.0,2.0,0.5,1.1,0.5,14.0,117.0,29.0,-0.5326433139385727,0.15496338781360242,Mid
Angel Gomes,ENG,MF,Lille,Ligue 1,22,2000,27,26,2115.0,2.0,4.0,3.2,4.0,1.0,26.0,2.5,5.0,1.135154963810445,3.256928772863315,High
Toti Gomes,POR,DF,Wolves,Premier League,24,1999,7,3,310.0,,2.0,0.0,,2.0,0.0,,,0.6586411701678685,-3.832591006121655,Low
Joe Gomez,ENG,DF,Liverpool,Premier League,25,1997,19,13,1286.0,0.1,3.0,13.0,2.0,95.0,0.01,0.02,0.01,0.4203842733465803,-1.0748866205725234,Mid
Moi Gómez,ESP,"MF,FW",Osasuna,La Liga,28,1994,26,25,2111.0,1.0,2.0,1.1,3.6,1.1,32.0,154.0,65.0,-0.2943864171172844,5.452164521059713,High
Papu Gómez,ARG,"MF,FW",Sevilla,La Liga,35,1988,13,6,670.0,1.1,1.0,19.0,1.6,0.5,,42.0,,-1.962184694866302,-3.064520760167156,Low
Sergi Gómez,ESP,DF,Espanyol,La Liga,31,1992,20,17,1598.0,0.7,1.0,2.0,33.0,0.9,0.04,0.01,0.05,-1.0091571075811492,-0.6110552936045689,Mid
Maxime Gonalons,FRA,MF,Clermont Foot,Ligue 1,34,1989,16,12,853.0,1.0,1.0,0.4,0.7,0.3,7.0,1.0,0.11,-1.7239277980450138,-4.9581820990334045,Low
Diego González,ESP,DF,Elche,La Liga,28,1995,15,8,930.0,0.8,4.0,1.0,0.08,2.0,0.08,0.08,0.0,-0.2943864171172844,-4.270887829791586,Low
Édgar González,ESP,DF,Betis,La Liga,25,1997,18,13,1236.0,0.7,6.0,4.0,26.0,1.5,0.05,0.06,0.11,0.4203842733465803,-0.558149145956262,Mid
Giovanni González,URU,DF,Mallorca,La Liga,28,1994,11,8,791.0,0.2,2.0,9.0,1.4,1.2,,31.0,,-0.2943864171172844,-2.117634932631026,Low
Joan Gonzàlez,ESP,MF,Lecce,Serie A,21,2002,26,22,1851.0,1.0,3.0,1.3,1.3,1.3,16.0,57.0,53.0,1.3734118606317332,3.058467201467093,High
Nicolás González,ARG,"FW,MF",Fiorentina,Serie A,24,1998,17,9,905.0,4.0,1.0,4.4,3.0,2.0,28.0,1.2,4.4,0.6586411701678685,-1.4450928236422986,Mid
Nicolás González,ESP,MF,Valencia,La Liga,21,2002,15,7,684.0,1.0,1.0,0.8,1.1,0.3,10.0,12.0,,1.3734118606317332,-2.362297582862121,Low
Oumar Gonzalez,CMR,DF,Ajaccio,Ligue 1,25,1998,22,21,1858.0,0.8,8.0,10.0,0.04,3.0,0.04,0.04,0.0,0.4203842733465803,0.5809649282876146,Mid
Anthony Gordon,ENG,FW,Everton,Premier League,22,2001,16,12,1095.0,3.0,3.0,3.3,3.9,0.6,28.0,67.0,0.25,1.135154963810445,1.322901327537129,High
Leon Goretzka,GER,MF,Bayern Munich,Bundesliga,28,1995,19,17,1323.0,3.0,2.0,4.5,1.8,4.5,32.0,89.0,47.0,-0.2943864171172844,1.6636950920768663,High
Andoni Gorosabel,ESP,DF,Real Sociedad,La Liga,26,1996,16,11,998.0,0.3,2.0,21.0,59.0,52.0,0.03,0.07,0.03,0.18212737652529207,2.0411492800918523,High
Robin Gosens,GER,"DF,FW",Inter,Serie A,28,1994,23,5,664.0,1.0,1.0,1.5,2.6,1.1,22.0,64.0,,-0.2943864171172844,-2.3677206515411324,Low
Mario Götze,GER,MF,Eint Frankfurt,Bundesliga,30,1992,24,24,2041.0,2.0,1.0,2.1,4.5,2.1,38.0,108.0,138.0,-0.7709002107598608,4.011776864497312,High
Amine Gouiri,FRA,FW,Rennes,Ligue 1,23,2000,23,20,1697.0,9.0,1.0,8.3,2.6,8.3,45.0,48.0,128.0,0.8968980669891568,3.863227855186715,High
Jeffrey Gouweleeuw,NED,DF,Augsburg,Bundesliga,31,1991,24,24,2096.0,1.4,1.0,14.0,3.3,1.9,0.06,5.0,0.04,-1.0091571075811492,0.6376607116828164,Mid
Jonathan Gradit,FRA,DF,Lens,Ligue 1,30,1992,23,23,1930.0,1.0,3.0,0.8,1.1,0.8,28.0,175.0,7.0,-0.7709002107598608,4.560169815892548,High
Alberto Grassi,ITA,MF,Empoli,Serie A,28,1995,15,7,569.0,0.4,2.0,2.0,5.0,26.0,,,,-0.2943864171172844,-2.9761539238745205,Low
Ryan Gravenberch,NED,MF,Bayern Munich,Bundesliga,20,2002,15,1,318.0,0.7,1.0,6.0,17.0,22.0,,,,1.6116687574530215,-1.2348080849709087,Mid
Andrew Gravillon,GLP,DF,Reims,Ligue 1,25,1998,13,12,1038.0,0.8,3.0,18.0,14.0,38.0,0.07,0.1,0.07,0.4203842733465803,-0.4496388307065838,Mid
Demarai Gray,ENG,"FW,MF",Everton,Premier League,26,1996,26,22,2023.0,4.0,1.0,5.2,2.0,2.0,77.0,3.4,7.0,0.18212737652529207,3.9989541302916622,High
Jack Grealish,ENG,"FW,MF",Manchester City,Premier League,27,1995,21,17,1525.0,3.0,4.0,3.2,4.8,3.2,107.0,67.0,216.0,-0.05612952029599616,5.152525620896864,High
Sam Greenwood,ENG,"MF,FW",Leeds United,Premier League,21,2002,15,2,339.0,1.0,2.0,0.6,1.1,0.6,7.0,13.0,7.0,1.3734118606317332,-3.7490576779247045,Low
Michael Gregoritsch,AUT,FW,Freiburg,Bundesliga,28,1994,24,23,1781.0,8.0,4.0,8.6,2.9,8.6,17.0,52.0,101.0,-0.2943864171172844,2.098018233177991,High
Clément Grenier,FRA,MF,Mallorca,La Liga,32,1991,15,6,608.0,0.2,7.0,4.0,24.0,34.0,,,,-1.2474140044024373,-2.696363073886249,Low
Antoine Griezmann,FRA,"FW,MF",Atlético Madrid,La Liga,32,1991,26,19,1780.0,9.0,8.0,6.7,7.4,6.7,62.0,105.0,134.0,-1.2474140044024373,4.02264044466436,High
Vincenzo Grifo,ITA,"FW,MF",Freiburg,Bundesliga,29,1993,24,21,1682.0,12.0,4.0,7.9,1.0,7.0,49.0,4.5,6.8,-0.5326433139385727,1.530752251246569,High
Lennart Grill,GER,GK,Union Berlin,Bundesliga,24,1999,4,4,360.0,,,0.0,0.0,0.0,0.0,,0.0,0.6586411701678685,-4.077656011567555,Low
Christian Groß,GER,MF,Werder Bremen,Bundesliga,34,1989,19,17,1377.0,1.0,1.0,0.1,0.4,0.3,14.0,11.0,0.07,-1.7239277980450138,-2.8892652627902207,Low
Pascal Groß,GER,"MF,DF",Brighton,Premier League,31,1991,25,25,2181.0,6.0,4.0,3.5,6.9,3.5,37.0,169.0,149.0,-1.0091571075811492,5.861427431825968,High
Ilia Gruev,BUL,MF,Werder Bremen,Bundesliga,22,2000,23,15,1306.0,0.2,1.0,21.0,12.0,52.0,0.01,0.05,0.01,1.135154963810445,1.2718957010112066,High
Carlos Gruezo,ECU,MF,Augsburg,Bundesliga,27,1995,13,12,961.0,2.0,5.0,0.0,0.03,5.0,0.0,0.03,0.0,-0.05612952029599616,-3.5296963612891696,Low
Vicente Guaita,ESP,GK,Crystal Palace,Premier League,36,1987,26,26,2340.0,0.0,1.0,0.0,0.0,0.0,0.0,0.0,0.0,-2.20044159168759,-1.4766950820972373,Mid
Andrés Guardado,MEX,MF,Betis,La Liga,36,1986,18,11,972.0,1.0,1.0,0.2,1.1,0.2,12.0,51.0,10.0,-2.20044159168759,-3.919188362771774,Low
Sergi Guardiola,ESP,FW,Valladolid,La Liga,31,1991,14,8,502.0,1.0,1.0,7.0,20.0,3.0,,,,-1.0091571075811492,-2.319333342109604,Low
Sergi Guardiola,ESP,FW,Cádiz,La Liga,31,1991,6,4,376.0,2.0,2.0,1.5,1.7,0.2,4.0,18.0,,-1.0091571075811492,-5.690769902065352,Low
Nemanja Gudelj,SRB,"DF,MF",Sevilla,La Liga,31,1991,23,22,1964.0,3.0,3.0,1.4,1.6,0.2,24.0,5.0,0.14,-1.0091571075811492,-0.02302299764963256,Mid
Gabriel Gudmundsson,SWE,"DF,FW",Lille,Ligue 1,23,1999,11,4,434.0,0.4,1.0,24.0,26.0,10.0,,,,0.8968980669891568,0.832757442968609,Mid
Gonçalo Guedes,POR,"FW,MF",Wolves,Premier League,26,1996,13,8,707.0,1.0,1.0,1.2,0.5,1.2,20.0,16.0,54.0,0.18212737652529207,-2.825659313538997,Low
Marc Guéhi,ENG,DF,Crystal Palace,Premier League,22,2000,27,27,2430.0,0.6,7.0,8.0,2.0,77.0,0.02,0.03,0.02,1.135154963810445,2.996254435183172,High
Mattéo Guendouzi,FRA,MF,Marseille,Ligue 1,23,1999,26,20,1716.0,1.0,3.0,2.4,1.5,2.4,38.0,123.0,77.0,0.8968980669891568,4.810901601310324,High
Raphaël Guerreiro,POR,"DF,MF",Dortmund,Bundesliga,29,1993,19,19,1660.0,3.0,9.0,2.0,4.3,2.0,48.0,123.0,98.0,-0.5326433139385727,3.733499277619059,High
Evann Guessand,FRA,"FW,MF",Nantes,Ligue 1,21,2001,26,13,1112.0,2.0,2.0,2.4,1.2,2.4,39.0,31.0,86.0,1.3734118606317332,1.1011661053742294,High
Pape Gueye,SEN,MF,Sevilla,La Liga,24,1999,6,6,521.0,0.5,3.0,5.0,1.0,0.5,,29.0,18.0,0.6586411701678685,-2.323192746031194,Low
Pape Gueye,SEN,"MF,DF",Marseille,Ligue 1,24,1999,14,4,492.0,1.0,1.0,0.7,0.9,0.7,9.0,31.0,13.0,0.6586411701678685,-3.407227149097622,Low
Josuha Guilavogui,FRA,"MF,DF",Wolfsburg,Bundesliga,32,1990,15,5,630.0,1.0,1.0,0.2,0.7,0.4,2.0,5.0,,-1.2474140044024373,-5.960190391215342,Low
Frederic Guilbert,FRA,DF,Strasbourg,Ligue 1,28,1994,8,7,595.0,0.1,3.0,12.0,30.0,22.0,,,,-0.2943864171172844,-0.5407120566726872,Mid
Hugo Guillamón,ESP,MF,Valencia,La Liga,23,2000,22,18,1522.0,1.0,4.0,1.1,0.3,5.0,11.0,1.9,93.0,0.8968980669891568,-0.16532140796066808,Mid
Bruno Guimarães,BRA,MF,Newcastle Utd,Premier League,25,1997,20,20,1667.0,3.0,3.0,1.4,1.8,1.4,21.0,127.0,20.0,0.4203842733465803,3.5076939234919116,High
Sehrou Guirassy,GUI,FW,Stuttgart,Bundesliga,27,1996,13,12,976.0,6.0,6.0,5.1,1.0,3.0,15.0,0.8,5.1,-0.05612952029599616,-2.282749226862756,Low
Péter Gulácsi,HUN,GK,RB Leipzig,Bundesliga,32,1990,6,6,540.0,,,0.0,0.0,0.0,0.0,,0.0,-1.2474140044024373,-5.411731529572017,Low
Manuel Gulde,GER,DF,Freiburg,Bundesliga,32,1991,10,4,328.0,0.1,1.0,2.0,,2.0,,,,-1.2474140044024373,-4.569871452349212,Low
Gerard Gumbau,ESP,MF,Elche,La Liga,28,1994,24,20,1765.0,0.9,4.0,11.0,3.6,2.8,0.04,31.0,0.2,-0.2943864171172844,0.6359660489783907,Mid
Robert Gumny,POL,DF,Augsburg,Bundesliga,24,1998,21,19,1686.0,1.0,2.0,0.5,0.6,0.5,21.0,47.0,48.0,0.6586411701678685,1.5255925924108817,High
Ilkay Gündogan,GER,MF,Manchester City,Premier League,32,1990,24,20,1756.0,3.0,3.0,5.2,7.8,2.6,41.0,108.0,0.15,-1.2474140044024373,3.1293294536174567,High
Christian Günter,GER,"DF,MF",Freiburg,Bundesliga,30,1993,24,24,2125.0,0.9,3.0,35.0,5.3,4.4,0.04,95.0,0.13,-0.7709002107598608,5.166802587665089,High
Koray Günter,GER,DF,Hellas Verona,Serie A,28,1994,13,11,1003.0,1.0,1.0,0.9,1.9,0.9,7.0,3.0,0.09,-0.2943864171172844,-3.2537169695384804,Low
Gorka Guruzeta,ESP,FW,Athletic Club,La Liga,26,1996,19,8,744.0,6.0,6.0,3.4,3.7,0.3,4.0,51.0,,0.18212737652529207,-2.2416115482394945,Low
Malo Gusto,FRA,DF,Lyon,Ligue 1,19,2003,17,17,1442.0,0.2,1.0,60.0,3.2,3.0,0.01,137.0,0.06,1.8499256542743097,8.888012635864342,High
Raúl Guti,ESP,MF,Elche,La Liga,26,1996,19,10,879.0,1.2,1.0,4.0,0.13,12.0,0.13,0.13,0.0,0.18212737652529207,-3.3220527549523546,Low
Miguel Gutiérrez,ESP,DF,Girona,La Liga,21,2001,24,20,1738.0,1.0,2.0,0.5,2.4,0.5,52.0,77.0,117.0,1.3734118606317332,4.7101849648435286,High
Joko Gvardiol,CRO,DF,RB Leipzig,Bundesliga,21,2002,23,18,1666.0,1.0,1.0,1.5,2.0,0.5,24.0,2.0,0.05,1.3734118606317332,1.276958949702378,High
Emmanuel Gyasi,GHA,"FW,DF",Spezia,Serie A,29,1994,24,24,1967.0,1.0,1.0,3.0,4.2,1.1,26.0,109.0,0.05,-0.5326433139385727,3.673460217533544,High
Norbert Gyömbér,SVK,DF,Salernitana,Serie A,30,1992,19,15,1150.0,0.3,3.0,5.0,0.03,1.0,0.03,0.03,0.0,-0.7709002107598608,-3.0613652594377623,Low
Christian Gytkjær,DEN,FW,Monza,Serie A,32,1990,18,3,501.0,1.0,1.0,2.7,6.0,3.0,1.0,,,-1.2474140044024373,-5.242324407904038,Low
Erling Haaland,NOR,FW,Manchester City,Premier League,22,2000,26,25,2112.0,28.0,5.0,20.1,4.0,5.0,22.0,3.7,19.9,1.135154963810445,4.507563516559606,High
Nicolas Haas,SUI,MF,Empoli,Serie A,27,1996,18,10,956.0,1.0,1.0,1.2,1.7,0.6,9.0,19.0,0.09,-0.05612952029599616,-2.732283859481396,Low
Janik Haberer,GER,MF,Union Berlin,Bundesliga,28,1994,23,21,1513.0,5.0,1.0,2.9,4.0,1.1,12.0,54.0,0.06,-0.2943864171172844,0.7474500306527004,Mid
Alexander Hack,GER,DF,Mainz 05,Bundesliga,29,1993,18,14,1124.0,0.1,2.0,1.0,52.0,0.2,0.01,0.02,0.01,-0.5326433139385727,-0.2974860534335737,Mid
Munir El Haddadi,MAR,"MF,FW",Getafe,La Liga,27,1995,18,4,662.0,2.0,1.0,1.8,0.4,1.8,16.0,19.0,60.0,-0.05612952029599616,-3.747932178191725,Low
Jaouen Hadjam,ALG,DF,Nantes,Ligue 1,20,2003,9,7,637.0,0.2,1.0,16.0,0.4,0.2,,29.0,,1.6116687574530215,-0.0710850248727668,Mid
André Hahn,GER,"FW,MF",Augsburg,Bundesliga,32,1990,7,4,391.0,2.0,2.0,0.4,8.0,0.4,3.0,,,-1.2474140044024373,-5.287088716673697,Low
Amadou Haidara,MLI,MF,RB Leipzig,Bundesliga,25,1998,23,8,903.0,1.0,1.0,1.7,0.8,1.7,6.0,52.0,7.0,0.4203842733465803,-1.9533010479806445,Low
Massadio Haïdara,MLI,"DF,MF",Lens,Ligue 1,30,1992,26,15,1334.0,1.4,4.0,20.0,46.0,81.0,0.1,0.14,0.1,-0.7709002107598608,1.3372957419448888,High
Achraf Hakimi,MAR,"DF,MF",Paris S-G,Ligue 1,24,1998,21,16,1508.0,4.0,3.0,2.7,2.8,2.7,67.0,74.0,178.0,0.6586411701678685,3.896527260398696,High
Lewis Hall,ENG,"DF,MF",Chelsea,Premier League,18,2004,5,4,304.0,0.5,1.0,10.0,19.0,9.0,,,,2.088182551095598,0.11598711798696026,Mid
Sébastien Haller,CIV,FW,Dortmund,Bundesliga,28,1994,10,6,562.0,3.0,1.0,2.9,4.3,1.4,4.0,34.0,,-0.2943864171172844,-3.7202666579490065,Low
Marcel Halstenberg,GER,DF,RB Leipzig,Bundesliga,31,1991,22,13,1225.0,1.0,1.0,0.9,0.8,0.9,12.0,48.0,46.0,-1.0091571075811492,-2.062970751219941,Low
Romain Hamouma,FRA,"FW,MF",Ajaccio,Ligue 1,35,1987,15,11,852.0,2.0,2.0,3.0,3.0,2.0,25.0,5.3,38.0,-1.962184694866302,-4.041100955549698,Low
Andreas Hanche-Olsen,NOR,DF,Mainz 05,Bundesliga,26,1997,9,9,777.0,0.2,1.0,3.0,27.0,0.2,,,,0.18212737652529207,-0.4892110309284775,Mid
Samir Handanovic,SVN,GK,Inter,Serie A,38,1984,10,10,900.0,0.0,0.0,0.0,0.0,0.0,0.0,0.0,0.0,-2.676955385330167,-6.529046128266566,Low
Genki Haraguchi,JPN,MF,Stuttgart,Bundesliga,31,1991,7,7,590.0,0.3,2.0,15.0,27.0,1.0,,,,-1.0091571075811492,-1.1668166238298079,Mid
Genki Haraguchi,JPN,MF,Union Berlin,Bundesliga,31,1991,11,6,498.0,0.3,0.3,6.0,,18.0,,,,-1.0091571075811492,-3.4103739093401693,Low
Amine Harit,MAR,"MF,FW",Marseille,Ligue 1,25,1997,10,6,515.0,0.5,1.0,19.0,54.0,38.0,,,,0.4203842733465803,1.963733792884901,High
Jack Harrison,ENG,"FW,MF",Leeds United,Premier League,26,1996,25,23,1833.0,3.0,6.0,3.2,3.4,3.2,74.0,72.0,174.0,0.18212737652529207,5.269058252081054,High
Abdou Harroui,NED,MF,Sassuolo,Serie A,25,1998,16,2,338.0,1.0,1.0,0.6,18.0,0.7,9.0,,,0.4203842733465803,-3.1006378312615777,Low
Makoto Hasebe,JPN,DF,Eint Frankfurt,Bundesliga,39,1984,10,8,733.0,1.0,1.0,0.0,,,,,,-2.915212282151455,-5.202470339768413,Low
Hans Hateboer,NED,DF,Atalanta,Serie A,29,1994,17,17,1397.0,1.0,1.0,1.3,1.5,1.3,16.0,55.0,73.0,-0.5326433139385727,-0.3213131902615373,Mid
Kai Havertz,GER,"FW,MF",Chelsea,Premier League,23,1999,26,23,1978.0,7.0,1.0,8.5,4.0,1.0,44.0,3.1,10.8,0.8968980669891568,3.6946721203106705,High
Thorgan Hazard,BEL,"FW,DF",Dortmund,Bundesliga,29,1993,14,2,464.0,1.3,1.0,21.0,50.0,28.0,,,,-0.5326433139385727,0.3219326713366446,Mid
Jonas Hector,GER,DF,Köln,Bundesliga,32,1990,23,23,2014.0,1.4,1.0,43.0,4.1,2.7,0.06,101.0,0.04,-1.2474140044024373,5.178168213716,High
Hwang Hee-chan,KOR,FW,Wolves,Premier League,27,1996,18,9,712.0,1.0,1.0,1.2,1.0,1.2,16.0,21.0,36.0,-0.05612952029599616,-2.947053291976035,Low
Gauthier Hein,FRA,"MF,FW",Auxerre,Ligue 1,26,1996,25,13,1138.0,2.0,2.0,2.8,4.7,1.9,40.0,90.0,0.16,0.18212737652529207,1.687503029773487,High
Dominique Heintz,GER,DF,Bochum,Bundesliga,29,1993,6,4,419.0,0.1,1.0,2.0,,1.0,,,,-0.5326433139385727,-3.7052452105646823,Low
Dean Henderson,ENG,GK,Nott'ham Forest,Premier League,26,1997,18,18,1620.0,0.0,2.0,0.0,0.0,0.0,0.0,0.0,0.0,0.18212737652529207,-1.3820447401477312,Mid
Jordan Henderson,ENG,MF,Liverpool,Premier League,32,1990,23,14,1261.0,0.7,1.0,23.0,1.9,1.3,0.05,32.0,0.07,-1.2474140044024373,-0.9520949268694174,Mid
Liam Henderson,SCO,MF,Empoli,Serie A,26,1996,18,9,783.0,0.3,1.0,9.0,1.5,1.1,,23.0,,0.18212737652529207,-1.7066628098864005,Low
Benjamin Henrichs,GER,"DF,MF",RB Leipzig,Bundesliga,26,1997,22,17,1613.0,2.0,1.0,0.8,1.1,0.8,36.0,78.0,119.0,0.18212737652529207,2.149750695116146,High
Luiz Henrique,BRA,FW,Betis,La Liga,22,2001,23,15,1303.0,1.0,1.0,2.4,1.1,2.4,41.0,15.0,86.0,1.135154963810445,1.1455947575829224,High
Matheus Henrique,BRA,MF,Sassuolo,Serie A,25,1997,19,12,1196.0,2.0,2.0,1.3,2.5,1.3,22.0,41.0,0.15,0.4203842733465803,-0.4002814331207552,Mid
Rico Henry,ENG,DF,Brentford,Premier League,25,1997,26,26,2316.0,1.4,2.0,37.0,77.0,3.8,0.06,0.08,0.08,0.4203842733465803,9.045455354281913,High
Thomas Henry,FRA,FW,Hellas Verona,Serie A,28,1994,16,13,1030.0,2.0,2.0,1.7,2.8,1.1,3.0,58.0,0.17,-0.2943864171172844,-1.6406592518032928,Mid
Christophe Hérelle,MTQ,DF,Brest,Ligue 1,30,1992,16,12,1060.0,0.1,2.0,2.0,2.0,24.0,0.01,0.02,0.01,-0.7709002107598608,-3.7818746175092697,Low
Mario Hermoso,ESP,DF,Atlético Madrid,La Liga,27,1995,14,12,1072.0,2.0,2.0,1.6,0.7,1.6,5.0,40.0,2.0,-0.05612952029599616,-1.9548508332492447,Low
Aridane Hernández,EQG,DF,Osasuna,La Liga,34,1989,12,11,954.0,3.0,19.0,0.0,0.0,0.0,0.0,0.0,0.0,-1.7239277980450138,-5.349312227506667,Low
Lucas Hernández,FRA,DF,Bayern Munich,Bundesliga,27,1996,7,6,476.0,3.0,1.0,0.0,,4.0,,,,-0.05612952029599616,-3.042168085596284,Low
Luis Hernández,ESP,DF,Cádiz,La Liga,33,1989,24,24,2159.0,0.2,6.0,4.0,53.0,0.9,0.01,0.03,0.04,-1.4856709012237255,2.1653715509319724,High
Theo Hernández,FRA,DF,Milan,Serie A,25,1997,23,23,2009.0,3.0,3.0,3.6,5.0,1.0,77.0,2.8,5.6,0.4203842733465803,4.368337808626792,High
Ander Herrera,ESP,MF,Athletic Club,La Liga,33,1989,8,4,307.0,0.2,1.0,3.0,0.6,0.2,,16.0,4.0,-1.4856709012237255,-5.620592097177497,Low
Sergio Herrera,ESP,GK,Osasuna,La Liga,29,1993,12,12,1080.0,0.0,3.0,0.0,0.0,0.0,0.0,0.0,0.0,-0.5326433139385727,-3.812754400309128,Low
Yangel Herrera,VEN,"MF,FW",Girona,La Liga,25,1998,16,10,776.0,2.0,2.0,2.1,0.9,2.1,15.0,39.0,47.0,0.4203842733465803,-1.755164899312382,Low
Son Heung-min,KOR,"MF,FW",Tottenham,Premier League,30,1992,26,23,2026.0,6.0,4.0,6.6,4.6,6.6,64.0,58.0,150.0,-0.7709002107598608,4.219434279135443,High
Aaron Hickey,SCO,DF,Brentford,Premier League,20,2002,15,14,1156.0,0.2,5.0,27.0,32.0,53.0,0.01,0.03,0.01,1.6116687574530215,3.0943601338233537,High
Isak Hien,SWE,DF,Hellas Verona,Serie A,24,1999,22,18,1736.0,13.0,8.0,0.0,0.01,2.0,0.0,0.01,0.0,0.6586411701678685,-0.7136698886440109,Mid
Piero Hincapié,ECU,DF,Leverkusen,Bundesliga,21,2002,22,19,1761.0,1.0,1.0,1.2,0.7,1.2,34.0,56.0,23.0,1.3734118606317332,3.2434400447889216,High
Morten Hjulmand,DEN,MF,Lecce,Serie A,23,1999,25,25,2127.0,0.3,4.0,7.0,1.9,0.3,0.01,109.0,9.0,0.8968980669891568,4.556274358595906,High
Adam Hloek,CZE,"FW,MF",Leverkusen,Bundesliga,20,2002,22,13,1024.0,4.0,3.0,2.4,2.5,2.4,19.0,29.0,59.0,1.6116687574530215,0.316080782992467,Mid
Nicolas Höfler,GER,MF,Freiburg,Bundesliga,33,1990,24,24,2102.0,1.5,1.0,10.0,2.5,0.9,0.07,7.0,0.04,-1.4856709012237255,-0.1925382745035995,Mid
Jonas Hofmann,GER,"FW,MF",M'Gladbach,Bundesliga,30,1992,22,22,1941.0,8.0,8.0,5.1,4.4,1.0,52.0,13.5,71.0,-0.7709002107598608,2.1583397496993366,High
Philipp Hofmann,GER,FW,Bochum,Bundesliga,29,1993,25,22,1897.0,7.0,1.0,5.7,2.3,5.7,7.0,50.0,87.0,-0.5326433139385727,1.110215267257977,High
Lucas Höler,GER,"FW,MF",Freiburg,Bundesliga,28,1994,17,7,731.0,3.0,3.0,2.1,15.0,2.9,7.0,,,-0.2943864171172844,-2.6102015714948674,Low
Mason Holgate,ENG,"DF,MF",Everton,Premier League,26,1996,5,3,365.0,0.3,1.0,4.0,2.0,10.0,,,,0.18212737652529207,-3.3812364258763727,Low
Emil Holm,SWE,DF,Spezia,Serie A,22,2000,20,17,1393.0,1.0,1.0,1.2,1.3,1.2,41.0,40.0,82.0,1.135154963810445,2.0841666458203845,High
Gerrit Holtmann,PHI,FW,Bochum,Bundesliga,28,1995,18,8,854.0,1.0,1.0,2.1,2.8,0.8,34.0,74.0,0.11,-0.2943864171172844,-0.7859593093693585,Mid
Martin Hongla,CMR,MF,Hellas Verona,Serie A,25,1998,9,6,523.0,0.2,4.0,6.0,10.0,24.0,,,,0.4203842733465803,-1.8135259170923095,Low
Martin Hongla,CMR,"DF,MF",Valladolid,La Liga,25,1998,6,5,486.0,1.0,5.0,0.0,0.0,0.0,,,,0.4203842733465803,-3.152151951933658,Low
Franck Honorat,FRA,"FW,MF",Brest,Ligue 1,26,1996,25,23,1992.0,5.0,3.0,3.7,7.1,3.7,82.0,51.0,196.0,0.18212737652529207,5.643249977260796,High
Cédric Hountondji,BEN,DF,Angers,Ligue 1,29,1994,28,27,2452.0,0.9,5.0,5.0,1.0,70.0,0.03,0.04,0.03,-0.5326433139385727,1.0319545399550873,High
Luká Hrádecký,FIN,GK,Leverkusen,Bundesliga,33,1989,24,24,2159.0,0.0,1.0,0.0,0.0,0.0,0.0,0.0,0.0,-1.4856709012237255,-1.3355508124994437,Mid
Petko Hristov,BUL,DF,Spezia,Serie A,24,1999,9,4,365.0,0.1,0.1,2.0,,,,,,0.6586411701678685,-2.6028859986705037,Low
Timo Hübers,GER,DF,Köln,Bundesliga,26,1996,20,19,1749.0,1.0,1.0,0.6,0.7,0.1,7.0,0.05,0.05,0.18212737652529207,-0.6171547315714376,Mid
Callum Hudson-Odoi,ENG,"FW,MF",Leverkusen,Bundesliga,22,2000,13,7,597.0,0.2,1.0,29.0,31.0,0.9,,,,1.135154963810445,2.505601718061687,High
Will Hughes,ENG,MF,Crystal Palace,Premier League,27,1995,18,3,418.0,0.1,4.0,6.0,10.0,17.0,,,,-0.05612952029599616,-2.876293086046182,Low
Mats Hummels,GER,DF,Dortmund,Bundesliga,34,1988,21,16,1357.0,1.4,4.0,12.0,5.0,71.0,0.1,0.15,0.1,-1.7239277980450138,-2.595706651841833,Low
Adrien Hunou,FRA,"FW,MF",Angers,Ligue 1,29,1994,25,23,1766.0,3.0,1.0,5.5,2.2,5.5,28.0,47.0,117.0,-0.5326433139385727,1.886144858395399,High
Denis Huseinbasic,GER,"MF,FW",Köln,Bundesliga,21,2001,16,7,683.0,3.0,1.0,2.1,0.3,2.1,9.0,30.0,43.0,1.3734118606317332,-1.8965633649432643,Low
Elseid Hysaj,ALB,DF,Lazio,Serie A,29,1994,23,12,1169.0,0.1,1.0,24.0,0.9,0.8,0.01,37.0,0.08,-0.5326433139385727,-0.5113625849879593,Mid
Pierre Højbjerg,DEN,MF,Tottenham,Premier League,27,1995,27,27,2411.0,4.0,3.0,1.6,2.3,1.6,36.0,193.0,60.0,-0.05612952029599616,7.565915057465536,High
Rasmus Højlund,DEN,FW,Atalanta,Serie A,20,2003,23,14,1280.0,7.0,1.0,6.0,1.3,6.0,26.0,32.0,158.0,1.6116687574530215,1.5243529911481388,High
Iago,BRA,"DF,MF",Augsburg,Bundesliga,26,1997,18,15,1323.0,0.4,1.0,20.0,0.9,0.4,0.03,46.0,40.0,0.18212737652529207,0.7261001245513022,Mid
Pablo Ibáñez,ESP,MF,Osasuna,La Liga,24,1998,13,5,443.0,0.6,1.0,6.0,29.0,1.3,,,,0.6586411701678685,-0.7212798510367109,Mid
Roger Ibanez,BRA,DF,Roma,Serie A,24,1998,26,26,2281.0,3.0,3.0,2.1,0.6,2.1,23.0,59.0,9.0,0.6586411701678685,4.000897149698903,High
Mounaim El Idrissy,FRA,FW,Ajaccio,Ligue 1,24,1999,25,23,1930.0,5.0,5.0,6.4,7.2,0.9,19.0,146.0,0.23,0.6586411701678685,5.74388597719232,High
Iglesias,ESP,DF,Getafe,La Liga,24,1998,22,15,1503.0,1.0,1.0,0.5,1.2,0.7,29.0,80.0,0.06,0.6586411701678685,1.8798581895136355,High
Borja Iglesias,ESP,FW,Betis,La Liga,30,1993,24,22,1765.0,12.0,3.0,12.1,1.0,6.0,20.0,7.4,2.3,-0.7709002107598608,0.7079344670984833,Mid
Igor,BRA,DF,Fiorentina,Serie A,25,1998,20,16,1452.0,0.5,9.0,14.0,58.0,0.7,0.03,0.01,0.04,0.4203842733465803,3.0153146282673178,High
Kelechi Iheanacho,NGA,"FW,MF",Leicester City,Premier League,26,1996,21,7,744.0,3.0,4.0,4.4,7.3,3.0,23.0,73.0,,0.18212737652529207,-0.6749454337386627,Mid
Jonathan Ikone,FRA,FW,Fiorentina,Serie A,24,1998,25,17,1513.0,2.0,4.0,2.3,2.6,2.3,64.0,51.0,133.0,0.6586411701678685,3.294522604806723,High
Ivan Ilic,SRB,MF,Hellas Verona,Serie A,22,2001,11,10,851.0,0.4,1.0,18.0,1.4,1.0,0.04,20.0,0.11,1.135154963810445,-0.5770962306456793,Mid
Ivan Ilic,SRB,MF,Torino,Serie A,22,2001,5,4,396.0,5.0,1.0,,18.0,0.2,,,,1.135154963810445,-0.9981913357951668,Mid
Asier Illarramendi,ESP,MF,Real Sociedad,La Liga,33,1990,16,9,746.0,1.0,1.0,0.8,0.9,0.2,10.0,17.0,,-1.4856709012237255,-4.73300667625549,Low
Ciro Immobile,ITA,FW,Lazio,Serie A,33,1990,20,18,1452.0,9.0,3.0,9.7,3.0,3.0,28.0,1.2,8.6,-1.4856709012237255,-0.9640050132202782,Mid
Danny Ings,ENG,FW,West Ham,Premier League,30,1992,7,3,330.0,2.0,2.0,2.0,5.0,2.3,2.0,,,-0.7709002107598608,-5.125227830040492,Low
Danny Ings,ENG,FW,Aston Villa,Premier League,30,1992,18,8,824.0,6.0,6.0,5.3,3.8,3.0,15.0,5.0,12.0,-0.7709002107598608,-3.5121632769379634,Low
Marcus Ingvartsen,DEN,"FW,MF",Mainz 05,Bundesliga,27,1996,19,12,938.0,8.0,8.0,5.9,2.8,1.0,10.0,3.0,19.0,-0.05612952029599616,-2.3383964608238106,Low
Bonke Innocent,NGA,MF,Lorient,Ligue 1,27,1996,19,10,914.0,0.1,1.0,3.0,0.4,0.3,0.01,0.1,0.1,-0.05612952029599616,-3.5843123035788134,Low
Alexander Isak,SWE,FW,Newcastle Utd,Premier League,23,1999,10,7,623.0,6.0,6.0,5.5,4.0,1.0,14.0,4.6,13.0,0.8968980669891568,-2.3381500554483305,Low
Isco,ESP,"MF,FW",Sevilla,La Liga,30,1992,12,10,799.0,0.4,2.0,16.0,2.1,1.7,,36.0,,-0.7709002107598608,-1.5014562640333806,Mid
Ismaily,BRA,DF,Lille,Ligue 1,33,1990,18,17,1449.0,2.0,1.0,1.1,3.4,2.3,31.0,94.0,0.06,-1.4856709012237255,0.5408695223652289,Mid
Ardian Ismajli,ALB,DF,Empoli,Serie A,26,1996,20,18,1675.0,0.7,3.0,7.0,0.01,31.0,0.04,0.04,0.04,0.18212737652529207,-0.6480633990274219,Mid
Ko Itakura,JPN,DF,M'Gladbach,Bundesliga,26,1997,16,15,1315.0,0.5,2.0,16.0,0.7,0.2,0.03,1.0,0.14,0.18212737652529207,-0.7674767694889074,Mid
Hiroki Ito,JPN,DF,Stuttgart,Bundesliga,23,1999,23,22,1931.0,0.6,1.0,21.0,2.5,1.9,0.03,15.0,0.05,0.8968980669891568,2.832874904303044,High
Junya Ito,JPN,FW,Reims,Ligue 1,30,1993,25,24,2044.0,5.0,5.0,4.9,4.9,1.0,90.0,11.2,94.0,-0.7709002107598608,4.2803687791148235,High
Alex Iwobi,NGA,"MF,FW",Everton,Premier League,26,1996,28,28,2478.0,1.0,6.0,1.8,3.8,1.8,51.0,135.0,102.0,0.18212737652529207,7.4175352407114135,High
Armando Izzo,ITA,DF,Monza,Serie A,31,1992,20,19,1620.0,1.0,1.0,1.4,2.1,0.7,17.0,21.0,0.06,-1.0091571075811492,-0.8983624893677303,Mid
Nicolas Jackson,SEN,FW,Villarreal,La Liga,21,2001,15,8,793.0,2.0,2.0,2.5,1.5,2.5,22.0,25.0,54.0,1.3734118606317332,-1.003561241471141,Mid
Lee Jae-sung,KOR,MF,Mainz 05,Bundesliga,30,1992,25,19,1466.0,7.0,3.0,3.0,1.9,3.0,25.0,53.0,80.0,-0.7709002107598608,0.367518319193026,Mid
Paul Jaeckel,GER,DF,Union Berlin,Bundesliga,24,1998,12,9,890.0,1.0,1.0,0.1,24.0,0.1,5.0,0.1,0.1,0.6586411701678685,-1.690361197130695,Mid
Kristijan Jakic,CRO,"DF,MF",Eint Frankfurt,Bundesliga,25,1997,21,14,1264.0,1.0,1.0,0.7,1.4,0.7,13.0,17.0,0.07,0.4203842733465803,-1.128657014926674,Mid
Ismail Jakobs,SEN,"DF,MF",Monaco,Ligue 1,23,1999,23,5,649.0,0.7,2.0,29.0,1.9,1.2,,72.0,,0.8968980669891568,1.2894919524498811,High
Daniel James,WAL,FW,Fulham,Premier League,25,1997,13,3,376.0,1.0,1.0,1.3,12.0,1.6,15.0,,,0.4203842733465803,-2.9191852942670398,Low
Reece James,ENG,"DF,MF",Chelsea,Premier League,23,1999,12,11,940.0,1.0,1.0,0.9,1.9,0.9,42.0,61.0,92.0,0.8968980669891568,0.8412653641906558,Mid
Vitaly Janelt,GER,"MF,DF",Brentford,Premier League,24,1998,26,17,1583.0,3.0,1.0,2.2,1.1,2.2,11.0,60.0,22.0,0.6586411701678685,1.130873325927685,High
Saidy Janko,GAM,DF,Bochum,Bundesliga,27,1995,15,9,806.0,19.0,1.0,,,25.0,,,,-0.05612952029599616,-1.424592166737886,Mid
Pontus Jansson,SWE,DF,Brentford,Premier League,32,1991,9,6,529.0,1.0,13.0,0.0,0.0,0.0,,,,-1.2474140044024373,-4.611358323510427,Low
Javi,ESP,DF,Girona,La Liga,24,1998,14,7,631.0,1.0,2.0,0.6,0.8,0.6,20.0,45.0,15.0,0.6586411701678685,-1.9384762090281584,Low
Luis Javier Suárez,COL,FW,Almería,La Liga,25,1997,11,9,737.0,2.0,1.0,2.6,0.7,2.6,18.0,14.0,44.0,0.4203842733465803,-2.400030777217657,Low
Julian Jeanvier,GUI,DF,Auxerre,Ligue 1,30,1992,15,15,1243.0,1.0,1.0,1.2,1.2,1.2,4.0,5.0,0.07,-0.7709002107598608,-2.884773088831062,Low
Fredrik Jensen,FIN,"FW,MF",Augsburg,Bundesliga,25,1997,17,7,789.0,2.0,1.0,1.6,1.4,1.6,2.0,23.0,44.0,0.4203842733465803,-3.144457877517981,Low
Mathias Jensen,DEN,MF,Brentford,Premier League,27,1996,27,27,2067.0,5.0,4.0,1.7,2.7,1.7,20.0,102.0,56.0,-0.05612952029599616,4.076994405131372,High
Moritz Jenz,GER,DF,Schalke 04,Bundesliga,23,1999,8,8,720.0,0.9,3.0,6.0,,1.0,,,,0.8968980669891568,-0.8631749775944814,Mid
Gabriel Jesus,BRA,FW,Arsenal,Premier League,25,1997,16,14,1259.0,5.0,5.0,8.1,2.8,8.1,31.0,40.0,125.0,0.4203842733465803,1.0018249032209685,Mid
Juan Jesus,BRA,DF,Napoli,Serie A,31,1991,8,7,614.0,1.0,1.0,0.2,27.0,0.2,3.0,,,-1.0091571075811492,-3.163035334230563,Low
Raúl Jiménez,MEX,FW,Wolves,Premier League,31,1991,13,7,743.0,2.6,1.0,5.0,13.0,4.3,,,,-1.0091571075811492,-2.657033739203384,Low
Joelinton,BRA,"MF,FW",Newcastle Utd,Premier League,26,1996,22,21,1850.0,2.0,1.0,3.4,1.8,3.4,45.0,89.0,105.0,0.18212737652529207,4.0476866317092695,High
Ben Johnson,ENG,DF,West Ham,Premier League,23,2000,13,8,744.0,12.0,0.2,0.0,,,,,,0.8968980669891568,-1.3722455833253036,Mid
Brennan Johnson,WAL,"FW,MF",Nott'ham Forest,Premier League,21,2001,27,25,2217.0,7.0,2.0,6.8,4.0,2.0,71.0,2.9,8.1,1.3734118606317332,5.903470954188042,High
Paul Joly,FRA,DF,Auxerre,Ligue 1,22,2000,10,10,867.0,0.1,2.0,19.0,48.0,41.0,0.01,0.05,0.01,1.135154963810445,1.8059550065100887,High
Frenkie de Jong,NED,MF,Barcelona,La Liga,25,1997,24,20,1781.0,2.0,1.0,1.8,2.3,1.8,60.0,165.0,61.0,0.4203842733465803,6.460110134548832,High
Joan Jordán,ESP,MF,Sevilla,La Liga,28,1994,20,17,1406.0,0.9,1.0,9.0,1.4,0.5,0.06,22.0,0.06,-0.2943864171172844,-0.9011838223244555,Mid
Jorginho,ITA,MF,Arsenal,Premier League,31,1991,6,4,355.0,0.1,0.1,7.0,,5.0,,,,-1.0091571075811492,-3.8299911286415655,Low
Jorginho,ITA,MF,Chelsea,Premier League,31,1991,18,15,1279.0,2.0,2.0,1.7,0.4,0.1,13.0,80.0,10.0,-1.0091571075811492,-0.8194291121009478,Mid
Josan,ESP,"DF,MF",Elche,La Liga,33,1989,16,3,447.0,1.0,1.0,0.2,0.4,0.2,6.0,28.0,,-1.4856709012237255,-6.04817250386424,Low
Willian José,BRA,FW,Betis,La Liga,31,1991,20,2,393.0,1.0,1.0,2.4,1.8,0.1,5.0,18.0,,-1.0091571075811492,-5.804820664668226,Low
Joselu,ESP,FW,Espanyol,La Liga,33,1990,23,22,2000.0,12.0,2.0,8.9,2.0,3.0,15.0,1.9,8.4,-1.4856709012237255,-0.21466067456729543,Mid
Diogo Jota,POR,"FW,MF",Liverpool,Premier League,26,1996,10,4,451.0,2.1,2.0,17.0,3.6,1.5,,41.0,,0.18212737652529207,-1.6455198431822602,Mid
Stevan Jovetic,MNE,"FW,MF",Hertha BSC,Bundesliga,33,1989,12,4,515.0,2.0,2.0,1.5,2.4,0.9,8.0,27.0,,-1.4856709012237255,-5.49516472475846,Low
Luka Jovic,SRB,FW,Fiorentina,Serie A,25,1997,24,13,1163.0,4.0,4.0,5.3,0.6,4.5,4.0,17.0,51.0,0.4203842733465803,-1.4673065656390805,Mid
Juanmi,ESP,FW,Betis,La Liga,29,1993,14,8,715.0,4.0,4.0,3.0,3.8,0.9,10.0,32.0,,-0.5326433139385727,-3.2285598596904705,Low
Juanpe,ESP,DF,Girona,La Liga,31,1991,12,11,930.0,0.1,3.0,4.0,2.0,28.0,0.01,0.03,0.01,-1.0091571075811492,-4.188882521041205,Low
Jubal,BRA,DF,Auxerre,Ligue 1,29,1993,27,25,2317.0,2.0,1.0,1.5,0.4,1.5,6.0,57.0,0.04,-0.5326433139385727,1.8450731190986835,High
Christopher Jullien,FRA,DF,Montpellier,Ligue 1,30,1993,22,22,1975.0,1.8,1.0,2.0,2.5,0.7,0.08,5.0,0.05,-0.7709002107598608,-0.742488310127172,Mid
Anthony Jung,GER,"DF,FW",Werder Bremen,Bundesliga,31,1991,25,24,1953.0,2.0,4.0,1.3,1.2,1.3,18.0,53.0,82.0,-1.0091571075811492,1.1061144826849223,High
Hamed Junior Traorè,CIV,"MF,FW",Bournemouth,Premier League,23,2000,5,4,337.0,0.2,0.2,15.0,,14.0,,,,0.8968980669891568,-1.2221204462269841,Mid
Hamed Junior Traorè,CIV,"MF,FW",Sassuolo,Serie A,23,2000,11,6,591.0,1.0,3.0,14.0,2.7,1.8,,36.0,,0.8968980669891568,-0.8746941361615733,Mid
Vinicius Júnior,BRA,FW,Real Madrid,La Liga,22,2000,25,25,2205.0,8.0,4.0,8.6,5.8,8.6,168.0,62.0,381.0,1.135154963810445,11.760349531389453,High
Josip Juranovic,CRO,DF,Union Berlin,Bundesliga,27,1995,5,5,450.0,1.0,1.0,1.4,0.3,0.6,6.0,15.0,18.0,-0.05612952029599616,-4.552923825426634,Low
James Justin,ENG,DF,Leicester City,Premier League,25,1998,14,14,1252.0,0.3,0.3,20.0,0.02,50.0,0.02,0.02,0.05,0.4203842733465803,-0.46969902633298805,Mid
Mathias Jørgensen,DEN,DF,Brentford,Premier League,32,1990,13,8,745.0,0.5,1.0,1.0,1.0,22.0,,,,-1.2474140044024373,-3.829530817426943,Low
Ozan Kabak,TUR,DF,Hoffenheim,Bundesliga,23,2000,22,22,1849.0,2.0,2.0,1.2,1.2,2.0,17.0,2.5,60.0,0.8968980669891568,1.2732464950679616,High
Issa Kaboré,BFA,DF,Marseille,Ligue 1,21,2001,14,5,613.0,1.0,1.0,0.7,1.1,0.5,23.0,84.0,,1.3734118606317332,-0.4102826391013086,Mid
Pavel Kaderábek,CZE,DF,Hoffenheim,Bundesliga,30,1992,21,12,1237.0,1.0,1.0,1.0,2.0,1.0,23.0,87.0,0.07,-0.7709002107598608,-0.4083747111886849,Mid
Tino Kadewere,ZIM,"FW,MF",Mallorca,La Liga,27,1996,10,4,413.0,1.0,1.0,1.3,1.0,1.9,10.0,,,-0.05612952029599616,-4.074012543738594,Low
Kaiky,BRA,DF,Almería,La Liga,19,2004,9,6,486.0,0.1,5.0,6.0,,1.0,,,,1.8499256542743097,-0.571052319087435,Mid
Florian Kainz,AUT,"FW,MF",Köln,Bundesliga,30,1992,23,22,1666.0,5.0,6.0,4.4,4.0,2.0,50.0,2.8,5.9,-0.7709002107598608,1.2649631740452145,High
Arnaud Kalimuendo,FRA,FW,Rennes,Ligue 1,21,2002,21,18,1367.0,7.0,2.0,5.7,7.6,1.8,30.0,139.0,0.13,1.3734118606317332,5.1291752667877955,High
Yayah Kallon,SLE,"MF,FW",Hellas Verona,Serie A,21,2001,20,7,778.0,1.0,1.0,1.6,1.4,1.6,32.0,20.0,60.0,1.3734118606317332,-0.9236428736420288,Mid
Gedeon Kalulu,COD,DF,Lorient,Ligue 1,25,1997,22,22,1980.0,0.5,3.0,54.0,1.8,1.3,0.02,60.0,0.14,0.4203842733465803,6.515315826969003,High
Pierre Kalulu,FRA,DF,Milan,Serie A,22,2000,27,22,2120.0,1.0,1.0,1.4,2.6,1.2,40.0,31.0,0.04,1.135154963810445,3.7995440503853954,High
Daichi Kamada,JPN,"MF,FW",Eint Frankfurt,Bundesliga,26,1996,23,19,1649.0,7.0,4.0,6.6,2.0,2.0,31.0,2.2,7.2,0.18212737652529207,0.9838652334928983,Mid
Bingourou Kamara,SEN,GK,Montpellier,Ligue 1,26,1996,5,4,408.0,,1.0,0.0,0.0,0.0,0.0,,,0.18212737652529207,-4.47512511879923,Low
Boubacar Kamara,FRA,MF,Aston Villa,Premier League,23,1999,19,18,1524.0,0.2,1.0,14.0,1.0,0.8,0.01,8.0,0.06,0.8968980669891568,0.7103339253145724,Mid
Jakub Kaminski,POL,"FW,MF",Wolfsburg,Bundesliga,20,2002,22,16,1322.0,1.0,2.0,2.5,4.1,1.8,26.0,108.0,0.14,1.6116687574530215,3.5772239615186843,High
Kevin Kampl,SVN,MF,RB Leipzig,Bundesliga,32,1990,21,11,899.0,0.1,1.0,13.0,0.6,0.5,0.01,6.0,0.1,-1.2474140044024373,-3.5917736051872433,Low
Harry Kane,ENG,FW,Tottenham,Premier League,29,1993,28,28,2505.0,21.0,2.0,15.6,4.0,4.0,46.0,4.5,16.9,-0.5326433139385727,4.595988206165304,High
Wilfried Kanga,CIV,FW,Hertha BSC,Bundesliga,25,1998,19,13,1193.0,2.0,2.0,3.0,4.3,1.2,8.0,64.0,0.15,0.4203842733465803,-0.07628871429669976,Mid
Lee Kangin,KOR,"MF,FW",Mallorca,La Liga,22,2001,25,23,1950.0,3.0,4.0,3.3,3.2,3.3,60.0,67.0,94.0,1.135154963810445,5.655137072849655,High
Kenan Karaman,TUR,FW,Schalke 04,Bundesliga,29,1994,14,5,499.0,1.0,1.0,1.7,1.8,0.1,10.0,29.0,,-0.5326433139385727,-4.3082534118169065,Low
Yann Karamoh,FRA,"MF,FW",Torino,Serie A,24,1998,12,4,426.0,3.0,3.0,2.6,2.8,0.2,14.0,50.0,,0.6586411701678685,-2.5376237112442164,Low
Atakan Karazor,GER,MF,Stuttgart,Bundesliga,26,1996,22,15,1345.0,0.2,1.0,4.0,0.8,0.6,0.01,6.0,0.07,0.18212737652529207,-1.6877141694020215,Mid
Rick Karsdorp,NED,DF,Roma,Serie A,28,1995,13,8,711.0,0.3,0.3,16.0,,33.0,,,,-0.2943864171172844,-1.1549587588425125,Mid
Denso Kasius,NED,DF,Bologna,Serie A,20,2002,7,4,342.0,0.1,2.0,9.0,0.8,0.7,,21.0,,1.6116687574530215,-1.7826576691121208,Low
Grigoris Kastanos,CYP,MF,Salernitana,Serie A,25,1998,17,6,583.0,1.0,1.0,0.9,1.2,0.3,13.0,32.0,,0.4203842733465803,-2.978275933259493,Low
Silas Katompa,COD,"FW,DF",Stuttgart,Bundesliga,24,1998,22,19,1561.0,4.0,2.0,5.2,3.0,1.0,54.0,1.2,5.6,0.6586411701678685,2.2643090338400764,High
Moise Kean,ITA,FW,Juventus,Serie A,23,2000,23,9,812.0,5.0,5.0,5.5,1.1,5.5,23.0,11.0,59.0,0.8968980669891568,-1.3581558784521297,Mid
Michael Keane,ENG,DF,Everton,Premier League,30,1993,5,4,383.0,0.7,1.0,,7.0,1.0,,,,-0.7709002107598608,-3.576108388356034,Low
Neeskens Kebano,COD,FW,Fulham,Premier League,31,1992,12,9,713.0,0.5,3.0,37.0,21.0,1.8,,,,-1.0091571075811492,0.9680118877355766,Mid
Kévin Keben Biakolo,CMR,DF,Toulouse,Ligue 1,19,2004,10,3,304.0,5.0,1.0,,,16.0,,,,1.8499256542743097,-1.1718989184564834,Mid
Thilo Kehrer,GER,DF,West Ham,Premier League,26,1996,19,19,1665.0,0.4,4.0,13.0,21.0,48.0,0.02,0.04,0.02,0.18212737652529207,1.2621210506888798,High
Check Keita,FRA,DF,Reims,Ligue 1,19,2003,7,6,530.0,7.0,1.0,,,,,,,1.8499256542743097,-0.38638706281770885,Mid
Yannik Keitel,GER,MF,Freiburg,Bundesliga,23,2000,18,5,447.0,9.0,2.0,0.0,20.0,0.1,,,,0.8968980669891568,-1.557218434931558,Mid
Lloyd Kelly,ENG,DF,Bournemouth,Premier League,24,1998,12,12,1080.0,0.1,2.0,5.0,0.4,0.2,0.01,1.0,0.17,0.6586411701678685,-2.1156953862061227,Low
Marc-Oliver Kempf,GER,DF,Hertha BSC,Bundesliga,28,1995,24,24,2094.0,1.0,4.0,8.0,1.0,65.0,0.04,0.05,0.04,-0.2943864171172844,0.5423213869132538,Mid
Jonjoe Kenny,ENG,DF,Hertha BSC,Bundesliga,26,1997,22,18,1643.0,0.3,1.0,23.0,1.3,1.1,0.01,45.0,0.05,0.18212737652529207,1.9389431592377324,High
Franck Kessié,CIV,MF,Barcelona,La Liga,26,1996,18,4,602.0,1.0,1.0,1.2,0.6,1.2,11.0,21.0,23.0,0.18212737652529207,-3.8290693792257704,Low
Saîf-Eddine Khaoui,TUN,MF,Clermont Foot,Ligue 1,27,1995,25,19,1670.0,4.0,3.0,3.1,3.6,3.1,20.0,64.0,67.0,-0.05612952029599616,1.5709110049415738,High
Wahbi Khazri,TUN,"FW,MF",Montpellier,Ligue 1,32,1991,20,13,1129.0,4.0,1.0,3.2,3.2,1.0,27.0,3.9,33.0,-1.2474140044024373,-2.50818408850861,Low
Rani Khedira,GER,MF,Union Berlin,Bundesliga,29,1994,24,24,2072.0,1.0,1.0,1.2,1.6,0.4,8.0,15.0,0.04,-0.5326433139385727,0.40866759141946196,Mid
Kike,ESP,FW,Osasuna,La Liga,33,1989,26,5,765.0,2.0,2.0,3.3,2.5,3.0,11.0,3.3,14.0,-1.4856709012237255,-5.2200921337994854,Low
Luca Kilian,GER,DF,Köln,Bundesliga,23,1999,13,13,1096.0,1.0,1.0,1.1,0.1,1.1,12.0,48.0,2.0,0.8968980669891568,-0.39245426333511346,Mid
Max Kilman,ENG,DF,Wolves,Premier League,25,1997,28,28,2520.0,1.0,3.0,26.0,4.0,101.0,0.04,0.04,0.04,0.4203842733465803,4.3326681335236,High
Joshua Kimmich,GER,MF,Bayern Munich,Bundesliga,28,1995,24,23,2036.0,4.0,4.0,1.4,1.4,1.0,28.0,5.6,225.0,-0.2943864171172844,1.132230631828234,High
Presnel Kimpembe,FRA,DF,Paris S-G,Ligue 1,27,1995,11,9,730.0,0.7,3.0,4.0,4.0,40.0,,,,-0.05612952029599616,-2.0734737524330313,Low
Jakub Kiwior,POL,DF,Spezia,Serie A,23,2000,17,17,1443.0,0.6,3.0,13.0,6.0,37.0,0.04,0.05,0.04,0.8968980669891568,0.44991669628179376,Mid
Simon Kjær,DEN,DF,Milan,Serie A,34,1989,11,8,668.0,,4.0,0.0,0.0,0.0,0.0,,,-1.7239277980450138,-5.401897410260558,Low
Lukas Klostermann,GER,DF,RB Leipzig,Bundesliga,26,1996,6,4,379.0,0.3,0.3,1.0,,,,,,0.18212737652529207,-3.1477772502659462,Low
Justin Kluivert,NED,"FW,MF",Valencia,La Liga,23,1999,19,9,958.0,4.0,4.0,3.5,5.6,2.0,40.0,80.0,0.38,0.8968980669891568,1.4268761814863977,High
Ansgar Knauff,GER,DF,Eint Frankfurt,Bundesliga,21,2002,18,12,1031.0,1.0,1.0,0.7,2.1,1.3,36.0,46.0,0.09,1.3734118606317332,0.9594548492599738,Mid
Robin Knoche,GER,DF,Union Berlin,Bundesliga,30,1992,24,24,2160.0,2.0,1.0,2.4,4.0,2.0,8.0,0.4,1.2,-0.7709002107598608,0.20914895340313966,Mid
Gregor Kobel,SUI,GK,Dortmund,Bundesliga,25,1997,18,18,1620.0,0.0,0.0,0.0,0.0,0.0,0.0,0.0,0.0,0.4203842733465803,-1.1437878433264428,Mid
Robin Koch,GER,DF,Leeds United,Premier League,26,1996,26,26,2292.0,0.7,5.0,9.0,5.0,76.0,0.03,0.03,0.03,0.18212737652529207,1.9474741626887238,High
Dominik Kohr,GER,MF,Mainz 05,Bundesliga,29,1994,22,19,1599.0,2.0,2.0,1.3,1.9,0.6,7.0,25.0,0.11,-0.5326433139385727,-0.8325111576737415,Mid
Koke,ESP,MF,Atlético Madrid,La Liga,31,1992,22,19,1605.0,0.6,3.0,10.0,1.8,1.2,0.04,28.0,0.17,-1.0091571075811492,-0.7514612275167271,Mid
Sead Kolainac,BIH,DF,Marseille,Ligue 1,29,1993,23,17,1396.0,4.0,1.0,3.4,0.9,3.4,28.0,63.0,53.0,-0.5326433139385727,0.5734000889172526,Mid
Randal Kolo Muani,FRA,FW,Eint Frankfurt,Bundesliga,24,1998,24,23,1959.0,11.0,10.0,8.9,4.0,1.0,75.0,8.1,4.3,0.6586411701678685,4.988977371177194,High
Cheick Konaté,CIV,DF,Clermont Foot,Ligue 1,19,2004,5,5,450.0,8.0,1.0,,,2.0,,,,1.8499256542743097,-0.6559092480983604,Mid
Ibrahima Konaté,FRA,DF,Liverpool,Premier League,23,1999,8,7,652.0,0.5,1.0,6.0,,3.0,,,,0.8968980669891568,-1.1129359912724075,Mid
Geoffrey Kondogbia,CTA,MF,Atlético Madrid,La Liga,30,1993,16,10,962.0,0.7,2.0,6.0,1.6,0.9,0.07,5.0,0.19,-0.7709002107598608,-3.7519765093491415,Low
Ibrahima Koné,MLI,FW,Lorient,Ligue 1,23,1999,27,8,970.0,3.0,1.0,2.4,2.0,1.0,8.0,0.8,2.4,0.8968980669891568,-2.395660208653964,Low
Kouadio Koné,FRA,MF,M'Gladbach,Bundesliga,21,2001,24,24,2099.0,1.0,1.0,1.0,1.2,1.0,38.0,136.0,41.0,1.3734118606317332,6.642106062653006,High
Youssouf Koné,MLI,DF,Ajaccio,Ligue 1,27,1995,7,7,520.0,9.0,3.0,,,,,,,-0.05612952029599616,-2.1711288391278014,Low
Ezri Konsa,ENG,DF,Aston Villa,Premier League,25,1997,27,26,2332.0,0.8,4.0,5.0,10.0,33.0,0.03,0.08,0.03,0.4203842733465803,2.1827592680083465,High
Teun Koopmeiners,NED,MF,Atalanta,Serie A,25,1998,24,23,2048.0,6.0,3.0,5.8,5.0,4.0,41.0,3.0,5.5,0.4203842733465803,3.0073039040560587,High
Odilon Kossonou,CIV,DF,Leverkusen,Bundesliga,22,2001,19,12,1073.0,0.1,1.0,17.0,0.2,0.1,0.01,12.0,0.08,1.135154963810445,-0.2957644839090796,Mid
Filip Kostic,SRB,"DF,FW",Juventus,Serie A,30,1992,27,25,2000.0,3.0,8.0,2.2,6.2,2.2,77.0,61.0,166.0,-0.7709002107598608,4.807097825925478,High
Christian Kouamé,CIV,FW,Fiorentina,Serie A,25,1997,21,18,1506.0,2.0,2.0,4.0,2.5,4.0,44.0,43.0,178.0,0.4203842733465803,2.229695698493283,High
Rominigue Kouamé,MLI,MF,Troyes,Ligue 1,26,1996,23,23,1934.0,1.0,1.0,0.9,1.6,0.9,49.0,130.0,25.0,0.18212737652529207,5.407243556038868,High
Tomá Koubek,CZE,GK,Augsburg,Bundesliga,30,1992,4,4,360.0,,,0.0,0.0,0.0,0.0,,0.0,-0.7709002107598608,-5.507197392495284,Low
Kalidou Koulibaly,SEN,DF,Chelsea,Premier League,31,1991,19,17,1520.0,2.0,1.0,0.8,0.8,1.0,10.0,1.2,68.0,-1.0091571075811492,-2.272784287235189,Low
Jules Koundé,FRA,DF,Barcelona,La Liga,24,1998,18,17,1481.0,0.6,2.0,31.0,1.9,1.3,0.04,27.0,0.12,0.6586411701678685,2.338057006484713,High
Boubakar Kouyaté,MLI,DF,Montpellier,Ligue 1,25,1997,8,8,700.0,0.3,1.0,3.0,1.0,20.0,,,,0.4203842733465803,-2.052972616876054,Low
Cheikhou Kouyaté,SEN,"MF,DF",Nott'ham Forest,Premier League,33,1989,12,9,704.0,1.0,1.0,0.3,1.0,0.6,6.0,8.0,,-1.4856709012237255,-5.243799847918218,Low
Mateo Kovacic,CRO,MF,Chelsea,Premier League,28,1994,19,11,1169.0,1.0,1.0,0.7,1.4,0.7,27.0,104.0,13.0,-0.2943864171172844,0.3533571404415705,Mid
Viktor Kovalenko,UKR,MF,Spezia,Serie A,27,1996,13,5,431.0,0.5,1.0,1.0,19.0,17.0,,,,-0.05612952029599616,-2.5042942694177173,Low
Soichiro Kozuki,JPN,"FW,MF",Schalke 04,Bundesliga,22,2000,5,5,379.0,1.0,1.0,1.1,1.4,0.3,15.0,37.0,,1.135154963810445,-2.493946366083918,Low
Alex Král,CZE,MF,Schalke 04,Bundesliga,24,1998,20,17,1547.0,1.1,3.0,28.0,38.0,54.0,0.06,0.08,0.06,0.6586411701678685,3.6482768238784633,High
Andrej Kramaric,CRO,"MF,FW",Hoffenheim,Bundesliga,31,1991,23,17,1616.0,7.0,3.0,8.9,1.0,4.0,27.0,1.8,7.5,-1.0091571075811492,-0.5772225259010221,Mid
Christoph Kramer,GER,MF,M'Gladbach,Bundesliga,32,1991,24,24,1955.0,0.3,3.0,24.0,59.0,72.0,0.02,0.09,0.02,-1.2474140044024373,4.253048358232186,High
Tom Krauß,GER,MF,Schalke 04,Bundesliga,21,2001,25,25,2044.0,1.0,1.0,1.7,2.2,0.5,28.0,33.0,0.04,1.3734118606317332,3.8350122129864,High
Toni Kroos,GER,MF,Real Madrid,La Liga,33,1990,21,18,1501.0,2.0,3.0,1.0,1.0,1.0,36.0,3.7,220.0,-1.4856709012237255,-1.3732550396771124,Mid
Rade Krunic,BIH,"MF,FW",Milan,Serie A,29,1993,15,11,1010.0,0.7,1.0,17.0,1.6,0.9,0.06,16.0,0.09,-0.5326433139385727,-2.0220082906119985,Low
Lukas Kübler,GER,DF,Freiburg,Bundesliga,30,1992,14,14,1189.0,2.0,2.0,0.8,34.0,1.1,8.0,0.15,0.15,-0.7709002107598608,-1.1461226829209918,Mid
Takefusa Kubo,JPN,"FW,MF",Real Sociedad,La Liga,21,2001,23,20,1670.0,5.0,3.0,3.3,3.8,3.3,71.0,53.0,169.0,1.3734118606317332,5.20978380582449,High
Dejan Kulusevski,SWE,"MF,FW",Tottenham,Premier League,22,2000,20,16,1463.0,2.0,6.0,1.8,3.9,1.8,68.0,47.0,146.0,1.135154963810445,3.6652986521997075,High
Sael Kumbedi,FRA,DF,Lyon,Ligue 1,18,2005,11,7,709.0,0.2,1.0,6.0,0.7,0.5,,48.0,,2.088182551095598,0.09306068139988799,Mid
Pierre Kunde,CMR,MF,Bochum,Bundesliga,27,1995,8,3,320.0,1.0,1.0,0.3,14.0,0.5,6.0,,,-0.05612952029599616,-3.868913195173601,Low
Khvicha Kvaratskhelia,GEO,FW,Napoli,Serie A,22,2001,23,22,1725.0,12.0,10.0,7.3,5.7,2.0,91.0,12.4,54.0,1.135154963810445,5.727010419339509,High
Grejohn Kyei,FRA,FW,Clermont Foot,Ligue 1,27,1995,27,16,1400.0,3.0,2.0,5.0,4.2,2.0,17.0,5.1,16.0,-0.05612952029599616,-0.6573056899312921,Mid
Daniel Kyereh,GHA,"MF,FW",Freiburg,Bundesliga,27,1996,12,7,559.0,2.0,2.0,2.2,2.5,0.3,5.0,24.0,,-0.05612952029599616,-3.7193725437163003,Low
Giorgos Kyriakopoulos,GRE,"FW,DF",Sassuolo,Serie A,27,1996,12,9,766.0,1.0,1.0,1.1,1.4,1.1,17.0,32.0,46.0,-0.05612952029599616,-2.528719201941363,Low
César de la Hoz,ESP,MF,Almería,La Liga,30,1992,15,13,1183.0,1.0,1.0,0.4,1.3,0.9,3.0,2.0,0.08,-0.7709002107598608,-3.445210885841836,Low
Luca de la Torre,USA,MF,Celta Vigo,La Liga,24,1998,17,9,769.0,0.7,2.0,27.0,1.8,1.2,,36.0,,0.6586411701678685,0.7289152333755253,Mid
Gaëtan Laborde,FRA,FW,Nice,Ligue 1,28,1994,23,20,1739.0,8.0,1.0,6.5,3.2,5.7,38.0,37.0,125.0,-0.2943864171172844,2.025224728989628,High
Alexandre Lacazette,FRA,FW,Lyon,Ligue 1,31,1991,25,24,2051.0,17.0,4.0,14.4,2.0,4.0,26.0,4.3,15.5,-1.0091571075811492,1.6815514304412302,High
Maxence Lacroix,FRA,DF,Wolfsburg,Bundesliga,22,2000,19,14,1301.0,1.0,1.0,0.4,51.0,0.5,5.0,0.07,0.07,1.135154963810445,1.7751411127989598,High
Alban Lafont,FRA,GK,Nantes,Ligue 1,24,1999,27,27,2429.0,1.0,2.0,0.0,0.0,1.0,0.0,0.0,0.0,0.6586411701678685,1.6667307437409162,High
Aïssa Laïdouni,TUN,MF,Union Berlin,Bundesliga,26,1996,6,5,418.0,0.2,1.0,7.0,13.0,20.0,,,,0.18212737652529207,-2.0936454188836233,Low
Konrad Laimer,AUT,MF,RB Leipzig,Bundesliga,25,1997,13,11,947.0,1.0,1.0,1.1,2.6,1.5,33.0,37.0,0.1,0.4203842733465803,-0.5600550717756698,Mid
Stefan Lainer,AUT,DF,M'Gladbach,Bundesliga,30,1992,10,4,341.0,0.1,1.0,11.0,9.0,17.0,,,,-0.7709002107598608,-3.182054972138241,Low
Kenny Lala,FRA,DF,Brest,Ligue 1,31,1991,8,7,607.0,0.1,1.0,11.0,12.0,19.0,,,,-1.0091571075811492,-2.3915329116514146,Low
Adam Lallana,ENG,"MF,FW",Brighton,Premier League,34,1988,16,12,722.0,2.0,1.0,0.9,1.9,1.0,10.0,43.0,,-1.7239277980450138,-3.891966500030381,Low
Vassilis Lambropoulos,GRE,DF,Bochum,Bundesliga,32,1990,12,7,616.0,0.4,2.0,1.0,,26.0,,,,-1.2474140044024373,-3.7736923682524033,Low
Érik Lamela,ARG,"FW,MF",Sevilla,La Liga,31,1992,21,13,1300.0,4.0,4.0,3.5,1.1,3.5,51.0,53.0,119.0,-1.0091571075811492,0.20579097617815179,Mid
Mohamed Lamine Bayo,GUI,"FW,MF",Lille,Ligue 1,24,1998,19,5,489.0,4.0,4.0,3.2,4.0,4.6,8.0,,,0.6586411701678685,-2.8358174286831463,Low
Sam Lammers,NED,FW,Sampdoria,Serie A,25,1997,9,9,700.0,1.1,1.0,13.0,2.0,1.0,,42.0,,0.4203842733465803,-0.7441458174749132,Mid
Sam Lammers,NED,FW,Empoli,Serie A,25,1997,14,10,883.0,1.0,1.0,2.3,2.9,0.7,9.0,67.0,0.1,0.4203842733465803,-1.0280789814358813,Mid
Tariq Lamptey,GHA,DF,Brighton,Premier League,22,2000,20,3,453.0,0.2,1.0,28.0,58.0,26.0,,,,1.135154963810445,3.222480102565318,High
Aymeric Laporte,ESP,DF,Manchester City,Premier League,28,1994,7,6,556.0,0.4,0.4,17.0,,8.0,,,,-0.2943864171172844,-1.594337149746634,Mid
Julien Laporte,FRA,DF,Lorient,Ligue 1,29,1993,18,18,1540.0,0.3,1.0,4.0,0.02,0.02,0.02,0.0,0.0,-0.5326433139385727,-1.860739015138064,Low
Cyle Larin,CAN,FW,Valladolid,La Liga,27,1995,8,5,513.0,5.0,5.0,3.0,3.4,0.4,9.0,28.0,,-0.05612952029599616,-3.665033523632017,Low
Yasser Larouci,ALG,"DF,FW",Troyes,Ligue 1,22,2001,21,14,1187.0,1.0,1.0,0.4,1.6,1.3,53.0,83.0,0.08,1.135154963810445,2.8737862623467922,High
Jordan Larsson,SWE,"FW,MF",Schalke 04,Bundesliga,25,1997,11,5,463.0,1.2,1.2,5.0,,29.0,,,,0.4203842733465803,-2.2676824783389167,Low
Kevin Lasagna,ITA,"FW,MF",Hellas Verona,Serie A,30,1992,22,13,1281.0,1.0,2.0,5.6,1.5,5.6,30.0,17.0,93.0,-0.7709002107598608,-1.2054559185901068,Mid
Toni Lato,ESP,"DF,MF",Valencia,La Liga,25,1997,16,6,654.0,1.0,1.0,0.5,1.3,0.8,12.0,36.0,,0.4203842733465803,-2.839298572665917,Low
Danny Latza,GER,MF,Schalke 04,Bundesliga,33,1989,13,4,460.0,0.6,1.0,5.0,,8.0,,,,-1.4856709012237255,-4.316458987072388,Low
Armand Lauriente,FRA,FW,Sassuolo,Serie A,24,1998,20,20,1639.0,7.0,6.0,4.2,7.0,1.0,103.0,3.4,5.9,0.6586411701678685,4.949945412116846,High
Roméo Lavia,BEL,MF,Southampton,Premier League,19,2004,19,16,1372.0,1.0,1.0,0.3,0.6,0.4,11.0,10.0,0.07,1.8499256542743097,0.40823596631327774,Mid
Valentino Lazaro,AUT,DF,Torino,Serie A,27,1996,15,13,1065.0,0.4,2.0,38.0,2.7,2.3,0.03,70.0,0.17,-0.05612952029599616,2.1278181665933094,High
Darko Lazovic,SRB,"MF,DF",Hellas Verona,Serie A,32,1990,23,22,1795.0,3.0,4.0,3.1,7.8,4.7,59.0,139.0,0.2,-1.2474140044024373,4.8525023492568025,High
Manuel Lazzari,ITA,DF,Lazio,Serie A,29,1993,20,17,1391.0,0.1,5.0,61.0,47.0,44.0,0.01,0.04,0.01,-0.5326433139385727,5.7463018996486745,High
Théo Le Bris,FRA,"MF,DF",Lorient,Ligue 1,20,2002,21,13,1175.0,2.0,1.0,1.1,2.1,1.0,48.0,90.0,0.08,1.6116687574530215,3.2313096964850607,High
Jérémy Le Douaron,FRA,"FW,MF",Brest,Ligue 1,24,1998,22,14,1294.0,6.0,2.0,6.2,1.0,6.2,22.0,14.0,76.0,0.6586411701678685,-0.027468869239867133,Mid
Enzo Le Fée,FRA,MF,Lorient,Ligue 1,23,2000,28,28,2418.0,4.0,6.0,3.1,5.9,3.1,72.0,182.0,64.0,0.8968980669891568,10.380000118355182,High
Vincent Le Goff,FRA,DF,Lorient,Ligue 1,33,1989,27,27,2430.0,1.1,1.0,55.0,71.0,133.0,0.04,0.06,0.04,-1.4856709012237255,8.754501700813297,High
Maxime Le Marchand,FRA,DF,Strasbourg,Ligue 1,33,1989,21,18,1565.0,0.4,6.0,9.0,81.0,0.7,0.02,0.02,0.04,-1.4856709012237255,2.4735771076970936,High
Robin Le Normand,FRA,DF,Real Sociedad,La Liga,26,1996,23,21,1896.0,0.6,4.0,21.0,2.0,85.0,0.03,0.03,0.03,0.18212737652529207,1.526239661698664,High
Rafael Leão,POR,"FW,MF",Milan,Serie A,23,1999,25,21,1840.0,8.0,6.0,7.5,7.5,1.0,96.0,12.7,84.0,0.8968980669891568,5.898997877399493,High
Benjamin Lecomte,FRA,GK,Espanyol,La Liga,31,1991,10,10,899.0,0.0,1.0,0.0,0.01,0.01,0.0,0.0,0.0,-1.0091571075811492,-4.862303293052242,Low
Benjamin Lecomte,FRA,GK,Montpellier,Ligue 1,31,1991,9,9,810.0,0.0,0.1,0.0,0.0,0.01,0.0,0.0,0.0,-1.0091571075811492,-5.1472376788004714,Low
Jeremías Ledesma,ARG,GK,Cádiz,La Liga,30,1993,25,25,2250.0,0.0,1.0,0.0,0.0,0.0,0.0,0.0,0.0,-0.7709002107598608,-0.33314352945242987,Mid
Pierre Lees-Melou,FRA,MF,Brest,Ligue 1,29,1993,23,23,1957.0,4.0,1.0,1.3,1.3,1.0,21.0,2.5,125.0,-0.5326433139385727,0.3556498005879922,Mid
Diogo Leite,POR,DF,Union Berlin,Bundesliga,24,1999,21,20,1733.0,0.6,1.0,15.0,0.4,0.6,0.03,89.0,13.0,0.6586411701678685,3.1337978663925066,High
Maxim Leitsch,GER,DF,Mainz 05,Bundesliga,24,1998,9,7,663.0,0.2,0.2,5.0,,,,,,0.6586411701678685,-1.4245106389472433,Mid
Florian Lejeune,FRA,DF,Rayo Vallecano,La Liga,31,1991,24,24,2028.0,4.0,4.0,2.6,0.2,2.6,7.0,64.0,1.0,-1.0091571075811492,1.0604805953986272,High
Iñigo Lekue,ESP,DF,Athletic Club,La Liga,29,1993,18,13,1253.0,0.2,1.0,40.0,0.9,0.7,0.02,58.0,0.07,-0.5326433139385727,1.7427765951201972,High
Thomas Lemar,FRA,MF,Atlético Madrid,La Liga,27,1995,19,11,847.0,1.0,2.0,0.6,2.2,1.6,27.0,46.0,0.21,-0.05612952029599616,-1.321929703734346,Mid
Mario Lemina,GAB,MF,Wolves,Premier League,29,1993,9,8,597.0,0.1,3.0,3.0,27.0,0.3,,,,-0.5326433139385727,-1.6381803366957022,Mid
Mario Lemina,GAB,"MF,DF",Nice,Ligue 1,29,1993,14,11,838.0,0.3,1.0,14.0,46.0,0.4,0.03,0.01,0.04,-0.5326433139385727,-0.34731756431071625,Mid
Clément Lenglet,FRA,DF,Tottenham,Premier League,27,1995,18,16,1372.0,0.8,2.0,21.0,1.5,0.6,0.06,6.0,0.13,-0.05612952029599616,-0.1457224682734068,Mid
Bernd Leno,GER,GK,Fulham,Premier League,31,1992,25,25,2250.0,0.0,2.0,0.0,0.0,0.0,0.0,0.0,0.0,-1.0091571075811492,-0.5714004262737182,Mid
Christopher Lenz,GER,DF,Eint Frankfurt,Bundesliga,28,1994,17,6,753.0,0.5,2.0,17.0,30.0,2.1,,,,-0.2943864171172844,0.038856452280935705,Mid
Sergio León,ESP,FW,Valladolid,La Liga,34,1989,22,12,1047.0,5.0,1.0,3.3,1.0,2.0,15.0,0.8,2.6,-1.7239277980450138,-3.998205123976532,Low
Johann Lepenant,FRA,MF,Lyon,Ligue 1,20,2002,23,17,1573.0,1.0,1.0,0.8,0.6,0.8,19.0,106.0,38.0,1.6116687574530215,3.3997309337252752,High
Mehdi Léris,ALG,"MF,DF",Sampdoria,Serie A,24,1998,24,21,1798.0,2.1,1.0,38.0,3.3,1.1,0.11,124.0,0.05,0.6586411701678685,6.5144371125455836,High
Jefferson Lerma,COL,"MF,DF",Bournemouth,Premier League,28,1994,26,26,2278.0,3.0,3.0,1.6,2.2,0.6,13.0,21.0,0.12,-0.2943864171172844,1.7073893814796937,High
Benjamin Leroy,FRA,GK,Ajaccio,Ligue 1,33,1989,25,25,2168.0,0.0,1.0,0.0,0.0,0.0,0.0,0.0,0.0,-1.4856709012237255,-1.1829488925349156,Mid
Léo Leroy,FRA,MF,Montpellier,Ligue 1,23,2000,18,10,817.0,0.8,6.0,10.0,16.0,42.0,0.09,0.17,0.09,0.8968980669891568,-1.223193117859366,Mid
Robert Lewandowski,POL,FW,Barcelona,La Liga,34,1988,22,21,1767.0,15.0,5.0,15.0,1.0,2.0,26.0,3.6,17.8,-1.7239277980450138,0.06432826441690698,Mid
Rico Lewis,ENG,"DF,MF",Manchester City,Premier League,18,2004,10,6,543.0,0.1,1.0,18.0,14.0,31.0,,,,2.088182551095598,1.2209222507474704,High
Keane Lewis-Potter,ENG,"FW,MF",Brentford,Premier League,22,2001,10,3,321.0,0.5,1.0,8.0,6.0,1.7,,,,1.135154963810445,-1.898409128963354,Low
Dimitri Liénard,FRA,"DF,MF",Strasbourg,Ligue 1,35,1988,23,18,1468.0,0.5,4.0,22.0,102.0,65.0,0.03,0.15,0.03,-1.962184694866302,4.271360086751581,High
Philipp Lienhart,AUT,DF,Freiburg,Bundesliga,26,1996,23,22,2011.0,1.0,1.0,1.1,1.4,0.3,11.0,2.0,0.04,0.18212737652529207,0.5437959763378849,Mid
Matthijs de Ligt,NED,DF,Bayern Munich,Bundesliga,23,1999,22,18,1599.0,2.0,2.0,0.8,1.0,0.1,12.0,8.0,0.11,0.8968980669891568,0.17025362037299308,Mid
Victor Lindelöf,SWE,DF,Manchester Utd,Premier League,28,1994,9,5,542.0,1.0,17.0,0.0,0.0,0.0,,,,-0.2943864171172844,-3.7747038415848064,Low
Jesper Lindstrøm,DEN,"MF,FW",Eint Frankfurt,Bundesliga,23,2000,22,20,1530.0,7.0,2.0,5.8,2.8,5.8,59.0,27.0,125.0,0.8968980669891568,3.4912003270220304,High
Karol Linetty,POL,MF,Torino,Serie A,28,1995,26,19,1604.0,1.0,1.0,0.9,1.7,0.8,22.0,29.0,0.06,-0.2943864171172844,0.14332367211932662,Mid
Jesse Lingard,ENG,"FW,MF",Nott'ham Forest,Premier League,30,1992,16,12,920.0,1.0,1.0,11.0,38.0,33.0,0.1,0.17,0.1,-0.7709002107598608,-1.053019406160536,Mid
Pol Lirola,ESP,DF,Elche,La Liga,25,1997,9,7,566.0,1.0,1.0,0.2,0.9,0.7,19.0,29.0,,0.4203842733465803,-2.751870228621655,Low
Mateusz Lis,POL,GK,Troyes,Ligue 1,26,1997,7,7,630.0,,1.0,0.0,0.0,0.0,0.0,,,0.18212737652529207,-3.6962003203613647,Low
Dejan Ljubicic,AUT,MF,Köln,Bundesliga,25,1997,18,13,1140.0,3.0,3.0,1.8,3.0,1.1,19.0,56.0,0.24,0.4203842733465803,-0.04776362188243316,Mid
Diego Llorente,ESP,DF,Leeds United,Premier League,29,1993,8,7,649.0,0.7,1.0,2.0,,1.0,,,,-0.5326433139385727,-2.9131462977249996,Low
Marcos Llorente,ESP,"MF,DF",Atlético Madrid,La Liga,28,1995,19,18,1434.0,1.0,2.0,1.4,2.8,1.4,51.0,72.0,113.0,-0.2943864171172844,2.20429726880614,High
Hugo Lloris,FRA,GK,Tottenham,Premier League,36,1986,21,21,1890.0,0.0,0.0,0.0,0.0,0.0,0.0,0.0,0.0,-2.20044159168759,-2.9066442235118473,Low
Giovani Lo Celso,ARG,"MF,FW",Villarreal,La Liga,26,1996,11,8,548.0,1.0,1.0,1.4,1.6,0.2,12.0,34.0,,0.18212737652529207,-2.9255372613333317,Low
Stanislav Lobotka,SVK,MF,Napoli,Serie A,28,1994,27,25,2265.0,1.0,1.0,0.4,0.7,0.4,30.0,119.0,26.0,-0.2943864171172844,4.521881624499559,High
Manuel Locatelli,ITA,MF,Juventus,Serie A,25,1998,23,21,1791.0,1.2,6.0,21.0,23.0,98.0,0.06,0.11,0.06,0.4203842733465803,2.836682057776721,High
Luka Lochoshvili,GEO,DF,Cremonese,Serie A,24,1998,16,14,1197.0,0.3,1.0,14.0,1.3,1.0,0.02,4.0,0.08,0.6586411701678685,-0.69737717580364,Mid
Banzouzi Locko,FRA,DF,Reims,Ligue 1,20,2002,15,13,1059.0,0.2,3.0,31.0,55.0,0.7,0.02,0.05,0.06,1.6116687574530215,4.52355494499842,High
Renan Lodi,BRA,DF,Nott'ham Forest,Premier League,24,1998,19,18,1523.0,0.7,5.0,22.0,51.0,24.0,0.04,0.08,0.04,0.6586411701678685,3.9657545848572235,High
Ruben Loftus-Cheek,ENG,"MF,DF",Chelsea,Premier League,27,1996,19,16,1258.0,0.8,1.0,39.0,64.0,70.0,0.06,0.14,0.06,-0.05612952029599616,4.864471003107485,High
Sean Longstaff,ENG,MF,Newcastle Utd,Premier League,25,1997,26,22,2017.0,1.0,3.0,2.6,2.9,2.6,16.0,97.0,86.0,0.4203842733465803,3.5725848531777684,High
Ademola Lookman,NGA,"FW,MF",Atalanta,Serie A,25,1997,26,19,1536.0,12.0,4.0,8.2,3.0,3.0,69.0,5.9,11.7,0.4203842733465803,3.054078322873715,High
Anthony Lopes,POR,GK,Lyon,Ligue 1,32,1990,22,22,1916.0,0.0,1.0,0.0,0.0,0.0,0.0,0.0,0.0,-1.2474140044024373,-1.773019723158306,Low
Rony Lopes,POR,"MF,FW",Troyes,Ligue 1,27,1995,24,22,1727.0,5.0,5.0,4.2,4.3,4.2,43.0,70.0,86.0,-0.05612952029599616,3.4093597898778585,High
David López,ESP,DF,Girona,La Liga,33,1989,14,13,1157.0,2.0,1.0,0.6,0.3,0.6,17.0,39.0,0.08,-1.4856709012237255,-2.702458961229932,Low
Maxime Lopez,FRA,MF,Sassuolo,Serie A,25,1997,20,16,1514.0,0.6,8.0,38.0,24.0,135.0,0.04,0.13,0.04,0.4203842733465803,3.304685876709673,High
Pau López,ESP,GK,Marseille,Ligue 1,28,1994,24,24,2160.0,0.0,2.0,0.0,1.0,0.4,0.0,0.08,0.08,-0.2943864171172844,-0.08152676938521719,Mid
Unai López,ESP,MF,Rayo Vallecano,La Liga,27,1995,24,9,906.0,1.0,2.0,1.0,0.8,1.0,12.0,71.0,33.0,-0.05612952029599616,-1.6135642056264246,Mid
Dion Lopy,SEN,MF,Reims,Ligue 1,21,2002,23,14,1160.0,0.7,1.0,16.0,1.6,0.7,0.05,81.0,30.0,1.3734118606317332,2.0455216031939822,High
Anthony Losilla,FRA,MF,Bochum,Bundesliga,37,1986,23,23,2013.0,0.9,2.0,12.0,0.7,0.9,0.04,71.0,32.0,-2.4386984885088787,0.21365257105149915,Mid
Jordan Lotomba,SUI,DF,Nice,Ligue 1,24,1998,26,21,1935.0,0.5,2.0,65.0,1.4,0.9,0.02,75.0,0.09,0.6586411701678685,7.891404062013895,High
Matteo Lovato,ITA,DF,Salernitana,Serie A,23,2000,10,4,433.0,1.0,7.0,0.0,0.0,0.0,,,,0.8968980669891568,-2.9006977074656017,Low
Dejan Lovren,CRO,DF,Lyon,Ligue 1,33,1989,11,11,966.0,0.7,2.0,11.0,1.0,49.0,0.06,0.11,0.06,-1.4856709012237255,-4.020993542841446,Low
Sandi Lovric,SVN,MF,Udinese,Serie A,25,1998,26,17,1458.0,3.0,3.0,2.7,2.3,2.7,28.0,72.0,61.0,0.4203842733465803,1.8678791416227458,High
Anthony Lozano,HON,FW,Cádiz,La Liga,29,1993,21,12,1192.0,1.7,3.0,17.0,39.0,25.0,0.13,0.17,0.13,-0.5326433139385727,0.24224193081688417,Mid
Hirving Lozano,MEX,FW,Napoli,Serie A,27,1995,25,15,1278.0,3.0,3.0,4.8,3.0,1.0,71.0,3.0,7.0,-0.05612952029599616,1.310261762549401,High
Jhon Lucumí,COL,DF,Bologna,Serie A,24,1998,23,23,2000.0,0.5,1.0,18.0,0.8,0.2,0.02,3.0,0.05,0.6586411701678685,2.176658746061795,High
José Luis Gayà,ESP,DF,Valencia,La Liga,27,1995,20,20,1720.0,1.0,2.0,1.6,0.8,4.0,50.0,5.1,86.0,-0.05612952029599616,1.404231818320019,High
José Luis Morales,ESP,"FW,MF",Villarreal,La Liga,35,1987,25,8,1016.0,6.0,6.0,5.5,6.4,0.9,37.0,74.0,0.53,-1.962184694866302,-1.5272940966913722,Mid
José Luis Palomino,ARG,DF,Atalanta,Serie A,33,1990,9,6,505.0,1.0,1.0,0.2,0.5,0.3,3.0,2.0,,-1.4856709012237255,-6.306547233571,Low
Douglas Luiz,BRA,MF,Aston Villa,Premier League,24,1998,26,22,1950.0,3.0,5.0,1.8,1.8,1.0,32.0,4.8,94.0,0.6586411701678685,2.0277316676635673,High
Romelu Lukaku,BEL,FW,Inter,Serie A,29,1993,15,9,777.0,3.0,1.0,3.9,1.0,2.0,6.0,1.5,3.8,-0.5326433139385727,-4.000702922378569,Low
Castello Lukeba,FRA,DF,Lyon,Ligue 1,20,2002,25,24,2177.0,1.0,1.0,0.6,0.9,0.3,17.0,7.0,0.04,1.6116687574530215,2.841403781841979,High
Dodi Lukebakio,BEL,"FW,MF",Hertha BSC,Bundesliga,25,1997,24,19,1723.0,10.0,1.0,6.5,6.0,4.0,70.0,2.8,6.2,0.4203842733465803,3.3533253211607024,High
Saa Lukic,SRB,MF,Torino,Serie A,26,1996,16,13,1195.0,2.0,2.0,1.7,0.9,4.0,26.0,2.3,44.0,0.18212737652529207,-1.3276350369780683,Mid
Andriy Lunin,UKR,GK,Real Madrid,La Liga,24,1999,6,6,540.0,,,0.0,0.0,0.0,0.0,,0.0,0.6586411701678685,-3.505676355001711,Low
Sebastiano Luperto,ITA,DF,Empoli,Serie A,26,1996,25,25,2164.0,1.0,1.0,0.7,0.6,0.7,11.0,56.0,3.0,0.18212737652529207,2.4486326875991624,High
Lyanco,BRA,DF,Southampton,Premier League,26,1997,14,7,698.0,0.3,4.0,5.0,2.0,20.0,,,,0.18212737652529207,-2.1903075906947707,Low
Charalambos Lykogiannis,GRE,DF,Bologna,Serie A,29,1993,18,11,1054.0,2.0,2.0,0.7,2.1,1.3,29.0,41.0,0.17,-0.5326433139385727,-1.4862435900584758,Mid
Youssouf M'Changama,COM,MF,Auxerre,Ligue 1,32,1990,20,6,648.0,0.3,0.3,15.0,,26.0,,,,-1.2474140044024373,-2.5787267377229854,Low
Alexis Mac Allister,ARG,MF,Brighton,Premier League,24,1998,22,21,1904.0,7.0,1.0,7.8,6.0,4.0,36.0,2.2,6.9,0.6586411701678685,2.7286841363315366,High
Deiver Machado,COL,"DF,MF",Lens,Ligue 1,29,1993,25,19,1687.0,3.0,1.0,1.0,1.0,1.0,44.0,2.4,45.0,-0.5326433139385727,0.35450503828760294,Mid
Darwin Machís,VEN,FW,Valladolid,La Liga,30,1993,6,4,366.0,0.9,1.0,18.0,2.8,1.9,,30.0,,-0.7709002107598608,-2.9639809752676007,Low
James Maddison,ENG,"MF,FW",Leicester City,Premier League,26,1996,20,19,1631.0,9.0,6.0,4.2,6.2,4.2,47.0,109.0,104.0,0.18212737652529207,4.325593342974252,High
Pablo Maffeo,ESP,DF,Mallorca,La Liga,25,1997,24,23,1990.0,1.0,3.0,0.9,0.9,1.0,53.0,2.9,44.0,0.4203842733465803,2.7626513049859858,High
Lisandro Magallán,ARG,DF,Elche,La Liga,29,1993,7,5,404.0,,1.0,0.0,,,0.0,,,-0.5326433139385727,-4.593517563481782,Low
Giulio Maggiore,ITA,MF,Salernitana,Serie A,25,1998,12,9,724.0,0.4,2.0,5.0,10.0,49.0,,,,0.4203842733465803,-1.1606153271152577,Mid
Giangiacomo Magnani,ITA,DF,Hellas Verona,Serie A,27,1995,15,10,806.0,0.3,4.0,1.0,15.0,0.4,,,,-0.05612952029599616,-1.4343811567338152,Mid
Hugo Magnetti,FRA,MF,Brest,Ligue 1,24,1998,24,15,1377.0,0.6,2.0,26.0,61.0,1.2,0.04,0.13,0.13,0.6586411701678685,4.270259657741326,High
Yohann Magnin,FRA,MF,Clermont Foot,Ligue 1,25,1997,28,22,2042.0,0.9,5.0,12.0,54.0,104.0,0.04,0.08,0.04,0.4203842733465803,4.396367473003534,High
Harry Maguire,ENG,DF,Manchester Utd,Premier League,30,1993,11,5,482.0,0.3,3.0,5.0,,2.0,,,,-0.7709002107598608,-3.4276784407410434,Low
Riyad Mahrez,ALG,"FW,MF",Manchester City,Premier League,32,1991,19,12,1061.0,5.0,4.0,4.6,2.0,1.0,39.0,3.3,7.2,-1.2474140044024373,-2.17183332691881,Low
Arne Maier,GER,MF,Augsburg,Bundesliga,24,1999,21,16,1348.0,3.0,3.0,1.1,2.1,1.0,22.0,55.0,0.2,0.6586411701678685,0.9405766771068411,Mid
Mike Maignan,FRA,GK,Milan,Serie A,27,1995,11,11,990.0,0.0,1.0,0.0,0.0,0.0,0.0,0.0,0.0,-0.05612952029599616,-3.622230434949474,Low
Linton Maina,GER,"FW,MF",Köln,Bundesliga,23,1999,24,18,1531.0,2.0,5.0,3.5,7.6,4.1,54.0,121.0,0.29,0.8968980669891568,5.367980989496576,High
Ainsley Maitland-Niles,ENG,"DF,MF",Southampton,Premier League,25,1997,15,9,960.0,10.0,3.0,0.0,0.05,10.0,0.0,0.06,0.0,0.4203842733465803,-3.4662545803954026,Low
Lovro Majer,CRO,"MF,FW",Rennes,Ligue 1,25,1998,22,12,1065.0,1.0,3.0,2.2,1.4,2.0,37.0,4.4,86.0,0.4203842733465803,-0.816034311500927,Mid
Jean-Victor Makengo,FRA,MF,Udinese,Serie A,24,1998,16,11,805.0,0.4,1.0,18.0,0.8,0.5,,31.0,,0.6586411701678685,0.05920059611711581,Mid
Jean-Victor Makengo,FRA,MF,Lorient,Ligue 1,24,1998,8,7,610.0,0.1,0.1,14.0,,26.0,,,,0.6586411701678685,-0.6888997234548702,Mid
Nemanja Maksimovic,SRB,MF,Getafe,La Liga,28,1995,17,14,1078.0,0.5,1.0,6.0,17.0,20.0,0.04,0.07,0.04,-0.2943864171172844,-1.74486089166116,Low
Tyrell Malacia,NED,DF,Manchester Utd,Premier League,23,1999,15,10,920.0,0.2,3.0,14.0,20.0,28.0,0.02,0.03,0.02,0.8968980669891568,-0.457922129545434,Mid
Daniel Maldini,ITA,"FW,MF",Spezia,Serie A,21,2001,14,2,460.0,2.0,2.0,1.0,8.0,1.1,9.0,,,1.3734118606317332,-2.5014539016204926,Low
Youssef Maleh,ITA,MF,Lecce,Serie A,24,1998,10,5,441.0,0.2,3.0,6.0,14.0,10.0,,,,0.6586411701678685,-1.61155602793845,Mid
Donyell Malen,NED,FW,Dortmund,Bundesliga,24,1999,17,14,1063.0,2.0,3.0,3.7,6.4,2.8,50.0,106.0,0.25,0.6586411701678685,3.206369483695201,High
Ruslan Malinovskyi,UKR,"MF,FW",Atalanta,Serie A,29,1993,15,5,553.0,1.0,2.0,0.6,2.0,0.6,19.0,50.0,36.0,-0.5326433139385727,-3.385587311401904,Low
Ruslan Malinovskyi,UKR,"MF,FW",Marseille,Ligue 1,29,1993,11,7,678.0,1.0,1.0,1.4,2.9,1.5,17.0,39.0,,-0.5326433139385727,-3.1380283357647336,Low
Hugo Mallo,ESP,DF,Celta Vigo,La Liga,31,1991,18,18,1473.0,0.9,4.0,23.0,76.0,45.0,0.05,0.12,0.05,-1.0091571075811492,3.7867881148336666,High
Giorgi Mamardashvili,GEO,GK,Valencia,La Liga,22,2000,26,26,2340.0,0.0,2.0,0.0,0.0,0.0,0.0,0.0,0.0,1.135154963810445,1.8589014734007978,High
Gianluca Mancini,ITA,DF,Roma,Serie A,26,1996,26,26,2181.0,1.0,2.0,1.7,1.3,1.7,13.0,64.0,11.0,0.18212737652529207,3.0339235527678077,High
Steve Mandanda,FRA,GK,Rennes,Ligue 1,38,1985,26,26,2295.0,0.0,1.0,0.0,0.04,0.1,0.0,0.04,0.0,-2.676955385330167,-2.0239676731108265,Low
Reinildo Mandava,MOZ,DF,Atlético Madrid,La Liga,29,1994,22,22,1857.0,0.4,4.0,28.0,41.0,70.0,0.02,0.04,0.02,-0.5326433139385727,3.83099813306513,High
Aïssa Mandi,ALG,DF,Villarreal,La Liga,31,1991,10,5,486.0,0.1,0.1,5.0,,,,,,-1.0091571075811492,-3.6593482803614235,Low
Rolando Mandragora,ITA,MF,Fiorentina,Serie A,25,1997,20,15,1353.0,2.0,3.0,1.2,3.7,1.2,14.0,101.0,44.0,0.4203842733465803,1.4413693628759432,High
Sadio Mané,SEN,FW,Bayern Munich,Bundesliga,30,1992,18,14,1076.0,6.0,4.0,6.7,1.0,2.0,49.0,2.7,7.8,-0.7709002107598608,-0.8237435986051189,Mid
Orel Mangala,BEL,MF,Nott'ham Forest,Premier League,25,1998,16,11,757.0,0.3,1.0,10.0,6.0,28.0,,,,0.4203842733465803,-0.6100779381162447,Mid
Thomas Mangani,FRA,MF,Ajaccio,Ligue 1,35,1987,18,9,895.0,1.0,1.0,1.9,0.3,3.0,9.0,1.9,72.0,-1.962184694866302,-5.314437364540934,Low
Vito Mannone,ITA,GK,Lorient,Ligue 1,35,1988,15,14,1338.0,0.0,1.0,0.0,0.0,0.0,0.0,0.0,0.0,-1.962184694866302,-4.541868509253301,Low
Faitout Maouassa,FRA,"FW,DF",Montpellier,Ligue 1,24,1998,25,19,1553.0,3.0,5.0,1.9,4.0,2.1,34.0,84.0,0.29,0.6586411701678685,3.1314974271621985,High
Sekou Mara,FRA,"FW,MF",Southampton,Premier League,20,2002,19,3,451.0,0.9,2.0,7.0,1.6,0.8,,25.0,,1.6116687574530215,-1.7784690690122273,Low
Maranhão,BRA,"FW,MF",Valencia,La Liga,26,1996,16,3,436.0,1.0,1.0,1.5,0.4,1.3,2.0,6.0,18.0,0.18212737652529207,-5.000053487493057,Low
Marcão,BRA,DF,Sevilla,La Liga,26,1996,4,4,360.0,1.0,2.0,0.0,0.0,0.0,,,,0.18212737652529207,-3.7356821918460437,Low
Solly March,ENG,"FW,DF",Brighton,Premier League,28,1994,25,25,2150.0,7.0,4.0,6.5,5.1,6.5,83.0,109.0,284.0,-0.2943864171172844,7.306995043882821,High
Agustín Marchesín,ARG,GK,Celta Vigo,La Liga,35,1988,19,19,1710.0,0.0,2.0,0.0,0.0,0.0,0.0,0.0,0.0,-1.962184694866302,-3.2403669832564033,Low
Vincent Marchetti,FRA,MF,Ajaccio,Ligue 1,25,1997,23,22,1835.0,1.7,1.0,49.0,2.7,1.1,0.08,47.0,0.05,0.4203842733465803,5.556711571515586,High
Gian Marco Ferrari,ITA,DF,Sassuolo,Serie A,31,1992,23,19,1714.0,1.0,1.0,1.1,64.0,1.1,10.0,0.05,0.05,-1.0091571075811492,2.0586493891909727,High
Óscar de Marcos,ESP,DF,Athletic Club,La Liga,33,1989,26,23,1974.0,0.2,5.0,50.0,3.2,3.0,0.01,98.0,0.23,-1.4856709012237255,5.385058003958511,High
José Mari,ESP,MF,Cádiz,La Liga,35,1987,13,2,325.0,4.0,2.0,,,1.0,,,,-1.962184694866302,-5.08720825855481,Low
Pablo Marí,ESP,DF,Monza,Serie A,29,1993,20,18,1672.0,1.0,1.0,0.5,42.0,0.6,4.0,0.05,0.05,-0.5326433139385727,0.7005658609579757,Mid
José María Giménez,URU,DF,Atlético Madrid,La Liga,28,1995,17,15,1433.0,1.0,1.0,1.3,1.5,0.1,6.0,3.0,0.06,-0.2943864171172844,-2.0268783295722965,Low
Pablo Marín,ESP,MF,Real Sociedad,La Liga,19,2003,9,3,342.0,1.1,1.0,8.0,23.0,15.0,,,,1.8499256542743097,-0.14380938678659705,Mid
Razvan Marin,ROU,MF,Empoli,Serie A,26,1996,25,20,1844.0,2.0,2.0,1.1,2.1,1.1,27.0,81.0,18.0,0.18212737652529207,2.695753875634464,High
Guillermo Maripán,CHI,DF,Monaco,Ligue 1,28,1994,19,18,1575.0,3.0,3.0,1.4,0.1,1.4,3.0,44.0,0.17,-0.2943864171172844,-0.5844622029825852,Mid
Marlon,BRA,DF,Monza,Serie A,27,1995,19,15,1215.0,0.1,5.0,14.0,10.0,47.0,0.01,0.03,0.01,-0.05612952029599616,-0.82802394915359,Mid
Omar Marmoush,EGY,FW,Wolfsburg,Bundesliga,24,1999,24,12,1177.0,5.0,1.0,4.7,0.9,4.7,30.0,45.0,123.0,0.6586411701678685,0.483489039527891,Mid
Marquinhos,BRA,DF,Paris S-G,Ligue 1,28,1994,24,22,1990.0,2.0,2.0,1.7,2.1,0.4,4.0,9.0,0.09,-0.2943864171172844,-0.01669312839838144,Mid
Eric Martel,GER,MF,Köln,Bundesliga,20,2002,21,15,1354.0,0.8,3.0,9.0,28.0,39.0,0.05,0.08,0.05,1.6116687574530215,1.6789309065275437,High
Roger Martí,ESP,FW,Elche,La Liga,32,1991,12,8,655.0,0.6,1.0,8.0,1.2,0.7,,50.0,,-1.2474140044024373,-2.9322342466056357,Low
Roger Martí,ESP,FW,Cádiz,La Liga,32,1991,8,7,507.0,1.0,1.0,0.9,1.2,0.3,5.0,17.0,,-1.2474140044024373,-5.36357649504407,Low
Anthony Martial,FRA,FW,Manchester Utd,Premier League,27,1995,9,6,458.0,3.0,2.0,3.2,2.4,1.0,7.0,3.3,15.0,-0.05612952029599616,-4.354639452539738,Low
Aarón Martín,ESP,DF,Mainz 05,Bundesliga,25,1997,20,17,1489.0,3.0,3.0,2.0,1.2,1.0,21.0,3.7,74.0,0.4203842733465803,-0.2011959868420527,Mid
Iván Martín,ESP,MF,Girona,La Liga,24,1999,13,7,696.0,3.0,1.0,1.6,2.7,1.1,9.0,47.0,,0.6586411701678685,-2.077093617099328,Low
Martinelli,BRA,FW,Arsenal,Premier League,21,2001,28,27,2252.0,13.0,2.0,7.9,5.5,7.9,100.0,81.0,288.0,1.3734118606317332,9.654107736852607,High
Arnau Martinez,ESP,DF,Girona,La Liga,19,2003,22,21,1756.0,2.0,2.0,1.5,2.3,1.5,43.0,71.0,74.0,1.8499256542743097,4.88476663469085,High
Emiliano Martínez,ARG,GK,Aston Villa,Premier League,30,1992,25,25,2194.0,0.0,5.0,0.0,0.01,0.01,0.0,0.0,0.0,-0.7709002107598608,-0.4247710084996126,Mid
Iñigo Martínez,ESP,DF,Athletic Club,La Liga,31,1991,12,12,1080.0,1.0,1.0,0.8,1.1,0.3,7.0,4.0,0.08,-1.0091571075811492,-3.7358469977539697,Low
Lautaro Martínez,ARG,FW,Inter,Serie A,25,1997,27,24,2130.0,14.0,3.0,12.9,2.0,2.0,38.0,3.7,15.0,0.4203842733465803,3.6331043195661974,High
Lisandro Martínez,ARG,DF,Manchester Utd,Premier League,25,1998,24,21,1852.0,1.0,1.0,0.4,0.7,0.3,11.0,1.0,0.05,0.4203842733465803,0.25253354693721225,Mid
Lucas Martínez Quarta,ARG,DF,Fiorentina,Serie A,26,1996,19,17,1541.0,1.0,1.0,2.2,0.4,2.2,16.0,81.0,5.0,0.18212737652529207,1.285036007662079,High
Gelson Martins,POR,"MF,FW",Monaco,Ligue 1,27,1995,11,3,345.0,0.8,0.8,15.0,,47.0,,,,-0.05612952029599616,-2.2997549603728045,Low
Adam Maruic,MNE,DF,Lazio,Serie A,30,1992,26,25,2277.0,0.7,2.0,36.0,1.1,0.7,0.03,97.0,38.0,-0.7709002107598608,5.446531131379041,High
Omar Mascarell,ESP,MF,Elche,La Liga,30,1993,23,23,1997.0,0.4,6.0,20.0,5.0,94.0,0.02,0.06,0.02,-0.7709002107598608,1.1013438129052049,High
Adam Masina,MAR,DF,Udinese,Serie A,29,1994,7,5,480.0,1.0,1.0,3.0,14.0,0.1,,,,-0.5326433139385727,-3.012913178804171,Low
Jordi Masip,ESP,GK,Valladolid,La Liga,34,1989,17,17,1517.0,0.0,2.0,0.0,0.0,0.0,0.0,0.0,0.0,-1.7239277980450138,-3.5954976789039113,Low
Erhan Maovic,SRB,DF,Bochum,Bundesliga,24,1998,20,14,1399.0,4.0,4.0,2.0,2.4,0.5,3.0,2.0,0.26,0.6586411701678685,-1.310850527544138,Mid
Han-Noah Massengo,FRA,MF,Auxerre,Ligue 1,21,2001,8,7,617.0,0.3,2.0,12.0,19.0,19.0,,,,1.3734118606317332,0.5128610935937175,Mid
Eliot Matazo,BEL,MF,Monaco,Ligue 1,21,2002,14,9,806.0,0.1,2.0,3.0,6.0,41.0,,,,1.3734118606317332,-0.4919460897372503,Mid
Jean-Philippe Mateta,FRA,FW,Crystal Palace,Premier League,25,1997,22,6,696.0,1.0,1.0,2.5,3.1,0.6,6.0,35.0,,0.4203842733465803,-2.7772249658095856,Low
Nemanja Matic,SRB,MF,Roma,Serie A,34,1988,26,13,1420.0,1.0,1.0,0.7,1.6,0.7,36.0,101.0,13.0,-1.7239277980450138,-0.04115356267168324,Mid
Joël Matip,CMR,DF,Liverpool,Premier League,31,1991,11,9,822.0,0.1,2.0,24.0,1.0,44.0,0.01,0.04,0.01,-1.0091571075811492,-2.872539084153943,Low
Henning Matriciani,GER,DF,Schalke 04,Bundesliga,23,2000,14,14,1208.0,0.1,0.1,11.0,0.01,3.0,0.01,0.01,0.01,0.8968980669891568,-0.8898218260078378,Mid
Azor Matusiwa,NED,MF,Reims,Ligue 1,24,1998,22,21,1804.0,0.3,3.0,9.0,10.0,148.0,0.01,0.05,0.01,0.6586411701678685,1.2267065254772422,High
Neal Maupay,FRA,FW,Everton,Premier League,26,1996,20,10,947.0,1.0,1.0,3.8,4.3,0.5,7.0,52.0,0.1,0.18212737652529207,-1.3992539161798596,Mid
Aïman Maurer,MAR,MF,Clermont Foot,Ligue 1,18,2004,6,5,398.0,0.4,0.4,16.0,,31.0,,,,2.088182551095598,0.29882985961183905,Mid
Stephy Mavididi,ENG,FW,Montpellier,Ligue 1,24,1998,16,12,943.0,2.0,1.0,2.6,2.6,1.0,20.0,3.3,14.0,0.6586411701678685,-1.4684505197819102,Mid
Konstantinos Mavropanos,GRE,DF,Stuttgart,Bundesliga,25,1997,22,21,1868.0,2.0,1.0,3.6,1.0,3.6,25.0,89.0,10.0,0.4203842733465803,3.380282639874097,High
Philipp Max,GER,DF,Eint Frankfurt,Bundesliga,29,1993,7,6,469.0,0.3,1.0,8.0,35.0,21.0,,,,-0.5326433139385727,-1.1943100464421585,Mid
Eric Maxim Choupo-Moting,CMR,FW,Bayern Munich,Bundesliga,34,1989,17,13,1024.0,10.0,2.0,5.5,1.7,4.7,9.0,41.0,74.0,-1.7239277980450138,-2.942430768568133,Low
Fernand Mayembo,CGO,DF,Ajaccio,Ligue 1,27,1996,9,6,572.0,1.2,1.0,2.0,,9.0,,,,-0.05612952029599616,-2.701214396462393,Low
Borja Mayoral,ESP,FW,Getafe,La Liga,25,1997,26,26,2122.0,6.0,2.0,6.2,4.7,4.0,46.0,6.9,43.0,0.4203842733465803,3.883491765483269,High
Noussair Mazraoui,MAR,DF,Bayern Munich,Bundesliga,25,1997,12,6,569.0,0.3,3.0,14.0,43.0,1.1,,,,0.4203842733465803,0.9450443322293276,Mid
Pasquale Mazzocchi,ITA,DF,Salernitana,Serie A,27,1995,19,17,1421.0,2.0,2.0,1.1,2.3,1.1,53.0,46.0,81.0,-0.05612952029599616,1.6797968862879993,High
Kylian Mbappé,FRA,FW,Paris S-G,Ligue 1,24,1998,24,22,1918.0,19.0,3.0,17.4,5.0,4.0,124.0,5.6,19.7,0.6586411701678685,7.779109371468444,High
Mamadou Mbaye,SEN,DF,Cádiz,La Liga,24,1998,8,6,559.0,0.1,1.0,1.0,,10.0,,,,0.6586411701678685,-2.099283800057526,Low
Chancel Mbemba,COD,DF,Marseille,Ligue 1,28,1994,27,26,2285.0,4.0,4.0,2.7,2.8,0.1,36.0,31.0,0.16,-0.2943864171172844,3.14227451766881,High
Bryan Mbeumo,CMR,FW,Brentford,Premier League,23,1999,27,27,2092.0,5.0,3.0,6.8,4.0,1.0,43.0,4.0,10.0,0.8968980669891568,4.254835534132837,High
John McGinn,SCO,MF,Aston Villa,Premier League,28,1994,23,19,1703.0,1.7,2.0,17.0,3.4,1.7,0.09,44.0,0.11,-0.2943864171172844,1.2537182931162238,High
Scott McKenna,SCO,DF,Nott'ham Forest,Premier League,26,1996,18,17,1462.0,0.1,4.0,5.0,1.0,33.0,0.0,0.05,0.05,0.18212737652529207,-1.2624961871661122,Mid
Weston McKennie,USA,MF,Leeds United,Premier League,24,1998,8,6,580.0,0.4,4.0,8.0,14.0,38.0,,,,0.6586411701678685,-1.0620104326323105,Mid
Weston McKennie,USA,"MF,DF",Juventus,Serie A,24,1998,15,13,1052.0,1.0,1.0,0.9,1.6,0.7,19.0,54.0,0.09,0.6586411701678685,-0.1685114268498461,Mid
Dwight McNeil,ENG,"FW,MF",Everton,Premier League,23,1999,26,18,1598.0,3.0,2.0,1.3,3.5,1.3,47.0,44.0,89.0,0.8968980669891568,2.8304273846829466,High
Scott McTominay,SCO,MF,Manchester Utd,Premier League,26,1996,18,7,865.0,0.8,6.0,9.0,16.0,24.0,0.08,0.11,0.08,0.18212737652529207,-2.3656180091396575,Low
Gary Medel,CHI,"MF,DF",Bologna,Serie A,35,1987,21,16,1324.0,0.1,1.0,1.0,0.4,0.3,0.0,5.0,0.07,-1.962184694866302,-4.051737463520373,Low
Facundo Medina,ARG,DF,Lens,Ligue 1,23,1999,23,23,1970.0,1.0,3.0,2.0,0.8,2.0,63.0,188.0,28.0,0.8968980669891568,8.29041389130535,High
Ben Mee,ENG,DF,Brentford,Premier League,33,1989,26,26,2288.0,3.0,3.0,1.8,2.0,0.2,3.0,11.0,0.12,-1.4856709012237255,-0.1591864007959125,Mid
Bamo Meïté,CIV,DF,Lorient,Ligue 1,21,2001,9,8,789.0,1.0,1.0,0.7,20.0,0.7,6.0,,,1.3734118606317332,-0.5867682285440139,Mid
Soualiho Meïté,FRA,MF,Cremonese,Serie A,29,1994,20,17,1387.0,0.3,1.0,15.0,0.6,0.3,0.02,16.0,0.06,-0.5326433139385727,-0.8183009613898894,Mid
Farid El Melali,ALG,"DF,FW",Angers,Ligue 1,25,1997,13,7,615.0,1.1,1.0,37.0,49.0,14.0,,,,0.4203842733465803,3.616309228211815,High
Gonzalo Melero,ESP,MF,Almería,La Liga,29,1994,16,14,1129.0,3.0,3.0,2.4,3.0,1.0,16.0,1.4,3.0,-0.5326433139385727,-2.300329670981606,Low
Birger Meling,NOR,DF,Rennes,Ligue 1,28,1994,20,5,742.0,30.0,2.0,0.0,42.0,58.0,,,,-0.2943864171172844,-0.9617995662957896,Mid
Houboulang Mendes,FRA,DF,Almería,La Liga,24,1998,12,9,739.0,13.0,1.0,0.0,14.0,0.3,,,,0.6586411701678685,-1.118289050357114,Mid
Nuno Mendes,POR,"DF,MF",Paris S-G,Ligue 1,20,2002,19,15,1271.0,1.0,4.0,1.0,2.4,1.0,42.0,64.0,169.0,1.6116687574530215,2.7644716879521725,High
Thiago Mendes,BRA,"MF,DF",Lyon,Ligue 1,31,1992,23,18,1613.0,1.0,1.0,0.6,0.6,0.6,5.0,140.0,12.0,-1.0091571075811492,1.1631346303264805,High
Brais Méndez,ESP,MF,Real Sociedad,La Liga,26,1997,25,23,1915.0,7.0,3.0,4.5,2.4,4.5,32.0,105.0,110.0,0.18212737652529207,4.3693825357887555,High
Batista Mendy,FRA,"MF,DF",Angers,Ligue 1,23,2000,25,25,2053.0,0.6,8.0,19.0,143.0,1.5,0.03,0.04,0.07,0.8968980669891568,11.205694167337379,High
Edouard Mendy,SEN,GK,Chelsea,Premier League,31,1992,9,8,765.0,,1.0,0.0,0.0,0.0,0.0,,,-1.0091571075811492,-4.527390582674665,Low
Ferland Mendy,FRA,DF,Real Madrid,La Liga,27,1995,15,14,1156.0,0.3,1.0,22.0,0.9,0.6,0.02,60.0,0.08,-0.05612952029599616,0.6005718999479036,Mid
Nampalys Mendy,SEN,MF,Leicester City,Premier League,30,1992,14,6,610.0,1.0,1.0,0.1,25.0,0.2,2.0,,,-0.7709002107598608,-3.241868271617561,Low
Gideon Mensah,GHA,DF,Auxerre,Ligue 1,24,1998,19,19,1697.0,42.0,5.0,0.0,0.05,81.0,0.0,0.06,0.0,0.6586411701678685,-0.6365219816819092,Mid
Chris Mepham,WAL,DF,Bournemouth,Premier League,25,1997,21,19,1749.0,0.3,7.0,1.0,0.01,31.0,0.02,0.02,0.03,0.4203842733465803,-0.700154289538101,Mid
Alex Meret,ITA,GK,Napoli,Serie A,26,1997,26,26,2340.0,0.0,0.0,0.0,0.0,0.0,0.0,0.0,0.0,0.18212737652529207,0.9058738861156449,Mid
Mikel Merino,ESP,MF,Real Sociedad,La Liga,26,1996,21,18,1602.0,1.0,7.0,3.1,1.0,4.0,18.0,3.1,5.4,0.18212737652529207,-0.1774856744376301,Mid
Quentin Merlin,FRA,DF,Nantes,Ligue 1,20,2002,16,15,1265.0,0.4,1.0,33.0,2.3,1.9,0.03,62.0,0.07,1.6116687574530215,3.723655910097158,High
Roque Mesa,ESP,MF,Valladolid,La Liga,33,1989,20,15,1237.0,2.0,1.0,1.1,1.1,1.0,23.0,2.0,91.0,-1.4856709012237255,-2.8370348097209,Low
Illan Meslier,FRA,GK,Leeds United,Premier League,23,2000,27,27,2430.0,0.1,3.0,0.0,0.0,0.0,0.0,0.0,0.0,0.8968980669891568,1.9066344048624315,High
Lionel Messi,ARG,"FW,MF",Paris S-G,Ligue 1,35,1987,23,23,2027.0,13.0,13.0,13.2,22.9,9.7,89.0,175.0,0.58,-1.962184694866302,8.715625855077148,High
Junior Messias,BRA,"FW,DF",Milan,Serie A,31,1991,18,14,1103.0,4.0,2.0,2.0,0.5,2.0,31.0,38.0,92.0,-1.0091571075811492,-1.4273673332204173,Mid
Thomas Meunier,BEL,DF,Dortmund,Bundesliga,31,1991,10,7,585.0,0.2,2.0,9.0,45.0,30.0,,,,-1.0091571075811492,-0.659264216305673,Mid
Alexander Meyer,GER,GK,Dortmund,Bundesliga,31,1991,7,7,630.0,,1.0,0.0,0.0,0.0,0.0,,,-1.0091571075811492,-4.887484804467806,Low
Sven Michel,GER,FW,Union Berlin,Bundesliga,32,1990,16,2,412.0,3.0,3.0,1.3,0.5,2.0,7.0,1.3,11.0,-1.2474140044024373,-6.507886949308035,Low
Nikola Milenkovic,SRB,DF,Fiorentina,Serie A,25,1997,20,18,1597.0,2.0,1.0,1.7,0.5,1.7,7.0,61.0,2.0,0.4203842733465803,0.8155078451989268,Mid
Arkadiusz Milik,POL,FW,Juventus,Serie A,29,1994,17,10,986.0,6.0,1.0,4.2,4.2,1.0,8.0,5.3,20.0,-0.5326433139385727,-3.118337833984335,Low
Sergej Milinkovic-Savic,SRB,MF,Lazio,Serie A,28,1995,25,24,2100.0,4.0,8.0,3.0,6.4,3.0,38.0,123.0,88.0,-0.2943864171172844,5.147705733546401,High
Vanja Milinkovic-Savic,SRB,GK,Torino,Serie A,26,1997,27,27,2430.0,0.0,3.0,0.0,0.0,0.0,0.0,0.0,0.0,0.18212737652529207,1.1918637143985669,High
Éder Militão,BRA,DF,Real Madrid,La Liga,25,1998,22,20,1758.0,4.0,4.0,1.6,1.9,0.3,20.0,13.0,0.2,0.4203842733465803,0.8425540876277393,Mid
Luka Milivojevic,SRB,MF,Crystal Palace,Premier League,31,1991,13,4,417.0,0.2,1.0,2.0,2.0,16.0,,,,-1.0091571075811492,-4.531972441420613,Low
Luis Milla,ESP,MF,Getafe,La Liga,28,1994,19,16,1365.0,0.2,5.0,9.0,79.0,1.2,0.01,0.07,0.08,-0.2943864171172844,2.942454540804424,High
Pere Milla,ESP,"FW,MF",Elche,La Liga,30,1992,19,14,1205.0,6.0,1.0,4.5,5.0,3.0,17.0,1.1,3.2,-0.7709002107598608,-2.065198747006675,Low
Enzo Millot,FRA,MF,Stuttgart,Bundesliga,20,2002,15,3,413.0,0.7,3.0,11.0,26.0,16.0,,,,1.6116687574530215,0.1865469858366311,Mid
James Milner,ENG,"DF,MF",Liverpool,Premier League,37,1986,20,6,719.0,0.4,1.0,17.0,1.2,0.8,,64.0,,-2.4386984885088787,-3.1276902976436727,Low
Kim Min-jae,KOR,DF,Napoli,Serie A,26,1996,26,26,2280.0,2.0,1.0,1.0,1.6,1.0,25.0,115.0,6.0,0.18212737652529207,4.944354435880495,High
Takumi Minamino,JPN,"MF,FW",Monaco,Ligue 1,28,1995,14,7,508.0,1.0,3.0,1.1,1.1,1.1,19.0,19.0,46.0,-0.2943864171172844,-3.713115140115017,Low
Tyrone Mings,ENG,DF,Aston Villa,Premier League,30,1993,24,24,2160.0,0.5,2.0,10.0,1.9,1.4,0.02,6.0,0.08,-0.7709002107598608,0.5554920041735172,Mid
Óscar Mingueza,ESP,DF,Celta Vigo,La Liga,23,1999,18,12,1144.0,0.4,2.0,21.0,36.0,59.0,0.03,0.12,0.03,0.8968980669891568,1.7753139252690553,High
Rafa Mir,ESP,FW,Sevilla,La Liga,25,1997,16,10,814.0,3.0,3.0,4.7,5.6,0.8,10.0,39.0,0.33,0.4203842733465803,-1.4035138490092207,Mid
Aleksei Miranchuk,RUS,MF,Torino,Serie A,27,1995,20,18,1512.0,4.0,4.0,2.3,5.6,3.3,36.0,79.0,0.24,-0.05612952029599616,2.310702403885605,High
Juan Miranda,ESP,DF,Betis,La Liga,23,2000,10,6,628.0,1.0,1.0,0.9,30.0,2.1,12.0,,,0.8968980669891568,-0.7224799589480141,Mid
Fabio Miretti,ITA,"MF,FW",Juventus,Serie A,19,2003,19,10,901.0,1.4,2.0,23.0,2.5,1.1,0.14,69.0,0.2,1.8499256542743097,1.947628895911281,High
Tyrick Mitchell,ENG,DF,Crystal Palace,Premier League,23,1999,26,24,1991.0,0.3,2.0,16.0,0.9,0.3,0.02,69.0,55.0,0.8968980669891568,3.9784346839519493,High
Kaoru Mitoma,JPN,"FW,MF",Brighton,Premier League,25,1997,20,13,1270.0,6.0,3.0,3.2,7.1,3.9,79.0,141.0,0.21,0.4203842733465803,5.338769480554965,High
Aleksandar Mitrovic,SRB,FW,Fulham,Premier League,28,1994,21,21,1813.0,11.0,1.0,12.3,6.0,6.0,19.0,2.1,9.8,-0.2943864171172844,1.26445410075358,High
Stefan Mitrovic,SRB,DF,Getafe,La Liga,32,1990,15,12,1131.0,0.1,3.0,0.01,0.01,1.0,0.0,0.01,0.0,-1.2474140044024373,-4.441789390845049,Low
Maximilian Mittelstädt,GER,DF,Hertha BSC,Bundesliga,26,1997,13,5,643.0,0.3,3.0,20.0,27.0,28.0,,,,0.18212737652529207,0.2933450764439277,Mid
Henrikh Mkhitaryan,ARM,MF,Inter,Serie A,34,1989,24,18,1545.0,3.0,1.0,1.7,1.9,1.7,37.0,102.0,56.0,-1.7239277980450138,1.0325908860403903,High
Anthony Modeste,FRA,FW,Dortmund,Bundesliga,34,1988,17,7,799.0,2.0,1.0,4.3,1.1,4.3,3.0,7.0,35.0,-1.7239277980450138,-5.389984595857477,Low
Luka Modric,CRO,MF,Real Madrid,La Liga,37,1985,24,16,1409.0,4.0,3.0,4.1,6.0,1.0,37.0,3.6,6.9,-2.4386984885088787,-2.1313830579275135,Low
Terem Moffi,NGA,FW,Nice,Ligue 1,23,1999,6,6,499.0,3.0,2.0,2.3,2.9,0.5,5.0,28.0,,0.8968980669891568,-2.8721048615633054,Low
Terem Moffi,NGA,FW,Lorient,Ligue 1,23,1999,18,17,1386.0,12.0,12.0,7.3,5.7,1.0,29.0,6.2,20.0,0.8968980669891568,1.2801689684910311,High
Mostafa Mohamed,EGY,FW,Nantes,Ligue 1,25,1997,28,14,1431.0,6.0,2.0,5.6,7.3,1.7,11.0,73.0,0.13,0.4203842733465803,1.225054414093865,High
Tobias Mohr,GER,"DF,MF",Schalke 04,Bundesliga,27,1995,15,8,782.0,0.6,2.0,19.0,27.0,1.6,,,,-0.05612952029599616,0.6058993829856115,Mid
Johan Mojica,COL,DF,Villarreal,La Liga,30,1992,14,5,613.0,25.0,0.9,,,,,,,-0.7709002107598608,-3.0083125321955153,Low
Nahuel Molina,ARG,DF,Atlético Madrid,La Liga,24,1998,21,21,1824.0,0.7,1.0,51.0,1.9,0.7,0.03,78.0,162.0,0.6586411701678685,6.532105421229222,High
Florent Mollet,FRA,MF,Nantes,Ligue 1,31,1991,9,7,582.0,1.0,1.0,0.5,2.2,0.5,12.0,38.0,35.0,-1.0091571075811492,-4.147391529195946,Low
Florent Mollet,FRA,MF,Schalke 04,Bundesliga,31,1991,9,4,410.0,1.0,1.0,0.4,0.7,0.4,6.0,24.0,,-1.0091571075811492,-5.556812771177327,Low
Jon Moncayola,ESP,"MF,DF",Osasuna,La Liga,24,1998,26,18,1729.0,1.2,4.0,21.0,35.0,110.0,0.06,0.1,0.06,0.6586411701678685,3.2688374855682385,High
Monchu,ESP,MF,Valladolid,La Liga,23,1999,22,15,1296.0,1.0,1.0,1.0,1.5,1.0,11.0,63.0,19.0,0.8968980669891568,0.6084042476731794,Mid
César Montes,MEX,DF,Espanyol,La Liga,26,1997,9,8,675.0,0.1,2.0,4.0,,2.0,,,,0.18212737652529207,-1.8349143778806558,Low
Gonzalo Montiel,ARG,DF,Sevilla,La Liga,26,1997,17,11,974.0,0.7,1.0,23.0,1.0,0.7,0.06,34.0,71.0,0.18212737652529207,-0.41226838727067716,Mid
Lorenzo Montipò,ITA,GK,Hellas Verona,Serie A,27,1996,26,26,2340.0,0.0,0.0,0.0,0.0,0.0,0.0,0.0,0.0,-0.05612952029599616,0.6676169892943566,Mid
Kieffer Moore,WAL,FW,Bournemouth,Premier League,30,1992,21,12,1120.0,4.0,4.0,3.2,20.0,3.5,10.0,0.32,0.32,-0.7709002107598608,-2.0489301471125376,Low
Álvaro Morata,ESP,FW,Atlético Madrid,La Liga,30,1992,26,16,1349.0,10.0,2.0,8.0,1.2,8.0,24.0,15.0,70.0,-0.7709002107598608,-0.7993357505669256,Mid
Alberto Moreno,ESP,DF,Villarreal,La Liga,30,1992,14,10,845.0,0.3,5.0,23.0,54.0,28.0,0.04,0.13,0.04,-0.7709002107598608,0.5875127524382964,Mid
Álex Moreno,ESP,DF,Aston Villa,Premier League,29,1993,9,5,576.0,0.3,2.0,23.0,1.6,1.3,,53.0,,-0.5326433139385727,-1.2922426359048798,Mid
Álex Moreno,ESP,DF,Betis,La Liga,29,1993,15,15,1350.0,1.3,3.0,49.0,2.7,1.5,0.08,76.0,0.2,-0.5326433139385727,3.5512600906585132,High
Diego Moreno,ESP,DF,Osasuna,La Liga,21,2001,7,6,531.0,0.4,0.4,7.0,,17.0,,,,1.3734118606317332,-0.8820295610637474,Mid
Gerard Moreno,ESP,FW,Villarreal,La Liga,30,1992,16,13,1068.0,6.0,2.0,7.0,4.0,2.0,14.0,2.0,7.5,-0.7709002107598608,-2.3730238247968582,Low
Tete Morente,ESP,"MF,DF",Elche,La Liga,26,1996,20,11,1080.0,1.0,1.0,1.7,2.0,0.3,29.0,77.0,0.08,0.18212737652529207,0.23914008207481866,Mid
Ilaix Moriba,GUI,MF,Valencia,La Liga,20,2003,18,8,771.0,1.0,1.0,12.0,0.8,1.0,,49.0,23.0,1.6116687574530215,0.4354412091522344,Mid
Nikola Moro,CRO,MF,Bologna,Serie A,25,1998,15,7,692.0,0.4,2.0,12.0,1.2,0.8,,25.0,,0.4203842733465803,-1.5882512715551447,Mid
Dany Mota,POR,"FW,MF",Monza,Serie A,24,1998,19,12,1172.0,3.0,3.0,3.7,5.5,1.8,46.0,102.0,0.23,0.6586411701678685,2.7777981760001236,High
Youssoufa Moukoko,GER,FW,Dortmund,Bundesliga,18,2004,18,11,949.0,6.0,3.0,5.3,6.3,0.9,6.0,49.0,0.28,2.088182551095598,0.7844510709916044,Mid
Steve Mounié,BEN,FW,Brest,Ligue 1,28,1994,13,10,787.0,4.0,4.0,4.7,0.1,3.9,13.0,13.0,33.0,-0.2943864171172844,-2.9892325462510403,Low
Mason Mount,ENG,"MF,FW",Chelsea,Premier League,24,1999,23,20,1631.0,3.0,2.0,2.0,3.0,2.0,47.0,97.0,113.0,0.6586411701678685,4.255421741844131,High
Bevic Moussiti-Oko,CGO,FW,Ajaccio,Ligue 1,28,1995,17,7,698.0,1.0,1.0,1.8,2.7,0.8,10.0,45.0,,-0.2943864171172844,-3.0122425311838565,Low
João Moutinho,POR,MF,Wolves,Premier League,36,1986,26,19,1656.0,1.2,2.0,18.0,3.7,2.5,0.06,28.0,0.11,-2.20044159168759,-1.0140460482752784,Mid
Samuel Moutoussamy,COD,MF,Nantes,Ligue 1,26,1996,25,18,1590.0,1.3,2.0,20.0,2.0,0.6,0.08,29.0,0.11,0.18212737652529207,1.2298090612946044,High
Nordi Mukiele,FRA,DF,Paris S-G,Ligue 1,25,1997,19,12,1137.0,1.0,3.0,19.0,26.0,3.1,0.08,0.24,0.24,0.4203842733465803,0.5182933352509402,Mid
Florian Müller,GER,GK,Stuttgart,Bundesliga,25,1997,19,19,1710.0,0.0,0.1,0.0,0.0,0.0,0.0,0.0,0.0,0.4203842733465803,-0.8577980150435209,Mid
Thomas Müller,GER,"FW,MF",Bayern Munich,Bundesliga,33,1989,18,14,1059.0,4.0,7.0,5.4,10.1,4.7,21.0,131.0,0.59,-1.4856709012237255,0.7282764125331711,Mid
Abdul Mumin,GHA,DF,Rayo Vallecano,La Liga,24,1998,6,3,309.0,0.2,1.0,4.0,,1.0,,,,0.6586411701678685,-2.6500215244336136,Low
Marshall Munetsi,ZIM,MF,Reims,Ligue 1,26,1996,24,21,1847.0,5.0,3.0,6.4,2.3,6.4,26.0,66.0,51.0,0.18212737652529207,2.9219620126117265,High
Iker Muniain,ESP,"MF,FW",Athletic Club,La Liga,30,1992,22,15,1299.0,2.5,3.0,39.0,5.7,3.2,0.17,87.0,0.21,-0.7709002107598608,2.7657564338336638,High
Aihen Muñoz,ESP,DF,Real Sociedad,La Liga,25,1997,13,10,874.0,0.1,0.1,19.0,0.03,54.0,0.01,0.01,0.04,0.4203842733465803,-1.7348391521967668,Low
Luis Muriel,COL,FW,Atalanta,Serie A,31,1991,18,7,775.0,1.0,2.0,1.5,2.0,2.0,43.0,2.8,3.5,-1.0091571075811492,-3.207893112732199,Low
Jeison Murillo,COL,DF,Sampdoria,Serie A,30,1992,14,10,827.0,8.0,3.0,0.0,0.0,0.0,0.0,0.0,0.0,-0.7709002107598608,-4.743204747612838,Low
Vedat Muriqi,KVX,FW,Mallorca,La Liga,28,1994,23,23,1990.0,10.0,2.0,8.1,5.0,3.0,22.0,5.8,1.6,-0.2943864171172844,1.6149673137062428,High
Jacob Murphy,ENG,FW,Newcastle Utd,Premier League,28,1995,26,7,765.0,1.0,1.0,1.1,2.3,1.2,41.0,80.0,,-0.2943864171172844,-0.7270550904671802,Mid
Nicola Murru,ITA,DF,Sampdoria,Serie A,28,1994,14,3,511.0,4.0,2.0,,,9.0,,,,-0.2943864171172844,-2.97533077970107,Low
Yunus Musah,USA,MF,Valencia,La Liga,20,2002,23,21,1692.0,1.6,2.0,57.0,3.1,1.5,0.08,72.0,0.11,1.6116687574530215,7.742531028465427,High
Jamal Musiala,GER,"MF,FW",Bayern Munich,Bundesliga,20,2003,24,20,1679.0,11.0,8.0,6.7,5.1,6.7,63.0,87.0,154.0,1.6116687574530215,6.321352129527543,High
Juan Musso,ARG,GK,Atalanta,Serie A,28,1994,21,21,1807.0,0.0,1.0,0.0,0.0,0.0,0.0,0.0,0.0,-0.2943864171172844,-1.1372704858603897,Mid
Yvon Mvogo,SUI,GK,Lorient,Ligue 1,28,1994,14,14,1182.0,0.0,0.0,0.0,0.0,0.0,0.0,0.0,0.0,-0.2943864171172844,-3.130965462339709,Low
Vitaliy Mykolenko,UKR,"DF,MF",Everton,Premier League,23,1999,27,25,2146.0,0.4,3.0,30.0,57.0,87.0,0.02,0.07,0.02,0.8968980669891568,7.279511893520538,High
Joakim Mæhle,DEN,"DF,MF",Atalanta,Serie A,25,1997,24,16,1390.0,2.0,1.0,2.8,2.8,1.0,55.0,4.7,96.0,0.4203842733465803,1.23093991407337,High
Obite N'Dicka,FRA,DF,Eint Frankfurt,Bundesliga,23,1999,24,24,2152.0,1.0,1.0,1.2,1.3,0.1,11.0,3.0,0.04,0.8968980669891568,1.794060240745745,High
Nathan N'Goumou,FRA,FW,M'Gladbach,Bundesliga,23,2000,12,3,328.0,0.1,0.1,10.0,,28.0,,,,0.8968980669891568,-1.831883156971739,Low
Stanley N'Soki,FRA,DF,Hoffenheim,Bundesliga,23,1999,14,12,1092.0,1.0,1.0,0.5,0.8,0.3,13.0,9.0,0.08,0.8968980669891568,-1.460776316425346,Mid
Nacho,ESP,DF,Real Madrid,La Liga,33,1990,17,10,927.0,0.3,1.0,9.0,0.9,0.6,0.03,18.0,0.1,-1.4856709012237255,-3.974692116065424,Low
Nikolas Nartey,DEN,"DF,MF",Stuttgart,Bundesliga,23,2000,7,4,376.0,0.3,1.0,7.0,17.0,19.0,,,,0.8968980669891568,-1.349291164078105,Mid
Matija Nastasic,SRB,DF,Mallorca,La Liga,30,1993,12,9,846.0,4.0,3.0,0.01,0.01,0.01,0.0,0.0,0.0,-0.7709002107598608,-4.848191623823913,Low
Roberto Navarro,ESP,"MF,FW",Real Sociedad,La Liga,20,2002,16,1,342.0,1.0,2.0,17.0,28.0,13.0,,,,1.6116687574530215,0.46092194003864995,Mid
Jesús Navas,ESP,"DF,FW",Sevilla,La Liga,37,1985,22,15,1384.0,0.2,3.0,33.0,183.0,76.0,0.02,0.19,0.02,-2.4386984885088787,9.039162176054763,High
Keylor Navas,CRC,GK,Nott'ham Forest,Premier League,36,1986,7,7,630.0,,1.0,0.0,0.0,0.0,0.0,,,-2.20044159168759,-6.078769288574247,Low
Youssouf Ndayishimiye,BDI,"DF,MF",Nice,Ligue 1,24,1998,7,4,395.0,1.0,1.0,0.3,0.4,0.1,3.0,1.0,,0.6586411701678685,-4.640219046495836,Low
Papa Ndiaga Yade,SEN,"DF,MF",Troyes,Ligue 1,23,2000,9,4,386.0,0.5,1.0,22.0,0.9,0.5,,12.0,33.0,0.8968980669891568,-1.4510089990227675,Mid
Wilfred Ndidi,NGA,"MF,DF",Leicester City,Premier League,26,1996,18,12,1070.0,0.2,3.0,9.0,0.02,4.0,0.01,0.02,0.0,0.18212737652529207,-2.289435989705298,Low
Tanguy Ndombele,FRA,MF,Napoli,Serie A,26,1996,25,6,628.0,1.0,1.0,0.9,1.3,0.4,17.0,28.0,,0.18212737652529207,-3.0532894593323965,Low
Álvaro Negredo,ESP,FW,Cádiz,La Liga,37,1985,14,7,556.0,1.0,2.0,1.2,3.2,2.0,2.0,12.0,,-2.4386984885088787,-6.586956662986811,Low
Neto,BRA,GK,Bournemouth,Premier League,33,1989,17,17,1485.0,0.0,4.0,0.0,0.0,0.0,0.0,0.0,0.0,-1.4856709012237255,-3.4099372396898895,Low
Pedro Neto,POR,"FW,MF",Wolves,Premier League,23,2000,11,10,734.0,1.0,1.0,32.0,96.0,20.0,,,,0.8968980669891568,7.024182604599336,High
Luca Netz,GER,DF,M'Gladbach,Bundesliga,19,2003,12,4,414.0,7.0,2.0,0.0,17.0,7.0,,,,1.8499256542743097,-0.9737116404766399,Mid
Manuel Neuer,GER,GK,Bayern Munich,Bundesliga,37,1986,12,12,1080.0,0.2,0.2,0.02,0.02,0.02,0.0,0.0,0.0,-2.4386984885088787,-5.715798288185245,Low
Florian Neuhaus,GER,MF,M'Gladbach,Bundesliga,26,1997,15,8,763.0,1.0,1.0,1.0,2.6,1.7,15.0,27.0,,0.18212737652529207,-2.584535211513369,Low
Rúben Neves,POR,MF,Wolves,Premier League,26,1997,27,27,2392.0,5.0,5.0,4.1,2.5,9.0,22.0,3.5,175.0,0.18212737652529207,2.7346776751508024,High
Neymar,BRA,"MF,FW",Paris S-G,Ligue 1,31,1992,20,18,1545.0,13.0,11.0,8.1,6.0,2.0,69.0,6.5,8.8,-1.0091571075811492,1.6845347293862452,High
Jessic Ngankam,GER,"FW,MF",Hertha BSC,Bundesliga,22,2000,10,5,502.0,2.0,2.0,2.5,1.7,2.0,6.0,2.0,3.0,1.135154963810445,-3.411247626609634,Low
Cyril Ngonge,BEL,"MF,FW",Hellas Verona,Serie A,22,2000,6,5,316.0,2.0,2.0,0.9,1.2,0.3,10.0,19.0,,1.135154963810445,-3.295515302733784,Low
Ibrahima Niane,SEN,FW,Angers,Ligue 1,24,1999,7,6,455.0,1.3,1.3,6.0,,24.0,,,,0.6586411701678685,-1.8133864965009163,Low
M'Baye Niang,SEN,FW,Auxerre,Ligue 1,28,1994,22,14,1168.0,3.0,3.0,3.6,2.0,2.0,15.0,0.3,2.4,-0.2943864171172844,-2.0195352196594967,Low
Tanguy Nianzou,FRA,DF,Sevilla,La Liga,20,2002,17,15,1231.0,1.0,1.0,0.5,0.5,0.5,4.0,0.07,0.07,1.6116687574530215,-0.7481834202663826,Mid
Rasmus Nicolaisen,DEN,DF,Toulouse,Ligue 1,26,1997,27,27,2365.0,0.8,2.0,18.0,0.7,0.8,0.03,82.0,3.0,0.18212737652529207,4.782988438277785,High
Hans Nicolussi Caviglia,ITA,MF,Salernitana,Serie A,22,2000,7,5,456.0,1.0,1.0,0.1,17.0,0.1,2.0,,,1.135154963810445,-2.2002532529720638,Low
Florian Niederlechner,GER,"FW,MF",Augsburg,Bundesliga,32,1990,14,10,910.0,4.0,1.0,2.9,0.4,2.9,1.0,18.0,51.0,-1.2474140044024373,-4.307777723558805,Low
Florian Niederlechner,GER,FW,Hertha BSC,Bundesliga,32,1990,8,7,478.0,1.2,1.0,8.0,13.0,7.0,,,,-1.2474140044024373,-3.057386701116714,Low
Saúl Ñíguez,ESP,"MF,DF",Atlético Madrid,La Liga,28,1994,21,7,645.0,1.0,1.0,1.2,0.1,1.2,9.0,22.0,39.0,-0.2943864171172844,-3.9171158791659964,Low
Dimitris Nikolaou,GRE,DF,Spezia,Serie A,24,1998,25,24,2139.0,0.3,8.0,17.0,76.0,0.9,0.01,0.03,0.04,0.6586411701678685,6.825406453076251,High
Rasmus Nissen,DEN,DF,Leeds United,Premier League,25,1997,16,13,1208.0,1.0,1.0,0.4,0.8,0.4,13.0,51.0,60.0,0.4203842733465803,-0.5883030948714085,Mid
Eddie Nketiah,ENG,FW,Arsenal,Premier League,23,1999,23,9,1001.0,4.0,1.0,7.4,1.1,7.4,31.0,15.0,72.0,0.8968980669891568,-0.4126520829261352,Mid
Christopher Nkunku,FRA,"FW,MF",RB Leipzig,Bundesliga,25,1997,18,15,1418.0,12.0,1.0,9.5,2.0,3.0,31.0,2.5,9.7,0.4203842733465803,0.5631009886423479,Mid
Felix Nmecha,GER,MF,Wolfsburg,Bundesliga,22,2000,21,11,1117.0,2.0,3.0,2.0,1.6,2.0,10.0,42.0,36.0,1.135154963810445,-0.46186488676882775,Mid
Lukas Nmecha,GER,FW,Wolfsburg,Bundesliga,24,1998,16,10,899.0,4.0,4.0,3.0,3.5,0.5,15.0,70.0,0.4,0.6586411701678685,-0.31858385745473494,Mid
Arnaud Nordin,FRA,"FW,MF",Montpellier,Ligue 1,24,1998,26,20,1572.0,4.0,2.0,3.6,1.1,3.6,55.0,42.0,114.0,0.6586411701678685,3.2067913193375395,High
Riad Nouri,FRA,MF,Ajaccio,Ligue 1,37,1985,24,12,1277.0,1.0,1.0,2.3,1.5,3.0,27.0,3.7,30.0,-2.4386984885088787,-3.781243685310529,Low
Alexander Nübel,GER,GK,Monaco,Ligue 1,26,1996,28,28,2520.0,0.0,2.0,0.0,0.0,0.0,0.0,0.0,0.0,0.18212737652529207,1.4778535426814887,High
Matheus Nunes,POR,MF,Wolves,Premier League,24,1998,24,21,1695.0,2.0,1.0,43.0,1.9,2.0,0.11,59.0,88.0,0.6586411701678685,5.126193882989205,High
Darwin Núñez,URU,FW,Liverpool,Premier League,23,1999,20,16,1347.0,8.0,3.0,10.3,10.3,1.0,49.0,15.0,25.0,0.8968980669891568,2.7464199395379323,High
Unai Núñez,ESP,DF,Celta Vigo,La Liga,26,1997,24,24,2160.0,0.9,6.0,16.0,0.04,87.0,0.04,0.04,0.0,0.18212737652529207,1.8019669228586315,High
Bram Nuytinck,NED,DF,Udinese,Serie A,32,1990,6,3,385.0,1.0,1.0,,,,,,,-1.2474140044024373,-4.135850668814836,Low
Bram Nuytinck,NED,DF,Sampdoria,Serie A,32,1990,12,12,980.0,0.2,1.0,2.0,0.4,0.2,0.02,0.09,0.09,-1.2474140044024373,-4.482572355102387,Low
Gerzino Nyamsi,FRA,DF,Strasbourg,Ligue 1,26,1997,15,15,1203.0,1.0,1.0,1.3,1.3,1.3,10.0,3.0,0.07,0.18212737652529207,-1.7596900930028294,Low
M'Bala Nzola,ANG,FW,Spezia,Serie A,26,1996,23,22,1987.0,12.0,2.0,9.2,5.0,3.0,36.0,1.7,8.5,0.18212737652529207,2.5832518022719646,High
Christian Nørgaard,DEN,MF,Brentford,Premier League,29,1994,17,16,1384.0,1.0,3.0,1.3,3.1,1.3,3.0,62.0,7.0,-0.5326433139385727,-0.803420765146152,Mid
Lewis O'Brien,ENG,MF,Nott'ham Forest,Premier League,24,1998,13,6,584.0,1.0,1.0,0.3,0.5,0.2,13.0,3.0,,0.6586411701678685,-3.545348171494605,Low
Pedro Obiang,EQG,MF,Sassuolo,Serie A,31,1992,15,9,706.0,0.3,1.0,,0.4,0.2,,2.0,,-1.0091571075811492,-3.766544652189136,Low
Jan Oblak,SVN,GK,Atlético Madrid,La Liga,30,1993,24,24,2132.0,0.0,1.0,0.0,0.0,0.0,0.0,0.0,0.0,-0.7709002107598608,-0.6652427581417104,Mid
Brian Ocampo,URU,"MF,FW",Cádiz,La Liga,23,1999,18,15,1119.0,1.0,1.0,0.5,1.7,0.5,40.0,22.0,81.0,0.8968980669891568,0.5923313566201797,Mid
Lucas Ocampos,ARG,"FW,MF",Sevilla,La Liga,28,1994,12,6,629.0,1.0,1.0,1.8,1.0,1.0,15.0,20.0,62.0,-0.2943864171172844,-3.7502973483591933,Low
Guillermo Ochoa,MEX,GK,Salernitana,Serie A,37,1985,10,10,900.0,0.0,0.0,0.0,0.0,0.0,0.0,0.0,0.0,-2.4386984885088787,-6.290789231445278,Low
Wilson Odobert,FRA,"MF,FW",Troyes,Ligue 1,18,2004,25,12,1205.0,3.0,2.0,1.6,3.1,1.5,48.0,95.0,0.15,2.088182551095598,3.846832268137132,High
Angelo Ogbonna,ITA,DF,West Ham,Premier League,34,1988,10,8,715.0,0.2,0.2,,,1.0,,,,-1.7239277980450138,-3.380027037070053,Low
Florent Ogier,FRA,DF,Clermont Foot,Ligue 1,34,1989,18,14,1304.0,0.2,1.0,4.0,1.5,1.3,0.01,3.0,0.07,-1.7239277980450138,-3.8311983787369637,Low
David Okereke,NGA,"FW,MF",Cremonese,Serie A,25,1997,25,21,1779.0,5.0,5.0,4.2,3.4,4.0,41.0,4.4,64.0,0.4203842733465803,2.082170106932304,High
Caleb Okoli,ITA,DF,Atalanta,Serie A,21,2001,13,9,845.0,0.3,3.0,2.0,0.03,3.0,0.03,0.03,0.0,1.3734118606317332,-2.520299021658471,Low
Lucas Olaza,URU,DF,Valladolid,La Liga,28,1994,18,13,1222.0,0.1,1.0,11.0,1.1,0.9,0.01,82.0,0.07,-0.2943864171172844,-0.12199004800652954,Mid
Mathias Olesen,LUX,MF,Köln,Bundesliga,22,2001,12,6,440.0,,0.1,0.0,,,0.0,,,1.135154963810445,-2.7286547296621055,Low
Michael Olise,FRA,"FW,MF",Crystal Palace,Premier League,21,2001,27,21,1850.0,2.0,5.0,2.1,4.5,2.1,71.0,86.0,145.0,1.3734118606317332,6.384411343510575,High
Brian Oliván,ESP,DF,Espanyol,La Liga,28,1994,23,23,1915.0,1.0,5.0,0.5,3.7,0.5,38.0,62.0,102.0,-0.2943864171172844,2.8220646821261117,High
Lucas Oliveira Rosa,BRA,DF,Valladolid,La Liga,22,2000,10,7,577.0,0.2,1.0,12.0,28.0,11.0,,,,1.135154963810445,0.7409232137441168,Mid
Mathías Olivera,URU,DF,Napoli,Serie A,25,1997,21,9,931.0,1.0,2.0,0.4,2.0,0.4,36.0,55.0,41.0,0.4203842733465803,-0.38436561459679036,Mid
Dani Olmo,ESP,"MF,FW",RB Leipzig,Bundesliga,24,1998,15,10,772.0,2.0,4.0,2.3,2.8,2.3,17.0,42.0,50.0,0.6586411701678685,-1.2287059781841596,Mid
Warmed Omari,FRA,DF,Rennes,Ligue 1,22,2000,7,6,553.0,0.1,2.0,,19.0,0.4,,,,1.135154963810445,-0.4049550815811267,Mid
Jonas Omlin,SUI,GK,Montpellier,Ligue 1,29,1994,14,14,1166.0,0.0,1.0,0.0,0.0,0.0,0.0,0.0,0.0,-0.5326433139385727,-3.3955705879646305,Low
Jonas Omlin,SUI,GK,M'Gladbach,Bundesliga,29,1994,8,8,660.0,,0.1,0.0,,,0.0,,,-0.5326433139385727,-3.7586027788361953,Low
Ado Onaiwu,JPN,FW,Toulouse,Ligue 1,27,1995,25,4,705.0,2.0,1.0,1.1,2.1,1.0,9.0,62.0,,-0.05612952029599616,-2.9039660337574995,Low
Amadou Onana,BEL,MF,Everton,Premier League,21,2001,26,24,2065.0,1.0,1.0,2.6,2.0,2.6,23.0,56.0,41.0,1.3734118606317332,4.139382614261323,High
André Onana,CMR,GK,Inter,Serie A,26,1996,17,17,1530.0,0.0,1.0,0.0,0.0,0.0,0.0,0.0,0.0,0.18212737652529207,-1.6680345684306535,Mid
Jean Onana,CMR,MF,Lens,Ligue 1,23,2000,14,5,379.0,0.2,2.0,4.0,10.0,16.0,,,,0.8968980669891568,-1.8947915402570086,Low
Karim Onisiwo,AUT,"FW,MF",Mainz 05,Bundesliga,31,1992,23,21,1895.0,9.0,1.0,5.6,2.3,5.6,56.0,36.0,174.0,-1.0091571075811492,2.360769685262529,High
Frank Onyeka,NGA,MF,Brentford,Premier League,25,1998,14,4,505.0,0.4,1.0,3.0,20.0,0.9,,,,0.4203842733465803,-1.8017044659553112,Low
Loïs Openda,BEL,FW,Lens,Ligue 1,23,2000,28,19,1693.0,14.0,2.0,12.5,2.2,12.5,42.0,30.0,157.0,0.8968980669891568,3.502140365208581,High
Willi Orban,HUN,DF,RB Leipzig,Bundesliga,30,1992,24,24,2141.0,3.0,3.0,2.7,2.8,0.2,13.0,7.0,0.13,-0.7709002107598608,0.5226532991103086,Mid
Ivan Ordets,UKR,DF,Bochum,Bundesliga,30,1992,21,19,1666.0,0.4,3.0,1.0,8.0,35.0,0.02,0.03,0.02,-0.7709002107598608,-1.5554090426323048,Mid
Divock Origi,BEL,"FW,MF",Milan,Serie A,27,1995,19,6,699.0,2.0,1.0,1.6,0.9,1.6,13.0,10.0,55.0,-0.05612952029599616,-3.756672202720913,Low
Aimar Oroz,ESP,"MF,FW",Osasuna,La Liga,21,2001,20,13,1161.0,3.0,1.0,2.8,5.0,1.0,16.0,0.7,2.8,1.3734118606317332,-0.3416772725459831,Mid
Riccardo Orsolini,ITA,FW,Bologna,Serie A,26,1997,23,16,1533.0,7.0,3.0,6.5,4.0,1.0,37.0,5.7,1.9,0.18212737652529207,0.8462806333486516,Mid
Jordi Osei-Tutu,ENG,"DF,FW",Bochum,Bundesliga,24,1998,18,6,652.0,0.7,3.0,21.0,38.0,17.0,,,,0.6586411701678685,1.6643468902946863,High
Victor Osimhen,NGA,FW,Napoli,Serie A,24,1998,23,22,1903.0,21.0,4.0,15.9,2.0,15.8,33.0,20.0,133.0,0.6586411701678685,3.669185226972794,High
Patrick Osterhage,GER,MF,Bochum,Bundesliga,23,2000,17,6,640.0,0.2,1.0,4.0,11.0,19.0,,,,0.8968980669891568,-1.2680728400818357,Mid
Paulo Otávio,BRA,DF,Wolfsburg,Bundesliga,28,1994,22,22,1808.0,0.6,5.0,36.0,2.9,2.2,0.03,69.0,0.25,-0.2943864171172844,4.157590908274953,High
Dango Ouattara,BFA,MF,Bournemouth,Premier League,21,2002,8,8,665.0,2.4,3.0,21.0,3.7,1.4,,40.0,,1.3734118606317332,0.7964304895754926,Mid
Dango Ouattara,BFA,"FW,MF",Lorient,Ligue 1,21,2002,18,18,1548.0,6.0,5.0,5.2,5.2,1.0,64.0,8.3,39.0,1.3734118606317332,3.5771280649604273,High
Remi Oudin,FRA,FW,Lecce,Serie A,26,1996,20,2,479.0,0.6,1.0,10.0,27.0,25.0,,,,0.18212737652529207,-1.3043889741412211,Mid
Azzedine Ounahi,MAR,"MF,FW",Angers,Ligue 1,22,2000,15,13,1129.0,1.8,1.0,53.0,77.0,87.0,0.14,0.27,0.14,1.135154963810445,7.485559415922534,High
Adam Ounas,ALG,FW,Lille,Ligue 1,26,1996,15,10,870.0,1.0,1.0,2.0,2.5,2.0,47.0,54.0,100.0,0.18212737652529207,0.06451155697715213,Mid
Thomas Ouwejan,NED,DF,Schalke 04,Bundesliga,26,1996,12,9,807.0,0.1,1.0,14.0,1.3,1.2,,19.0,,0.18212737652529207,-1.3198370189183875,Mid
Alex Oxlade-Chamberlain,ENG,"FW,MF",Liverpool,Premier League,29,1993,8,4,314.0,1.0,1.0,1.3,12.0,2.2,11.0,,,-0.5326433139385727,-4.017787894193592,Low
Mikel Oyarzabal,ESP,"FW,MF",Real Sociedad,La Liga,25,1997,12,6,600.0,2.0,1.0,2.4,1.6,1.0,15.0,3.3,20.0,0.4203842733465803,-3.4022232614528782,Low
Salih Özcan,TUR,MF,Dortmund,Bundesliga,25,1998,19,16,1341.0,0.2,1.0,5.0,0.6,0.4,0.01,19.0,0.07,0.4203842733465803,-0.9200571156261097,Mid
Cenk Özkacar,TUR,DF,Valencia,La Liga,22,2000,10,7,780.0,0.6,1.0,11.0,1.0,35.0,,,,1.135154963810445,-0.6127845584081435,Mid
Fernando Pacheco,ESP,GK,Espanyol,La Liga,30,1992,5,5,450.0,,0.2,0.0,,,0.0,,,-0.7709002107598608,-4.756023302492624,Low
Jon Pacheco,ESP,DF,Real Sociedad,La Liga,22,2001,10,8,768.0,11.0,2.0,0.0,0.0,0.0,,,,1.135154963810445,-1.5596506050183028,Mid
Gonçalo Paciência,POR,"FW,MF",Celta Vigo,La Liga,28,1994,15,4,408.0,1.0,1.0,0.9,0.4,0.9,3.0,5.0,25.0,-0.2943864171172844,-5.418948495277429,Low
Exequiel Palacios,ARG,MF,Leverkusen,Bundesliga,24,1998,19,14,1195.0,3.0,2.0,2.0,1.0,2.0,7.0,1.2,1.6,0.6586411701678685,-1.5679250062168424,Mid
Helibelton Palacios,COL,DF,Elche,La Liga,29,1993,20,19,1600.0,0.4,5.0,21.0,16.0,38.0,0.02,0.06,0.02,-0.5326433139385727,0.8765972177300574,Mid
Isaac Palazón Camacho,ESP,"FW,MF",Rayo Vallecano,La Liga,28,1994,25,24,2002.0,6.0,5.0,5.2,4.0,3.0,27.0,3.7,6.5,-0.2943864171172844,1.6233286989315925,High
João Palhinha,POR,MF,Fulham,Premier League,27,1995,24,24,2135.0,3.0,3.0,2.2,2.4,0.3,4.0,14.0,0.13,-0.05612952029599616,0.9219010411585762,Mid
Nicolas Pallois,FRA,DF,Nantes,Ligue 1,35,1987,19,19,1617.0,0.4,3.0,3.0,1.0,57.0,0.02,0.02,0.02,-1.962184694866302,-3.0586909742809834,Low
Erik Palmer-Brown,USA,DF,Troyes,Ligue 1,25,1997,28,26,2291.0,0.8,4.0,6.0,0.01,59.0,0.03,0.03,0.04,0.4203842733465803,1.6147182597400882,High
Emerson Palmieri,ITA,DF,West Ham,Premier League,28,1994,14,10,807.0,1.0,1.0,0.7,1.1,0.4,26.0,36.0,,-0.2943864171172844,-2.1101318283102604,Low
Lucas Paquetá,BRA,MF,West Ham,Premier League,25,1997,18,17,1315.0,2.0,2.0,3.2,4.0,1.0,10.0,1.3,3.7,0.4203842733465803,-0.7697186706158883,Mid
Kevin Paredes,USA,"FW,MF",Wolfsburg,Bundesliga,19,2003,16,1,361.0,1.0,2.0,0.1,1.2,0.1,14.0,18.0,23.0,1.8499256542743097,-2.974161169971414,Low
Leandro Paredes,ARG,MF,Juventus,Serie A,28,1994,17,5,597.0,0.3,3.0,7.0,40.0,1.0,,,,-0.2943864171172844,-0.6788196358432376,Mid
Daniel Parejo,ESP,MF,Villarreal,La Liga,33,1989,26,26,2295.0,1.0,3.0,1.7,0.9,3.0,23.0,4.5,174.0,-1.4856709012237255,0.5251354507064903,Mid
Fabiano Parisi,ITA,DF,Empoli,Serie A,22,2000,24,24,2027.0,2.0,2.0,1.6,1.3,1.6,70.0,114.0,46.0,1.135154963810445,7.256937994694381,High
Thomas Partey,GHA,MF,Arsenal,Premier League,29,1993,23,21,1861.0,3.0,3.0,2.0,3.3,1.3,22.0,22.0,0.15,-0.5326433139385727,0.627480050951273,Mid
Mario Paalic,CRO,"MF,FW",Atalanta,Serie A,28,1995,22,14,1206.0,2.0,2.0,3.9,1.7,3.9,13.0,61.0,56.0,-0.2943864171172844,-0.5502774909615564,Mid
Patric,ESP,DF,Lazio,Serie A,29,1993,14,12,1075.0,0.0,1.0,0.0,0.01,0.01,0.0,0.0,0.0,-0.5326433139385727,-3.820396900044729,Low
Rui Patrício,POR,GK,Roma,Serie A,35,1988,27,27,2430.0,0.0,1.0,0.0,0.0,0.0,0.0,0.0,0.0,-1.962184694866302,-0.9524483569930271,Mid
Nathan Patterson,SCO,"DF,MF",Everton,Premier League,21,2001,13,11,988.0,0.5,3.0,13.0,42.0,20.0,0.04,0.08,0.04,1.3734118606317332,1.4799600734770277,High
Gabriel Paulista,BRA,DF,Valencia,La Liga,32,1990,14,11,875.0,1.0,1.0,0.5,0.2,0.5,7.0,44.0,0.1,-1.2474140044024373,-3.5498111466593834,Low
Benjamin Pavard,FRA,DF,Bayern Munich,Bundesliga,27,1996,22,19,1711.0,3.0,1.0,1.3,2.2,1.3,26.0,132.0,55.0,-0.05612952029599616,3.3294758413485868,High
Jirí Pavlenka,CZE,GK,Werder Bremen,Bundesliga,30,1992,24,24,2098.0,0.0,0.0,0.0,0.0,0.0,0.0,0.0,0.0,-0.7709002107598608,-0.7212327443494313,Mid
Dimitri Payet,FRA,"MF,FW",Marseille,Ligue 1,35,1987,19,8,710.0,2.0,3.0,2.3,1.5,1.0,20.0,4.8,56.0,-1.962184694866302,-5.079810083084386,Low
Mads Pedersen,DEN,"DF,MF",Augsburg,Bundesliga,26,1996,20,13,1222.0,0.1,4.0,21.0,35.0,29.0,0.01,0.03,0.01,0.18212737652529207,1.2645277361721126,High
Alfonso Pedraza,ESP,DF,Villarreal,La Liga,26,1996,16,12,994.0,0.9,2.0,35.0,2.1,1.2,0.08,87.0,0.18,0.18212737652529207,2.220495042531592,High
Pedri,ESP,MF,Barcelona,La Liga,20,2002,21,18,1629.0,6.0,6.0,3.7,7.0,3.3,50.0,73.0,0.33,1.6116687574530215,4.869314147308286,High
Pedro,ESP,FW,Lazio,Serie A,35,1987,25,13,1451.0,3.0,2.0,2.8,1.5,2.8,52.0,42.0,116.0,-1.962184694866302,-0.7631956712323196,Mid
Jordan Pefok,USA,FW,Union Berlin,Bundesliga,26,1996,22,15,1159.0,4.0,4.0,3.9,2.3,3.0,4.0,4.0,20.0,0.18212737652529207,-1.782669208461646,Low
Pietro Pellegri,ITA,FW,Torino,Serie A,22,2001,11,4,369.0,1.0,1.0,0.4,0.9,0.5,2.0,25.0,,1.135154963810445,-3.624940541147419,Low
Lorenzo Pellegrini,ITA,MF,Roma,Serie A,26,1996,22,22,1840.0,2.0,5.0,5.4,3.0,2.0,46.0,8.5,74.0,0.18212737652529207,2.4952651073651495,High
Luca Pellegrini,ITA,DF,Eint Frankfurt,Bundesliga,24,1999,9,7,557.0,0.6,1.0,19.0,28.0,22.0,,,,0.6586411701678685,0.8714992411893163,Mid
Rubén Peña,ESP,"DF,MF",Osasuna,La Liga,31,1991,11,7,653.0,1.1,1.0,17.0,0.7,1.1,,31.0,37.0,-1.0091571075811492,-2.5073753961277427,Low
Patrick Pentz,AUT,GK,Reims,Ligue 1,26,1997,7,7,630.0,,1.0,0.0,0.0,0.0,0.0,,,0.18212737652529207,-3.6962003203613647,Low
Nicolas Pépé,CIV,"FW,MF",Nice,Ligue 1,27,1995,16,15,1315.0,6.0,6.0,7.3,5.0,2.0,42.0,7.2,39.0,-0.05612952029599616,0.5068584053960024,Mid
Pepín,EQG,MF,Monza,Serie A,26,1996,16,9,861.0,0.4,1.0,15.0,1.6,1.2,0.04,25.0,0.1,0.18212737652529207,-1.7913686207147725,Low
Juan Perea,COL,FW,Stuttgart,Bundesliga,23,2000,14,2,335.0,1.0,1.0,0.2,6.0,0.8,9.0,,,0.8968980669891568,-3.3752233124231292,Low
Andreas Pereira,BRA,MF,Fulham,Premier League,27,1996,27,27,2240.0,2.0,6.0,4.8,7.0,1.0,46.0,5.0,9.0,-0.05612952029599616,3.7005115040235577,High
Danilo Pereira,POR,"DF,MF",Paris S-G,Ligue 1,31,1991,23,17,1545.0,2.0,2.0,1.5,2.0,0.5,14.0,7.0,0.12,-1.0091571075811492,-1.7732525736912517,Low
Mathias Pereira Lage,POR,"MF,FW",Brest,Ligue 1,26,1996,18,14,1079.0,1.0,1.0,1.0,1.4,1.0,17.0,28.0,80.0,0.18212737652529207,-1.1932939963591602,Mid
Roberto Pereyra,ARG,"DF,MF",Udinese,Serie A,32,1991,24,23,1933.0,4.0,6.0,3.2,4.0,3.2,52.0,114.0,145.0,-1.2474140044024373,4.072085467937453,High
Ayoze Pérez,ESP,"MF,FW",Leicester City,Premier League,29,1993,8,3,382.0,1.1,1.0,17.0,20.0,2.6,,,,-0.5326433139385727,-1.8150148892462445,Low
Ayoze Pérez,ESP,"FW,MF",Betis,La Liga,29,1993,7,5,413.0,0.8,0.8,15.0,,27.0,,,,-0.5326433139385727,-2.3887266990749705,Low
Carles Pérez,ESP,"MF,FW",Celta Vigo,La Liga,25,1998,25,15,1367.0,1.0,4.0,1.8,1.4,1.8,53.0,36.0,110.0,0.4203842733465803,1.557529607737049,High
Kike Pérez,ESP,MF,Valladolid,La Liga,26,1997,24,19,1607.0,1.6,2.0,40.0,2.8,1.2,0.09,52.0,0.11,0.18212737652529207,3.8356648610079533,High
Lucas Pérez,ESP,FW,Cádiz,La Liga,34,1988,14,5,628.0,3.0,3.0,2.0,2.5,0.6,8.0,24.0,,-1.7239277980450138,-5.431450098438473,Low
Luis Pérez,ESP,DF,Valladolid,La Liga,28,1995,12,10,883.0,0.1,1.0,19.0,0.6,0.5,0.01,53.0,0.1,-0.2943864171172844,-1.1024191734749178,Mid
Nehuén Pérez,ARG,DF,Udinese,Serie A,22,2000,24,24,2018.0,1.0,1.0,0.9,0.4,0.9,20.0,88.0,24.0,1.135154963810445,4.221986405167103,High
Mattia Perin,ITA,GK,Juventus,Serie A,30,1992,9,8,768.0,,1.0,0.0,0.0,0.0,0.0,,,-0.7709002107598608,-4.284193392952696,Low
Ivan Periic,CRO,"DF,MF",Tottenham,Premier League,34,1989,26,17,1577.0,1.0,5.0,2.1,4.1,2.1,68.0,47.0,140.0,-1.7239277980450138,1.1709841445901183,High
Romain Perraud,FRA,DF,Southampton,Premier League,25,1997,25,19,1609.0,2.0,2.0,1.2,1.8,1.2,28.0,57.0,112.0,0.4203842733465803,1.8577724040700505,High
Gaëtan Perrin,FRA,"MF,FW",Auxerre,Ligue 1,26,1996,27,12,1099.0,3.0,1.0,2.7,1.0,1.0,38.0,1.7,3.5,0.18212737652529207,-0.9970947095375996,Mid
Lucas Perrin,FRA,DF,Strasbourg,Ligue 1,24,1998,18,11,1144.0,0.2,2.0,9.0,12.0,37.0,0.01,0.06,0.01,0.6586411701678685,-1.1194588949213715,Mid
Matteo Pessina,ITA,MF,Monza,Serie A,25,1997,25,24,2063.0,3.0,2.0,3.6,5.0,2.0,60.0,1.5,3.5,0.4203842733465803,3.7928432411151025,High
Andrea Petagna,ITA,FW,Monza,Serie A,27,1995,22,15,1258.0,2.0,4.0,3.9,1.0,1.0,17.0,4.1,7.2,-0.05612952029599616,-1.3432333276953587,Mid
Germán Pezzella,ARG,DF,Betis,La Liga,31,1991,22,20,1783.0,0.8,2.0,5.0,43.0,1.0,0.04,0.01,0.05,-1.0091571075811492,0.9725574657272211,Mid
Giuseppe Pezzella,ITA,DF,Lecce,Serie A,25,1997,11,8,737.0,0.1,1.0,18.0,0.6,0.5,,30.0,,0.4203842733465803,-0.7407135591444955,Mid
Luca Pfeiffer,GER,FW,Stuttgart,Bundesliga,26,1996,17,6,667.0,1.6,1.0,8.0,19.0,2.6,,,,0.18212737652529207,-1.0995948493880354,Mid
Krzysztof Piatek,POL,FW,Salernitana,Serie A,27,1995,23,16,1508.0,3.0,2.0,7.1,4.0,1.0,24.0,1.3,7.7,-0.05612952029599616,-0.0752042432542292,Mid
Charles Pickel,SUI,MF,Cremonese,Serie A,25,1997,25,23,1873.0,1.0,1.0,1.3,2.3,1.0,10.0,44.0,0.05,0.4203842733465803,1.7480961956204473,High
Jordan Pickford,ENG,GK,Everton,Premier League,29,1994,27,27,2430.0,0.0,1.0,0.0,1.0,0.1,0.0,0.04,0.04,-0.5326433139385727,0.5372055095651911,Mid
Amos Pieper,GER,DF,Werder Bremen,Bundesliga,25,1998,24,21,1844.0,1.0,1.0,0.6,0.3,0.6,13.0,83.0,3.0,0.4203842733465803,2.334254935183234,High
Ronaël Pierre-Gabriel,FRA,DF,Strasbourg,Ligue 1,24,1998,14,7,653.0,0.2,1.0,16.0,1.0,0.8,,35.0,,0.6586411701678685,-0.8152387158617647,Mid
Andrea Pinamonti,ITA,FW,Sassuolo,Serie A,23,1999,23,19,1637.0,4.0,4.0,5.3,4.5,2.0,14.0,5.6,20.0,0.8968980669891568,1.0208288237039915,Mid
Ethan Pinnock,JAM,DF,Brentford,Premier League,29,1993,19,19,1710.0,1.0,1.0,1.8,34.0,2.5,1.0,0.05,0.05,-0.5326433139385727,0.4107858383372427,Mid
Yeremi Pino,ESP,"MF,FW",Villarreal,La Liga,20,2002,25,20,1560.0,3.0,3.0,4.3,3.4,4.3,35.0,35.0,160.0,1.6116687574530215,3.262226826865826,High
Gerard Piqué,ESP,DF,Barcelona,La Liga,36,1987,6,4,384.0,0.4,2.0,3.0,1.0,35.0,,,,-2.20044159168759,-5.745300165831921,Low
Lorenzo Pirola,ITA,DF,Salernitana,Serie A,21,2002,15,12,1080.0,1.0,1.0,0.7,1.0,0.4,10.0,1.0,0.08,1.3734118606317332,-1.3059151433249154,Mid
Marko Pjaca,CRO,"MF,FW",Empoli,Serie A,27,1995,13,5,461.0,0.6,0.6,19.0,,32.0,,,,-0.05612952029599616,-1.4674395863973122,Mid
Óscar Plano,ESP,"FW,MF",Valladolid,La Liga,32,1991,26,19,1739.0,1.0,1.0,2.4,1.4,2.4,25.0,60.0,83.0,-1.2474140044024373,0.427699884829323,Mid
Gonzalo Plata,ECU,"FW,MF",Valladolid,La Liga,22,2000,22,15,1414.0,2.1,4.0,60.0,27.0,3.7,0.14,0.25,0.25,1.135154963810445,5.913375448895054,High
Marvin Plattenhardt,GER,DF,Hertha BSC,Bundesliga,31,1992,22,21,1735.0,0.2,2.0,20.0,3.1,2.9,0.01,41.0,0.1,-1.0091571075811492,1.046614650160674,High
Alassane Pléa,FRA,FW,M'Gladbach,Bundesliga,30,1993,21,16,1393.0,2.0,8.0,4.7,4.0,2.0,31.0,3.0,6.1,-0.7709002107598608,-0.8399277042860933,Mid
Tommaso Pobega,ITA,MF,Milan,Serie A,23,1999,13,6,574.0,1.0,1.0,0.8,1.0,0.2,7.0,17.0,,0.8968980669891568,-3.177053574281132,Low
Daniel Podence,POR,"FW,MF",Wolves,Premier League,27,1995,26,18,1508.0,5.0,5.0,3.4,5.5,2.2,38.0,131.0,0.3,-0.05612952029599616,3.76380763683665,High
Matteo Politano,ITA,FW,Napoli,Serie A,29,1993,22,12,970.0,3.0,3.0,3.9,1.0,3.0,66.0,3.5,5.1,-0.5326433139385727,-0.5016688254467327,Mid
Sebastian Polter,GER,"FW,MF",Schalke 04,Bundesliga,31,1991,14,4,465.0,1.0,2.0,0.5,0.4,0.5,2.0,6.0,29.0,-1.0091571075811492,-6.097232923786474,Low
Ezequiel Ponce,ARG,"FW,MF",Elche,La Liga,25,1997,25,8,1024.0,3.0,3.0,3.0,3.5,0.5,10.0,46.0,0.26,0.4203842733465803,-1.4413135796267422,Mid
Julien Ponceau,FRA,MF,Lorient,Ligue 1,22,2000,25,16,1350.0,1.0,4.0,1.8,3.0,1.8,47.0,81.0,93.0,1.135154963810445,3.3076605396138294,High
Marin Pongracic,CRO,DF,Lecce,Serie A,25,1997,9,9,790.0,3.0,2.0,0.0,,1.0,,,,0.4203842733465803,-1.6352271778949494,Mid
Nick Pope,ENG,GK,Newcastle Utd,Premier League,30,1992,26,26,2271.0,0.0,3.0,0.0,0.0,0.0,0.0,0.0,0.0,-0.7709002107598608,-0.16078043788517693,Mid
Jackson Porozo,ECU,DF,Troyes,Ligue 1,22,2000,19,16,1472.0,2.0,2.0,2.7,2.8,0.1,5.0,3.0,0.12,1.135154963810445,-0.23576941555776898,Mid
Pedro Porro,ESP,DF,Tottenham,Premier League,23,1999,5,4,331.0,1.0,1.0,0.8,1.7,0.9,14.0,37.0,,0.8968980669891568,-3.0040331518818295,Low
Francisco Portillo,ESP,"MF,FW",Almería,La Liga,32,1990,17,2,413.0,2.0,2.0,0.7,1.0,0.3,8.0,31.0,,-1.2474140044024373,-5.7583397350779455,Low
Portu,ESP,"DF,MF",Getafe,La Liga,30,1992,23,11,1159.0,0.8,2.0,31.0,0.9,0.8,0.06,31.0,84.0,-0.7709002107598608,-0.4086237122010331,Mid
Stefan Posch,AUT,DF,Bologna,Serie A,25,1997,20,20,1718.0,4.0,1.0,2.0,1.5,2.0,33.0,111.0,46.0,0.4203842733465803,3.7804449157725863,High
Yussuf Poulsen,DEN,FW,RB Leipzig,Bundesliga,28,1994,16,3,353.0,1.0,1.0,0.8,1.5,0.8,6.0,4.0,28.0,-0.2943864171172844,-5.479964621118638,Low
Alejandro Pozo Pozo,ESP,"DF,MF",Almería,La Liga,24,1999,20,13,1202.0,0.4,2.0,31.0,47.0,3.4,0.03,0.15,0.15,0.6586411701678685,3.3358611545792876,High
Dennis Praet,BEL,"MF,FW",Leicester City,Premier League,28,1994,16,5,539.0,1.0,1.0,0.6,0.9,0.3,13.0,36.0,,-0.2943864171172844,-3.8504236869016926,Low
Sanjin Prcic,BIH,MF,Strasbourg,Ligue 1,29,1993,24,17,1505.0,1.0,1.0,1.1,1.1,1.0,10.0,1.6,100.0,-0.5326433139385727,-1.7659995669124817,Low
Grischa Prömel,GER,MF,Hoffenheim,Bundesliga,28,1995,13,13,1071.0,1.0,1.0,2.4,1.1,2.4,15.0,27.0,33.0,-0.2943864171172844,-1.8256336377852471,Low
Ivan Provedel,ITA,GK,Lazio,Serie A,29,1994,27,26,2423.0,0.0,0.0,0.0,0.0,0.0,0.0,0.0,0.0,-0.5326433139385727,0.3277846325706284,Mid
Javi Puado,ESP,"FW,MF",Espanyol,La Liga,24,1998,25,16,1517.0,3.0,1.0,5.9,1.5,5.9,34.0,33.0,78.0,0.6586411701678685,1.6268749065432069,High
Arnau Puigmal,ESP,"MF,DF",Almería,La Liga,22,2001,14,2,393.0,0.6,3.0,17.0,32.0,11.0,,,,1.135154963810445,0.44270287318381496,Mid
Christian Pulisic,USA,"FW,DF",Chelsea,Premier League,24,1998,18,7,689.0,1.0,1.0,1.3,0.7,1.3,31.0,19.0,63.0,0.6586411701678685,-1.9236196516095072,Low
Fabio Quagliarella,ITA,FW,Sampdoria,Serie A,40,1983,17,2,396.0,1.6,2.0,3.0,42.0,13.0,,,,-3.153469178972743,-4.529709425349137,Low
Giacomo Quagliata,ITA,DF,Cremonese,Serie A,23,2000,13,4,493.0,0.5,0.5,13.0,,37.0,,,,0.8968980669891568,-1.1480895317036492,Mid
Adrien Rabiot,FRA,MF,Juventus,Serie A,27,1995,23,22,1938.0,7.0,3.0,4.2,1.7,3.8,40.0,96.0,67.0,-0.05612952029599616,4.104341797814903,High
Nemanja Radonjic,SRB,"MF,FW",Torino,Serie A,27,1996,24,12,1154.0,2.0,2.0,3.0,1.5,3.0,65.0,31.0,127.0,-0.05612952029599616,0.8537750690369346,Mid
Ivan Radovanovic,SRB,"MF,DF",Salernitana,Serie A,34,1988,10,7,671.0,0.2,1.0,2.0,2.0,16.0,,,,-1.7239277980450138,-4.415121875839344,Low
Ionu? Radu,ROU,GK,Cremonese,Serie A,25,1997,9,9,810.0,0.0,0.4,0.0,0.0,0.04,0.0,0.0,0.0,0.4203842733465803,-3.7176962978727417,Low
Ionu? Radu,ROU,GK,Auxerre,Ligue 1,25,1997,9,9,810.0,0.0,0.0,0.0,0.0,0.0,0.0,0.0,0.0,0.4203842733465803,-3.7176962978727417,Low
Antonio Raillo,ESP,DF,Mallorca,La Liga,31,1991,25,25,2250.0,1.0,1.0,0.4,0.5,0.4,8.0,43.0,4.0,-1.0091571075811492,0.9110841176950557,Mid
Predrag Rajkovic,SRB,GK,Mallorca,La Liga,27,1995,26,26,2340.0,0.0,3.0,0.0,0.01,0.01,0.0,0.0,0.0,-0.05612952029599616,0.6682083110598909,Mid
Ivan Rakitic,CRO,MF,Sevilla,La Liga,35,1988,21,14,1193.0,1.0,2.0,2.9,1.0,3.0,34.0,1.6,2.9,-1.962184694866302,-2.876469862534149,Low
Largie Ramazani,BEL,"FW,MF",Almería,La Liga,22,2001,23,12,1185.0,3.0,3.0,3.6,0.9,2.9,48.0,28.0,76.0,1.135154963810445,1.2716252186500876,High
Adil Rami,FRA,DF,Troyes,Ligue 1,37,1985,12,10,905.0,0.5,1.0,3.0,1.1,0.6,0.05,2.0,0.1,-2.4386984885088787,-5.8919323790726335,Low
Sergio Ramos,ESP,DF,Paris S-G,Ligue 1,36,1986,24,22,1894.0,0.9,1.0,11.0,0.1,0.9,0.05,121.0,7.0,-2.20044159168759,1.2170914988006611,High
Aaron Ramsdale,ENG,GK,Arsenal,Premier League,24,1998,28,28,2520.0,0.0,7.0,0.0,0.0,0.0,0.0,0.0,0.0,0.6586411701678685,1.9543673363240652,High
Aaron Ramsey,WAL,MF,Nice,Ligue 1,32,1990,22,14,1243.0,1.0,1.0,2.2,1.4,2.2,18.0,92.0,56.0,-1.2474140044024373,-0.6292387521282576,Mid
Jacob Ramsey,ENG,"MF,FW",Aston Villa,Premier League,21,2001,24,20,1678.0,3.0,2.0,2.0,2.2,2.0,57.0,75.0,72.0,1.3734118606317332,4.914256289012053,High
Filippo Ranocchia,ITA,MF,Monza,Serie A,21,2001,14,5,530.0,1.0,1.0,1.2,1.6,0.4,13.0,15.0,,1.3734118606317332,-2.6158567348353445,Low
Raphinha,BRA,FW,Barcelona,La Liga,26,1996,25,15,1351.0,6.0,4.0,6.5,5.3,6.5,74.0,73.0,223.0,0.18212737652529207,3.8116545135649154,High
Elba Rashani,KVX,"MF,DF",Clermont Foot,Ligue 1,29,1993,22,17,1443.0,3.0,1.0,3.6,1.7,3.6,34.0,35.0,100.0,-0.5326433139385727,0.302058830887715,Mid
Marcus Rashford,ENG,FW,Manchester Utd,Premier League,25,1997,26,24,2126.0,14.0,3.0,10.6,2.5,10.6,59.0,57.0,177.0,0.4203842733465803,5.703648735350079,High
Giacomo Raspadori,ITA,"FW,MF",Napoli,Serie A,23,2000,15,7,580.0,1.0,1.0,2.4,3.0,0.6,8.0,52.0,,0.8968980669891568,-1.8617515318022457,Low
Rafael Ratão,BRA,FW,Toulouse,Ligue 1,27,1995,22,20,1401.0,5.0,2.0,4.7,2.7,4.7,47.0,62.0,163.0,-0.05612952029599616,2.533251993947256,High
David Raum,GER,"DF,FW",RB Leipzig,Bundesliga,24,1998,23,16,1385.0,0.4,2.0,38.0,5.0,4.5,0.03,109.0,0.13,0.6586411701678685,4.874701913133215,High
Rayan Raveloson,MAD,"DF,MF",Auxerre,Ligue 1,26,1997,24,17,1551.0,1.0,1.0,1.7,63.0,2.0,26.0,0.06,0.06,0.18212737652529207,3.4269480746041237,High
David Raya,ESP,GK,Brentford,Premier League,27,1995,27,27,2430.0,0.1,1.0,0.0,0.01,10.0,0.0,0.01,0.0,-0.05612952029599616,0.9544432166120804,Mid
Tim Ream,USA,DF,Fulham,Premier League,35,1987,27,27,2427.0,1.0,1.0,0.3,0.3,0.1,21.0,1.0,0.04,-1.962184694866302,0.0638858807173488,Mid
Ante Rebic,CRO,"FW,MF",Milan,Serie A,29,1993,17,6,621.0,3.0,2.0,2.4,1.6,2.4,10.0,18.0,53.0,-0.5326433139385727,-4.186976046722366,Low
Arkadiusz Reca,POL,DF,Spezia,Serie A,27,1995,21,19,1610.0,1.0,1.0,0.7,1.3,0.7,64.0,58.0,66.0,-0.05612952029599616,2.9634409399079527,High
Harrison Reed,ENG,MF,Fulham,Premier League,28,1995,26,26,2130.0,2.0,1.0,1.3,2.2,1.3,24.0,73.0,67.0,-0.2943864171172844,3.2090962528369764,High
Bobby Reid,JAM,"FW,DF",Fulham,Premier League,30,1993,26,25,2058.0,4.0,1.0,3.7,1.4,3.7,44.0,47.0,147.0,-0.7709002107598608,2.9174482630009893,High
Pepe Reina,ESP,GK,Villarreal,La Liga,40,1982,11,11,990.0,0.0,1.0,0.0,0.0,0.0,0.0,0.0,0.0,-3.153469178972743,-6.719570093626221,Low
Jeff Reine-Adélaïde,FRA,MF,Lyon,Ligue 1,25,1998,14,1,336.0,0.8,1.0,20.0,25.0,32.0,,,,0.4203842733465803,-0.6433431850612747,Mid
Reinier,BRA,"MF,FW",Girona,La Liga,21,2002,10,3,348.0,1.0,1.0,1.0,1.2,0.2,5.0,10.0,,1.3734118606317332,-3.718121191467554,Low
Karim Rekik,NED,DF,Sevilla,La Liga,28,1994,10,9,664.0,1.0,1.0,0.7,0.7,0.7,10.0,5.0,,-0.2943864171172844,-3.9918192390148994,Low
Álex Remiro,ESP,GK,Real Sociedad,La Liga,28,1995,26,26,2340.0,0.0,1.0,0.0,0.0,0.0,0.0,0.0,0.0,-0.2943864171172844,0.4293600924730684,Mid
Marco Reus,GER,"MF,FW",Dortmund,Bundesliga,33,1989,16,13,1096.0,6.0,4.0,4.2,2.0,1.0,27.0,1.9,5.4,-1.4856709012237255,-2.82932611479894,Low
Elvis Rexhbeçaj,GER,MF,Augsburg,Bundesliga,25,1997,22,21,1796.0,0.2,5.0,12.0,16.0,70.0,0.01,0.04,0.01,0.4203842733465803,1.6041199707735203,High
Gio Reyna,USA,"FW,MF",Dortmund,Bundesliga,20,2002,16,4,533.0,5.0,5.0,2.9,2.1,1.0,18.0,3.0,20.0,1.6116687574530215,-2.392961718242558,Low
Nico Ribaudo,ESP,"FW,MF",Espanyol,La Liga,21,2001,20,7,529.0,0.7,2.0,20.0,1.0,0.3,,40.0,,1.3734118606317332,0.18360046863184798,Mid
Alexsandro Ribeiro,BRA,DF,Lille,Ligue 1,23,1999,12,7,802.0,3.0,3.0,0.9,39.0,0.9,5.0,,,0.8968980669891568,-0.08317150822240305,Mid
Samuele Ricci,ITA,MF,Torino,Serie A,21,2001,18,14,1336.0,1.0,1.0,0.8,1.1,0.8,27.0,68.0,15.0,1.3734118606317332,1.8186335736027208,High
Declan Rice,ENG,MF,West Ham,Premier League,24,1999,26,26,2340.0,2.0,1.0,1.8,1.0,4.0,66.0,3.9,174.0,0.6586411701678685,4.692412886288599,High
Chris Richards,USA,DF,Crystal Palace,Premier League,23,2000,8,3,357.0,0.7,0.7,2.0,,1.0,,,,0.8968980669891568,-2.5155842575135163,Low
Richarlison,BRA,"MF,FW",Tottenham,Premier League,25,1997,19,9,751.0,2.2,3.0,23.0,4.0,1.8,,60.0,,0.4203842733465803,0.8135641811853713,Mid
Marco Richter,GER,"FW,MF",Hertha BSC,Bundesliga,25,1997,22,15,1329.0,4.0,3.0,2.6,1.9,2.6,26.0,51.0,68.0,0.4203842733465803,0.7417977788249623,Mid
Diego Rico,ESP,DF,Real Sociedad,La Liga,30,1993,18,16,1466.0,0.1,3.0,28.0,66.0,57.0,0.01,0.1,0.01,-0.7709002107598608,3.601491883063002,High
Manuel Riemann,GER,GK,Bochum,Bundesliga,34,1988,25,25,2250.0,0.0,1.0,0.0,0.0,0.0,0.0,0.0,0.0,-1.7239277980450138,-1.2861711167375829,Mid
Tomás Rincón,VEN,MF,Sampdoria,Serie A,35,1988,23,19,1649.0,0.5,2.0,23.0,1.1,0.5,0.03,89.0,33.0,-1.962184694866302,1.009712547712533,Mid
Rémy Riou,FRA,GK,Lyon,Ligue 1,35,1987,7,6,601.0,,1.0,0.0,0.0,0.0,0.0,,,-1.962184694866302,-6.026049597722029,Low
Renaud Ripart,FRA,"FW,MF",Troyes,Ligue 1,30,1993,25,14,1285.0,4.0,1.0,3.5,1.9,3.5,28.0,47.0,103.0,-0.7709002107598608,-0.584839007475592,Mid
Rodrigo Riquelme,ESP,"MF,FW",Girona,La Liga,22,2000,25,19,1619.0,4.0,2.0,3.4,2.4,3.4,81.0,68.0,118.0,1.135154963810445,5.49687662919564,High
Sergi Roberto,ESP,"DF,MF",Barcelona,La Liga,31,1992,17,10,947.0,4.0,1.0,1.9,0.7,1.9,34.0,73.0,49.0,-1.0091571075811492,-1.2389905667072698,Mid
Lucas Robertone,ARG,MF,Almería,La Liga,26,1997,25,24,1922.0,1.0,5.0,1.9,5.1,1.9,32.0,107.0,71.0,0.18212737652529207,4.489639646494833,High
Andrew Robertson,SCO,DF,Liverpool,Premier League,29,1994,23,20,1772.0,1.2,6.0,51.0,5.5,4.3,0.06,154.0,0.3,-0.5326433139385727,7.194230659278096,High
Antonee Robinson,USA,DF,Fulham,Premier League,25,1997,24,24,2098.0,76.0,1.0,0.0,87.0,1.1,0.0,0.04,0.04,0.4203842733465803,5.615531408981535,High
Marc Roca,ESP,MF,Leeds United,Premier League,26,1996,23,21,1621.0,1.0,2.0,1.1,1.6,1.1,17.0,124.0,17.0,0.18212737652529207,3.0374309792951246,High
Enzo Roco,CHI,DF,Elche,La Liga,30,1992,19,18,1475.0,0.6,6.0,5.0,2.0,32.0,0.04,0.04,0.04,-0.7709002107598608,-1.9956351313287792,Low
Sebastian Rode,GER,MF,Eint Frankfurt,Bundesliga,32,1990,20,12,941.0,4.0,1.0,0.7,0.8,0.7,17.0,61.0,25.0,-1.2474140044024373,-2.379804898039474,Low
Joe Rodon,WAL,DF,Rennes,Ligue 1,25,1997,14,14,1237.0,1.0,1.0,0.9,0.9,0.9,3.0,0.07,0.07,0.4203842733465803,-2.052456792772611,Low
Rodri,ESP,MF,Manchester City,Premier League,26,1996,26,26,2237.0,2.0,5.0,3.9,3.9,3.9,65.0,214.0,34.0,0.18212737652529207,9.513532474341929,High
Rodrigo,ESP,"FW,MF",Leeds United,Premier League,32,1991,20,17,1345.0,11.0,1.0,6.9,3.0,1.0,33.0,1.5,7.5,-1.2474140044024373,-1.0618198284324205,Mid
Rodrigo,ESP,"FW,MF",Betis,La Liga,22,2000,19,15,1150.0,2.0,1.0,1.2,2.0,0.8,33.0,78.0,0.08,1.135154963810445,2.018613650564331,High
Óscar Rodríguez Arnaiz,ESP,MF,Celta Vigo,La Liga,24,1998,24,14,1290.0,2.0,2.0,3.1,4.6,1.5,25.0,31.0,0.14,0.6586411701678685,0.4479540770898116,Mid
Dani Rodríguez,ESP,MF,Mallorca,La Liga,34,1988,25,20,1541.0,3.0,3.0,1.5,1.4,1.5,27.0,58.0,50.0,-1.7239277980450138,-0.2777682615447614,Mid
Guido Rodríguez,ARG,MF,Betis,La Liga,28,1994,22,21,1792.0,0.4,6.0,8.0,13.0,76.0,0.02,0.03,0.02,-0.2943864171172844,0.33984512522326527,Mid
Ricardo Rodríguez,SUI,DF,Torino,Serie A,30,1992,24,19,1777.0,0.3,1.0,26.0,26.0,95.0,0.01,0.07,0.01,-0.7709002107598608,1.9780920939644235,High
Rodrygo,BRA,FW,Real Madrid,La Liga,22,2001,23,16,1575.0,4.0,5.0,8.9,2.0,1.0,87.0,5.3,13.4,1.135154963810445,4.225550398062869,High
Mads Roerslev,DEN,DF,Brentford,Premier League,23,1999,15,10,934.0,0.3,0.3,8.0,0.09,31.0,0.03,0.03,0.13,0.8968980669891568,-2.1603288717888756,Low
Agustín Rogel,URU,DF,Hertha BSC,Bundesliga,25,1997,14,12,1103.0,0.8,1.0,1.0,19.0,0.8,0.06,0.08,0.08,0.4203842733465803,-1.6022282532842587,Mid
Rogério,BRA,DF,Sassuolo,Serie A,25,1998,25,24,2095.0,0.4,2.0,64.0,1.6,1.2,0.02,67.0,0.09,0.4203842733465803,8.05430503875707,High
Alessio Romagnoli,ITA,DF,Lazio,Serie A,28,1995,24,23,2042.0,1.0,1.0,0.5,0.6,0.1,3.0,2.0,0.04,-0.2943864171172844,-0.20856545345113886,Mid
Cristian Romero,ARG,DF,Tottenham,Premier League,24,1998,19,18,1644.0,0.8,7.0,16.0,65.0,1.0,0.04,0.01,0.06,0.6586411701678685,4.442555047111424,High
Oriol Romeu,ESP,MF,Girona,La Liga,31,1991,22,22,1964.0,1.0,1.0,1.4,2.1,0.7,10.0,15.0,0.05,-1.0091571075811492,-0.3827779756197873,Mid
Cristiano Ronaldo,POR,FW,Manchester Utd,Premier League,38,1985,10,4,525.0,1.0,1.0,1.9,2.3,0.4,9.0,33.0,,-2.676955385330167,-6.446961391872632,Low
Valentin Rongier,FRA,MF,Marseille,Ligue 1,28,1994,27,25,2222.0,1.0,1.0,0.8,2.2,1.3,31.0,49.0,0.04,-0.2943864171172844,2.9061151696326375,High
Marten de Roon,NED,MF,Atalanta,Serie A,31,1991,24,23,1974.0,1.0,1.0,0.7,0.4,0.7,10.0,103.0,13.0,-1.0091571075811492,1.763623467348489,High
Pablo Rosario,NED,"MF,DF",Nice,Ligue 1,26,1997,22,11,1219.0,0.5,1.0,15.0,2.2,1.7,0.04,27.0,0.07,0.18212737652529207,-0.8417701589229655,Mid
Joe Rothwell,ENG,MF,Bournemouth,Premier League,28,1995,12,4,452.0,2.0,1.0,,3.0,12.0,,,,-0.2943864171172844,-3.2224965642114647,Low
Anthony Rouault,FRA,DF,Toulouse,Ligue 1,21,2001,28,28,2512.0,2.0,1.0,2.8,0.8,2.8,10.0,102.0,6.0,1.3734118606317332,5.912209511218283,High
Nicolò Rovella,ITA,MF,Monza,Serie A,21,2001,14,12,1038.0,0.5,3.0,14.0,66.0,1.5,0.04,0.09,0.13,1.3734118606317332,3.2109288024582363,High
Amir Rrahmani,KVX,DF,Napoli,Serie A,29,1994,20,19,1727.0,2.0,1.0,1.5,0.8,1.5,11.0,80.0,2.0,-0.5326433139385727,0.8606973584385567,Mid
Ruan,BRA,DF,Sassuolo,Serie A,23,1999,13,11,929.0,0.4,5.0,2.0,1.0,7.0,0.04,0.04,0.04,0.8968980669891568,-2.524866101362696,Low
Rubén,ESP,"DF,MF",Espanyol,La Liga,22,2001,14,6,650.0,0.4,2.0,28.0,1.9,1.5,,46.0,,1.135154963810445,0.9385435965824634,Mid
Antonio Rüdiger,GER,DF,Real Madrid,La Liga,30,1993,23,17,1603.0,1.0,1.0,1.4,1.5,0.1,8.0,3.0,0.06,-0.7709002107598608,-1.8481085601907932,Low
Sebastian Rudy,GER,MF,Hoffenheim,Bundesliga,33,1990,15,4,541.0,0.1,1.0,5.0,0.5,0.4,,4.0,,-1.4856709012237255,-5.352390875388551,Low
Daniele Rugani,ITA,DF,Juventus,Serie A,28,1994,5,4,355.0,0.3,0.3,2.0,,,,,,-0.2943864171172844,-3.5723812289579278,Low
Matteo Ruggeri,ITA,"DF,MF",Atalanta,Serie A,20,2002,14,7,739.0,0.6,1.0,19.0,1.5,0.9,,59.0,,1.6116687574530215,1.1714586102296451,High
Mário Rui,POR,DF,Napoli,Serie A,31,1991,19,18,1495.0,0.5,6.0,46.0,3.5,0.5,0.03,131.0,81.0,-1.0091571075811492,4.845538783740772,High
Aitor Ruibal,ESP,"DF,FW",Betis,La Liga,27,1996,20,11,1084.0,0.6,3.0,29.0,50.0,44.0,0.05,0.18,0.05,-0.05612952029599616,2.1473839226560765,High
Fabián Ruiz Peña,ESP,MF,Paris S-G,Ligue 1,26,1996,19,16,1324.0,1.0,1.0,1.6,2.9,1.3,19.0,56.0,0.07,0.18212737652529207,0.4061275870389641,Mid
Víctor Ruiz,ESP,DF,Betis,La Liga,34,1989,10,5,560.0,0.1,0.1,4.0,,,,,,-1.7239277980450138,-4.3436905707645295,Low
Gerónimo Rulli,ARG,GK,Villarreal,La Liga,30,1992,14,14,1260.0,0.0,1.0,0.0,0.0,0.0,0.0,0.0,0.0,-0.7709002107598608,-3.4790316405645725,Low
Georginio Rutter,FRA,FW,Hoffenheim,Bundesliga,20,2002,15,11,1009.0,2.0,2.0,3.0,2.3,3.0,32.0,25.0,75.0,1.6116687574530215,0.5499033565319196,Mid
Julian Ryerson,NOR,DF,Union Berlin,Bundesliga,25,1997,13,12,1037.0,0.7,2.0,20.0,32.0,32.0,0.06,0.1,0.06,0.4203842733465803,0.7955047575985978,Mid
Julian Ryerson,NOR,DF,Dortmund,Bundesliga,25,1997,8,8,706.0,1.0,1.0,0.4,1.1,0.8,27.0,30.0,,0.4203842733465803,-1.9664082568791326,Low
Frederik Rønnow,DEN,GK,Union Berlin,Bundesliga,30,1992,21,21,1890.0,0.0,1.0,0.0,0.05,0.05,0.0,0.0,0.0,-0.7709002107598608,-1.4741462337564475,Mid
José Sá,POR,GK,Wolves,Premier League,30,1993,28,28,2520.0,0.0,0.0,0.0,0.0,0.0,0.0,0.0,0.0,-0.7709002107598608,0.5248259553963359,Mid
Youssouf Sabaly,SEN,DF,Betis,La Liga,30,1993,18,14,1275.0,0.3,1.0,34.0,1.0,0.6,0.02,47.0,0.07,-0.7709002107598608,0.8662648266912631,Mid
Halid abanovic,BIH,"DF,FW",Angers,Ligue 1,23,1999,7,4,333.0,1.0,1.0,0.0,,,,,,0.8968980669891568,-2.600189875768573,Low
Abdelhamid Sabiri,MAR,MF,Sampdoria,Serie A,26,1996,16,12,1006.0,2.0,2.0,2.9,1.2,4.0,7.0,2.6,47.0,0.18212737652529207,-2.502813139778739,Low
Marcel Sabitzer,AUT,MF,Bayern Munich,Bundesliga,29,1994,15,7,628.0,1.0,1.0,1.1,0.4,1.1,7.0,52.0,19.0,-0.5326433139385727,-3.5301678577832742,Low
Falaye Sacko,MLI,DF,Montpellier,Ligue 1,27,1995,25,20,1796.0,0.3,3.0,34.0,1.4,1.0,0.02,57.0,0.15,-0.05612952029599616,3.534416105037163,High
Alexis Saelemaekers,BEL,"FW,DF",Milan,Serie A,23,1999,19,10,872.0,0.8,2.0,30.0,2.3,1.5,0.08,90.0,0.21,0.8968980669891568,2.0869872311534756,High
Wesley Saïd,FRA,"FW,MF",Lens,Ligue 1,27,1995,17,6,597.0,5.0,5.0,3.1,4.0,0.9,15.0,56.0,,-0.05612952029599616,-2.3862004045192338,Low
Allan Saint-Maximin,FRA,FW,Newcastle Utd,Premier League,26,1997,18,9,867.0,1.0,3.0,1.3,2.2,1.3,60.0,52.0,88.0,0.18212737652529207,0.3801167739771033,Mid
Théo Sainte-Luce,FRA,DF,Montpellier,Ligue 1,24,1998,5,5,355.0,1.0,1.0,0.4,1.0,0.6,3.0,29.0,,0.6586411701678685,-3.837469701545917,Low
Bukayo Saka,ENG,FW,Arsenal,Premier League,21,2001,28,28,2403.0,12.0,10.0,8.8,5.0,2.0,131.0,6.6,14.0,1.3734118606317332,9.674637329659264,High
Hamza Sakhi,MAR,MF,Auxerre,Ligue 1,26,1996,23,18,1589.0,1.0,2.0,1.7,3.0,1.7,41.0,130.0,71.0,0.18212737652529207,3.9436221052681155,High
Mamadou Sakho,FRA,DF,Montpellier,Ligue 1,33,1990,11,5,536.0,1.0,1.0,0.5,23.0,0.5,,,,-1.4856709012237255,-3.5701127716859498,Low
Mohamed Salah,EGY,FW,Liverpool,Premier League,30,1992,26,26,2315.0,11.0,7.0,12.8,12.0,1.0,70.0,17.2,91.0,-0.7709002107598608,5.385119515074814,High
Amine Salama,FRA,"FW,MF",Angers,Ligue 1,22,2000,25,12,1249.0,3.0,1.0,3.0,1.5,3.0,35.0,21.0,94.0,1.135154963810445,0.596999887723966,Mid
William Saliba,FRA,DF,Arsenal,Premier League,22,2001,27,27,2415.0,2.0,1.0,0.9,1.2,0.9,13.0,99.0,2.0,1.135154963810445,5.288786525824482,High
Mohammed Salisu,GHA,DF,Southampton,Premier League,23,1999,22,21,1973.0,1.5,1.0,5.0,2.1,0.6,0.07,4.0,0.05,0.8968980669891568,1.0099181330107059,Mid
Roland Sallai,HUN,"MF,FW",Freiburg,Bundesliga,25,1997,13,7,632.0,1.7,4.0,13.0,45.0,10.0,,,,0.4203842733465803,1.213403719356911,High
Yoann Salmier,GUF,DF,Troyes,Ligue 1,30,1992,26,26,2237.0,1.0,1.0,1.1,0.4,1.1,17.0,97.0,7.0,-0.7709002107598608,3.055048168376059,High
Salvi,ESP,"FW,MF",Rayo Vallecano,La Liga,31,1991,15,3,316.0,0.2,2.0,17.0,34.0,9.0,,,,-1.0091571075811492,-1.5723646549559425,Mid
Lazar Samardzic,SRB,MF,Udinese,Serie A,21,2002,26,9,1049.0,4.0,3.0,2.0,4.6,2.6,22.0,38.0,0.26,1.3734118606317332,0.011985578934739616,Mid
Mama Samba Baldé,GNB,FW,Troyes,Ligue 1,27,1995,25,23,1949.0,10.0,3.0,8.2,5.0,1.0,39.0,7.4,1.9,-0.05612952029599616,2.6044032890982853,High
Brice Samba,FRA,GK,Lens,Ligue 1,28,1994,28,28,2520.0,0.0,1.0,0.0,0.0,0.0,0.0,0.0,0.0,-0.2943864171172844,1.0013397490389124,Mid
Albert Sambi Lokonga,BEL,MF,Crystal Palace,Premier League,23,1999,7,5,466.0,2.0,1.0,0.0,,,,,,0.8968980669891568,-2.2433891825758865,Low
Junior Sambia,FRA,DF,Salernitana,Serie A,26,1996,16,5,507.0,0.5,3.0,18.0,25.0,25.0,,,,0.18212737652529207,-0.23174353780588533,Mid
Samuel,BRA,"FW,MF",Valencia,La Liga,23,1999,26,24,2077.0,2.0,1.0,5.2,1.2,5.2,98.0,66.0,182.0,0.8968980669891568,7.516687643135735,High
Fede San Emeterio,ESP,MF,Cádiz,La Liga,26,1997,22,15,1164.0,0.2,7.0,1.0,0.01,5.0,0.01,0.01,0.0,0.18212737652529207,-2.453590685979664,Low
Antonio Sanabria,PAR,FW,Torino,Serie A,27,1996,22,17,1538.0,7.0,2.0,6.4,4.0,1.0,9.0,2.1,7.7,-0.05612952029599616,-0.612129104489534,Mid
Oihan Sancet,ESP,MF,Athletic Club,La Liga,22,2000,25,23,1746.0,8.0,8.0,4.8,1.0,2.0,61.0,2.0,6.0,1.135154963810445,3.7785665210038983,High
Renato Sanches,POR,MF,Paris S-G,Ligue 1,25,1997,16,3,462.0,2.0,2.0,0.7,40.0,1.8,16.0,,,0.4203842733465803,-1.1314077490229537,Mid
Alexis Sánchez,CHI,FW,Marseille,Ligue 1,34,1988,25,22,1892.0,12.0,1.0,9.7,2.0,3.0,27.0,4.4,11.8,-1.7239277980450138,0.047416929898002724,Mid
Antonio Sánchez,ESP,MF,Mallorca,La Liga,26,1997,21,7,688.0,0.5,4.0,17.0,40.0,27.0,,,,0.18212737652529207,1.137433373205426,High
Davinson Sánchez,COL,DF,Tottenham,Premier League,26,1996,13,6,573.0,0.3,1.0,4.0,3.0,25.0,,,,0.18212737652529207,-2.566234151088267,Low
Iván Sánchez,ESP,"MF,FW",Valladolid,La Liga,30,1992,21,13,1034.0,1.0,1.0,0.7,54.0,2.1,48.0,0.09,0.09,-0.7709002107598608,1.44544433381654,High
Javi Sánchez,ESP,DF,Valladolid,La Liga,26,1997,22,21,1775.0,1.0,1.0,0.6,0.7,0.1,17.0,4.0,0.05,0.18212737652529207,0.2511704123445888,Mid
Manuel Sánchez,ESP,DF,Osasuna,La Liga,22,2000,20,12,1214.0,0.4,1.0,22.0,1.7,1.3,0.03,65.0,0.07,1.135154963810445,1.7821041484872324,High
Robert Sánchez,ESP,GK,Brighton,Premier League,25,1997,22,22,1980.0,0.0,1.0,0.0,0.0,0.0,0.0,0.0,0.0,0.4203842733465803,0.00017146980524523903,Mid
Jadon Sancho,ENG,"FW,MF",Manchester Utd,Premier League,23,2000,14,12,923.0,4.0,1.0,2.6,4.2,1.6,42.0,80.0,0.1,0.8968980669891568,1.7081368988955767,High
Alex Sandro,BRA,DF,Juventus,Serie A,32,1991,21,17,1455.0,0.2,1.0,40.0,0.7,0.2,0.01,83.0,20.0,-1.2474140044024373,2.5121900545418585,High
Leroy Sané,GER,"MF,FW",Bayern Munich,Bundesliga,27,1996,23,15,1489.0,7.0,4.0,5.3,3.1,5.3,56.0,106.0,136.0,-0.05612952029599616,3.553941697748656,High
Morgan Sanson,FRA,MF,Strasbourg,Ligue 1,28,1994,8,8,562.0,1.4,2.0,16.0,2.5,1.0,,34.0,,-0.2943864171172844,-1.716150275301715,Low
Nicola Sansone,ITA,FW,Bologna,Serie A,31,1991,11,5,431.0,1.0,1.0,1.6,6.0,1.6,14.0,,,-1.0091571075811492,-4.3552701348534635,Low
Baptiste Santamaria,FRA,MF,Rennes,Ligue 1,28,1995,16,14,1230.0,1.0,1.0,0.6,1.2,0.6,7.0,16.0,0.07,-0.2943864171172844,-2.2167800705859997,Low
Riccardo Saponara,ITA,FW,Fiorentina,Serie A,31,1991,22,10,915.0,2.0,2.0,1.9,2.9,1.9,42.0,43.0,98.0,-1.0091571075811492,-1.5343147091197582,Mid
Pablo Sarabia,ESP,"FW,MF",Wolves,Premier League,30,1992,8,6,515.0,1.0,1.0,2.7,3.4,0.7,9.0,37.0,,-0.7709002107598608,-4.045589749339051,Low
Pablo Sarabia,ESP,"FW,MF",Paris S-G,Ligue 1,30,1992,14,3,370.0,1.3,1.0,9.0,37.0,18.0,,,,-0.7709002107598608,-1.7992432215104972,Low
Muhammed Saracevic Cham,AUT,MF,Clermont Foot,Ligue 1,22,2000,28,17,1451.0,4.0,2.0,3.9,2.0,1.0,49.0,2.0,5.1,1.135154963810445,1.8991580372055676,High
Amin Sarr,SWE,FW,Lyon,Ligue 1,22,2001,8,4,412.0,1.0,1.0,1.2,7.0,1.3,9.0,,,1.135154963810445,-2.5840391472499222,Low
Malang Sarr,FRA,DF,Monaco,Ligue 1,24,1999,13,8,716.0,5.0,3.0,0.0,,0.0,,,,0.6586411701678685,-1.6566118805529504,Mid
Martin Satriano,URU,FW,Empoli,Serie A,22,2001,25,20,1617.0,2.0,1.0,3.6,1.2,3.6,28.0,21.0,120.0,1.135154963810445,2.0251779544778516,High
Téji Savanier,FRA,MF,Montpellier,Ligue 1,31,1991,23,23,1977.0,10.0,2.0,6.7,4.0,5.0,39.0,2.8,4.8,-1.0091571075811492,1.3884691445689767,High
Stefan Savic,MNE,DF,Atlético Madrid,La Liga,32,1991,18,18,1583.0,0.2,3.0,20.0,6.0,67.0,0.01,0.01,0.01,-1.2474140044024373,-0.6883819588049493,Mid
Joe Scally,USA,DF,M'Gladbach,Bundesliga,20,2002,23,21,1884.0,0.5,1.0,24.0,53.0,52.0,0.02,0.11,0.02,1.6116687574530215,6.227564826202091,High
Giorgio Scalvini,ITA,DF,Atalanta,Serie A,19,2003,21,18,1479.0,2.0,2.0,1.0,1.2,0.1,12.0,17.0,0.12,1.8499256542743097,1.176351900913494,High
Gianluca Scamacca,ITA,FW,West Ham,Premier League,24,1999,16,11,926.0,3.0,3.0,2.5,3.1,0.7,13.0,48.0,0.29,0.6586411701678685,-0.8355074558188034,Mid
András Schäfer,HUN,MF,Union Berlin,Bundesliga,23,1999,13,9,754.0,0.4,0.4,14.0,,17.0,,,,0.8968980669891568,0.06205331512408696,Mid
Fabian Schär,SUI,DF,Newcastle Utd,Premier League,31,1991,24,24,2143.0,1.0,1.0,3.2,4.2,1.0,21.0,18.0,0.04,-1.0091571075811492,1.048289387916088,High
Patrik Schick,CZE,FW,Leverkusen,Bundesliga,27,1996,14,10,941.0,3.0,1.0,4.6,5.1,0.6,8.0,68.0,0.1,-0.05612952029599616,-1.0895021333845667,Mid
Kingsley Schindler,GHA,"DF,MF",Köln,Bundesliga,29,1993,20,4,703.0,0.9,3.0,9.0,40.0,32.0,,,,-0.5326433139385727,-0.697436241790848,Mid
Xaver Schlager,AUT,MF,RB Leipzig,Bundesliga,25,1997,19,16,1466.0,1.0,1.0,0.3,0.6,0.3,21.0,72.0,11.0,0.4203842733465803,1.1061111672895991,High
Keven Schlotterbeck,GER,DF,Bochum,Bundesliga,25,1997,7,6,557.0,1.0,1.0,1.0,1.2,0.3,,2.0,,0.4203842733465803,-3.517776952379921,Low
Nico Schlotterbeck,GER,DF,Dortmund,Bundesliga,23,1999,25,25,2184.0,4.0,4.0,1.6,1.5,1.6,38.0,152.0,13.0,0.8968980669891568,6.908070854479791,High
Jeffrey Schlupp,GHA,"MF,FW",Crystal Palace,Premier League,30,1992,27,24,2029.0,2.0,2.0,1.8,2.5,0.7,23.0,49.0,0.09,-0.7709002107598608,1.720653301326212,High
Kasper Schmeichel,DEN,GK,Nice,Ligue 1,36,1986,26,26,2340.0,0.0,0.4,0.0,0.0,0.01,0.0,0.0,0.0,-2.20044159168759,-1.4766950820972373,Mid
Romano Schmid,AUT,MF,Werder Bremen,Bundesliga,23,2000,19,11,1092.0,0.4,3.0,21.0,2.1,1.7,0.03,51.0,0.25,0.8968980669891568,0.7942735012666466,Mid
Niklas Schmidt,GER,MF,Werder Bremen,Bundesliga,25,1998,17,9,910.0,2.0,2.0,1.4,2.7,1.3,22.0,37.0,0.2,0.4203842733465803,-1.3616604033538464,Mid
Benno Schmitz,GER,DF,Köln,Bundesliga,28,1994,23,22,1816.0,1.0,1.0,0.2,2.5,2.3,36.0,107.0,0.05,-0.2943864171172844,3.435085093888855,High
Jerdy Schouten,NED,MF,Bologna,Serie A,26,1997,23,19,1641.0,0.3,2.0,8.0,1.5,1.2,0.02,15.0,0.11,0.18212737652529207,-0.02100393126436187,Mid
Perr Schuurs,NED,DF,Torino,Serie A,23,1999,21,20,1626.0,0.4,2.0,8.0,0.8,0.4,0.02,1.0,0.11,0.8968980669891568,0.42234563539675674,Mid
Marvin Schwäbe,GER,GK,Köln,Bundesliga,27,1995,25,25,2250.0,0.0,1.0,0.0,0.0,0.0,0.0,0.0,0.0,-0.05612952029599616,0.3816271610114348,Mid
Alexander Schwolow,GER,GK,Schalke 04,Bundesliga,30,1992,17,17,1530.0,0.1,1.0,0.0,0.01,0.01,0.0,0.0,0.0,-0.7709002107598608,-2.620470833950272,Low
Demba Seck,SEN,"FW,MF",Torino,Serie A,22,2001,14,5,388.0,0.4,0.4,18.0,,35.0,,,,1.135154963810445,-0.4878010543634941,Mid
Haris Seferovic,SUI,"FW,MF",Celta Vigo,La Liga,31,1992,7,3,316.0,1.0,1.0,1.0,1.3,0.2,5.0,16.0,,-1.0091571075811492,-6.000427038071891,Low
Paul Seguin,GER,MF,Union Berlin,Bundesliga,27,1995,18,4,633.0,1.0,3.0,1.2,2.0,1.2,11.0,37.0,27.0,-0.05612952029599616,-3.541367904737311,Low
Alidu Seidu,GHA,DF,Clermont Foot,Ligue 1,22,2000,20,20,1753.0,0.1,6.0,17.0,31.0,45.0,0.01,0.03,0.01,1.135154963810445,3.4541971168773804,High
Davie Selke,GER,FW,Köln,Bundesliga,28,1995,8,4,363.0,1.0,1.0,1.5,5.0,1.6,5.0,,,-0.2943864171172844,-4.366363351838608,Low
Matz Sels,BEL,GK,Strasbourg,Ligue 1,31,1992,28,28,2520.0,0.0,2.0,0.0,0.01,0.01,0.0,0.0,0.0,-1.0091571075811492,0.2871603803405818,Mid
Nélson Semedo,POR,DF,Wolves,Premier League,29,1993,26,21,1778.0,0.3,1.0,39.0,0.6,0.3,0.01,73.0,101.0,-0.5326433139385727,3.9675671339501712,High
Marcos Senesi,ARG,DF,Bournemouth,Premier League,25,1997,23,22,1878.0,2.0,2.0,1.2,1.6,0.4,5.0,2.0,0.1,0.4203842733465803,0.31211787142055253,Mid
Stefano Sensi,ITA,MF,Monza,Serie A,27,1995,20,17,1302.0,3.0,3.0,1.2,2.2,1.0,23.0,25.0,0.21,-0.05612952029599616,-0.38702533741393974,Mid
Jaime Seoane,ESP,MF,Getafe,La Liga,26,1997,14,2,304.0,0.1,0.1,3.0,,5.0,,,,0.18212737652529207,-3.3639823389958554,Low
Luigi Sepe,ITA,GK,Salernitana,Serie A,31,1991,17,17,1530.0,0.0,3.0,0.0,0.0,0.0,0.0,0.0,0.0,-1.0091571075811492,-2.859319052537095,Low
Suat Serdar,GER,MF,Hertha BSC,Bundesliga,25,1997,24,22,1683.0,4.0,1.0,1.8,1.1,1.8,28.0,67.0,40.0,0.4203842733465803,2.651520126647992,High
Leonardo Sernicola,ITA,DF,Cremonese,Serie A,25,1997,23,21,1782.0,1.0,1.0,1.0,1.2,1.0,48.0,50.0,78.0,0.4203842733465803,3.0991882209328505,High
Ryan Sessegnon,ENG,DF,Tottenham,Premier League,22,2000,17,9,813.0,2.0,2.0,1.6,2.7,1.1,24.0,64.0,0.22,1.135154963810445,-0.03600245771378163,Mid
Stephan El Shaarawy,ITA,"DF,MF",Roma,Serie A,30,1992,20,7,926.0,3.0,1.0,3.3,0.8,3.3,37.0,40.0,81.0,-0.7709002107598608,-1.9875530930196312,Low
Luke Shaw,ENG,DF,Manchester Utd,Premier League,27,1995,22,21,1841.0,1.0,2.0,0.9,2.8,0.9,47.0,98.0,60.0,-0.05612952029599616,3.9363585133348504,High
Jonjo Shelvey,ENG,MF,Nott'ham Forest,Premier League,31,1992,6,5,441.0,0.1,1.0,1.0,,29.0,,,,-1.0091571075811492,-4.099181306495824,Low
Eldor Shomurodov,UZB,FW,Spezia,Serie A,27,1995,7,4,356.0,1.4,1.0,2.0,20.0,11.0,,,,-0.05612952029599616,-2.615018298487769,Low
Kiliann Sildillia,FRA,"DF,MF",Freiburg,Bundesliga,20,2002,22,20,1741.0,0.8,2.0,18.0,0.6,0.8,0.04,67.0,43.0,1.6116687574530215,3.847405627138129,High
André Silva,POR,FW,RB Leipzig,Bundesliga,27,1995,25,18,1539.0,4.0,3.0,8.6,2.7,8.6,29.0,33.0,130.0,-0.05612952029599616,1.3151497179824763,High
Bernardo Silva,POR,"MF,FW",Manchester City,Premier League,28,1994,25,20,1784.0,4.0,5.0,1.6,2.8,1.6,74.0,100.0,157.0,-0.2943864171172844,4.802955478907036,High
Caio Henrique Oliveira Silva,BRA,DF,Monaco,Ligue 1,25,1997,25,23,2117.0,1.0,7.0,0.7,3.7,0.7,42.0,141.0,111.0,0.4203842733465803,6.005135287369721,High
David Silva,ESP,MF,Real Sociedad,La Liga,37,1986,19,17,1303.0,1.0,4.0,2.2,2.7,2.2,44.0,110.0,91.0,-2.4386984885088787,0.3878049971509627,Mid
Rui Silva,POR,GK,Betis,La Liga,29,1994,20,20,1800.0,0.0,2.0,0.0,0.0,0.0,0.0,0.0,0.0,-0.5326433139385727,-1.5248357740457519,Mid
Thiago Silva,BRA,DF,Chelsea,Premier League,38,1984,21,20,1812.0,1.0,2.0,4.0,1.4,0.4,0.05,1.0,0.1,-2.676955385330167,-3.1740995587677854,Low
Marco Silvestri,ITA,GK,Udinese,Serie A,32,1991,27,27,2430.0,0.0,0.0,0.0,0.0,0.0,0.0,0.0,0.0,-1.2474140044024373,-0.23767766652916245,Mid
Abdallah Sima,SEN,FW,Angers,Ligue 1,21,2001,24,15,1338.0,3.0,3.0,4.0,16.0,5.4,27.0,0.2,0.2,1.3734118606317332,1.4717365945776328,High
Mohamed Simakan,FRA,DF,RB Leipzig,Bundesliga,22,2000,16,12,918.0,1.0,1.0,1.0,1.5,0.4,17.0,42.0,0.1,1.135154963810445,-0.43193614930576363,Mid
Moses Simon,NGA,"FW,MF",Nantes,Ligue 1,27,1995,24,22,1816.0,5.0,3.0,3.9,3.0,1.0,98.0,2.9,5.8,-0.05612952029599616,4.299431034082026,High
Unai Simón,ESP,GK,Athletic Club,La Liga,25,1997,22,22,1935.0,0.0,1.0,0.0,0.0,0.0,0.0,0.0,0.0,0.4203842733465803,-0.07393292370497379,Mid
Lassine Sinayoko,MLI,"MF,FW",Auxerre,Ligue 1,23,1999,26,14,1294.0,2.4,2.0,42.0,1.8,2.4,0.16,60.0,128.0,0.8968980669891568,3.6690590660385216,High
Wilfried Singo,CIV,DF,Torino,Serie A,22,2000,21,15,1390.0,2.0,1.0,1.4,1.1,1.4,32.0,47.0,65.0,1.135154963810445,1.573850853800416,High
Luis Sinisterra,COL,FW,Leeds United,Premier League,23,1999,13,8,538.0,2.0,2.0,1.8,0.2,1.8,18.0,21.0,52.0,0.8968980669891568,-2.320161846897086,Low
Daley Sinkgraven,NED,"DF,MF",Leverkusen,Bundesliga,27,1995,10,4,324.0,0.2,1.0,8.0,1.1,1.0,,17.0,,-0.05612952029599616,-3.6518211171622257,Low
Tobias Sippel,GER,GK,M'Gladbach,Bundesliga,35,1988,6,5,510.0,,1.0,0.0,0.0,0.0,0.0,,,-1.962184694866302,-6.3136861903051775,Low
Ibrahima Sissoko,FRA,MF,Strasbourg,Ligue 1,25,1997,18,8,869.0,0.6,0.6,9.0,0.02,38.0,0.06,0.06,0.09,0.4203842733465803,-2.930056864861399,Low
Moussa Sissoko,FRA,MF,Nantes,Ligue 1,33,1989,21,17,1472.0,2.0,2.0,2.0,2.8,0.8,22.0,51.0,0.12,-1.4856709012237255,-0.8361050215732561,Mid
Ellyes Skhiri,TUN,MF,Köln,Bundesliga,27,1995,24,24,2136.0,5.0,1.0,3.5,1.4,3.5,40.0,124.0,38.0,-0.05612952029599616,5.310437402058439,High
Oliver Skipp,ENG,MF,Tottenham,Premier League,22,2000,13,8,646.0,1.0,1.0,0.2,0.6,0.4,8.0,15.0,,1.135154963810445,-2.6268810178645587,Low
Lukasz Skorupski,POL,GK,Bologna,Serie A,31,1991,27,27,2430.0,0.0,3.0,0.0,0.0,0.0,0.0,0.0,0.0,-1.0091571075811492,0.0005792302921256987,Mid
Robert Skov,DEN,DF,Hoffenheim,Bundesliga,26,1996,19,16,1229.0,3.0,2.0,3.3,1.0,2.0,41.0,1.8,3.4,0.18212737652529207,-0.03863861740448679,Mid
Milan kriniar,SVK,DF,Inter,Serie A,28,1995,21,20,1769.0,0.8,5.0,16.0,81.0,1.1,0.04,0.01,0.05,-0.2943864171172844,4.917049904734329,High
Islam Slimani,ALG,FW,Brest,Ligue 1,34,1988,16,11,986.0,1.0,1.0,2.5,1.7,5.0,11.0,2.9,26.0,-1.7239277980450138,-4.3979824312339515,Low
Chris Smalling,ENG,DF,Roma,Serie A,33,1989,26,25,2313.0,3.0,1.0,1.2,0.4,1.2,4.0,39.0,7.0,-1.4856709012237255,0.3262614088394957,Mid
Adam Smith,ENG,DF,Bournemouth,Premier League,31,1991,26,26,2200.0,0.5,1.0,18.0,1.2,0.7,0.02,21.0,0.04,-1.0091571075811492,1.7163484074484263,High
Hrvoje Smolcic,CRO,DF,Eint Frankfurt,Bundesliga,22,2000,9,4,471.0,0.2,0.2,,,,,,,1.135154963810445,-1.47387892951994,Mid
Danilo Soares,BRA,DF,Bochum,Bundesliga,31,1991,18,18,1367.0,12.0,5.0,0.0,0.07,15.0,0.0,0.07,0.0,-1.0091571075811492,-2.984105798968014,Low
Eduard Sobol,UKR,DF,Strasbourg,Ligue 1,27,1995,9,5,507.0,0.1,1.0,12.0,0.5,0.4,,30.0,,-0.05612952029599616,-2.5638324322183683,Low
Rubén Sobrino,ESP,"MF,FW",Cádiz,La Liga,30,1992,22,17,1554.0,2.0,1.0,3.1,0.9,3.1,29.0,23.0,48.0,-0.7709002107598608,-0.36709260616232064,Mid
Alex Sola,ESP,DF,Real Sociedad,La Liga,23,1999,9,3,342.0,0.1,1.0,7.0,18.0,4.0,,,,0.8968980669891568,-1.4839300149948906,Mid
Dominic Solanke,ENG,"FW,MF",Bournemouth,Premier League,25,1997,22,21,1878.0,3.0,4.0,4.4,2.5,4.4,36.0,28.0,103.0,0.4203842733465803,2.5620787667468456,High
Nikola Soldo,CRO,DF,Köln,Bundesliga,22,2001,7,6,593.0,0.6,1.0,3.0,,,,,,1.135154963810445,-1.3839157038951375,Mid
Carlos Soler,ESP,MF,Paris S-G,Ligue 1,26,1997,18,10,843.0,3.0,2.0,1.4,2.7,1.3,17.0,46.0,0.21,0.18212737652529207,-1.5784707587994156,Mid
Yann Sommer,SUI,GK,Bayern Munich,Bundesliga,34,1988,10,10,900.0,0.0,1.0,0.0,0.0,0.0,0.0,0.0,0.0,-1.7239277980450138,-5.576018540981414,Low
Yann Sommer,SUI,GK,M'Gladbach,Bundesliga,34,1988,10,10,900.0,0.0,0.0,0.0,0.0,0.0,0.0,0.0,0.0,-1.7239277980450138,-5.576018540981414,Low
Brandon Soppy,FRA,DF,Atalanta,Serie A,21,2002,11,7,568.0,0.3,3.0,22.0,1.6,1.3,,32.0,,1.3734118606317332,0.27010608317088614,Mid
David Soria,ESP,GK,Getafe,La Liga,29,1993,26,26,2340.0,0.0,1.0,0.0,0.0,0.0,0.0,0.0,0.0,-0.5326433139385727,0.19110319565178013,Mid
Roberto Soriano,ITA,"FW,MF",Bologna,Serie A,32,1991,25,14,1249.0,1.0,3.0,0.6,2.5,0.6,27.0,55.0,62.0,-1.2474140044024373,-1.1995626200553144,Mid
Borna Sosa,CRO,DF,Stuttgart,Bundesliga,25,1998,18,15,1347.0,2.0,6.0,0.7,4.4,0.7,39.0,76.0,100.0,0.4203842733465803,1.9473262189766019,High
Joaquin Sosa,URU,DF,Bologna,Serie A,21,2002,9,6,598.0,5.0,2.0,0.0,0.0,0.0,,,,1.3734118606317332,-1.8769057217605878,Low
Florian Sotoca,FRA,"FW,MF",Lens,Ligue 1,32,1990,28,26,2297.0,6.0,7.0,9.5,4.0,3.0,33.0,7.0,14.2,-1.2474140044024373,2.1775774426023586,High
Riccardo Sottil,ITA,FW,Fiorentina,Serie A,23,1999,9,5,454.0,0.7,2.0,39.0,1.6,1.0,,76.0,,0.8968980669891568,1.9629857502070074,High
Tomá Soucek,CZE,MF,West Ham,Premier League,28,1995,26,22,1999.0,1.0,1.0,2.9,0.9,2.9,10.0,70.0,35.0,-0.2943864171172844,1.803744071692969,High
Matìas Soulé,ARG,"MF,DF",Juventus,Serie A,19,2003,11,3,321.0,1.0,1.0,1.3,9.0,1.7,10.0,,,1.8499256542743097,-1.984183313624313,Low
Adama Soumaoro,FRA,DF,Bologna,Serie A,30,1992,17,16,1412.0,0.3,5.0,6.0,1.0,35.0,0.02,0.02,0.02,-0.7709002107598608,-2.3440398210404116,Low
Boubakary Soumaré,FRA,MF,Leicester City,Premier League,24,1999,18,12,924.0,10.0,5.0,0.0,0.02,12.0,0.0,0.02,0.0,0.6586411701678685,-2.876692348968509,Low
Arnaud Souquet,FRA,"DF,FW",Montpellier,Ligue 1,31,1992,12,3,361.0,0.1,1.0,5.0,14.0,10.0,,,,-1.0091571075811492,-3.7780896903866488,Low
Dyego Sousa,POR,FW,Almería,La Liga,33,1989,15,2,373.0,0.5,1.0,7.0,1.4,0.8,,29.0,,-1.4856709012237255,-5.0558329119728755,Low
Harry Souttar,AUS,DF,Leicester City,Premier League,24,1998,7,7,630.0,1.1,1.0,5.0,1.3,0.2,,4.0,,0.6586411701678685,-2.600867916246558,Low
Vinicius Souza,BRA,MF,Espanyol,La Liga,23,1999,24,24,2029.0,0.4,7.0,9.0,73.0,0.8,0.02,0.02,0.04,0.8968980669891568,5.973873546362897,High
Djibril Sow,SUI,MF,Eint Frankfurt,Bundesliga,26,1997,24,22,1955.0,3.0,3.0,1.3,2.1,0.8,26.0,21.0,0.14,0.18212737652529207,1.656615444688693,High
Kevin Spadanuda,SUI,"MF,FW",Ajaccio,Ligue 1,26,1997,14,6,522.0,0.2,2.0,9.0,34.0,10.0,,,,0.18212737652529207,-0.3599608664636319,Mid
Djed Spence,ENG,DF,Rennes,Ligue 1,22,2000,7,7,565.0,0.4,0.4,21.0,,17.0,,,,1.135154963810445,0.35353478376980485,Mid
Stijn Spierings,NED,MF,Toulouse,Ligue 1,27,1996,28,28,2517.0,2.0,2.0,1.7,3.7,1.9,24.0,25.0,0.07,-0.05612952029599616,3.3091132519799,High
Leonardo Spinazzola,ITA,DF,Roma,Serie A,30,1993,18,14,1212.0,1.0,3.0,0.9,1.3,0.9,73.0,42.0,64.0,-0.7709002107598608,0.9383431538466347,Mid
Marco Sportiello,ITA,GK,Atalanta,Serie A,30,1992,7,6,623.0,,2.0,0.0,0.0,0.0,0.0,,,-0.7709002107598608,-4.798536299010593,Low
Anton Stach,GER,MF,Mainz 05,Bundesliga,24,1998,22,16,1520.0,1.0,3.0,1.8,2.5,1.8,29.0,88.0,48.0,0.6586411701678685,2.437429674416244,High
Kostas Stafylidis,GRE,"DF,MF",Bochum,Bundesliga,29,1993,14,8,802.0,0.3,2.0,9.0,0.6,0.3,,11.0,,-0.5326433139385727,-2.8752377019274524,Low
Jens Stage,DEN,MF,Werder Bremen,Bundesliga,26,1996,24,14,1210.0,2.0,1.0,2.0,0.8,2.0,16.0,42.0,41.0,0.18212737652529207,-0.6238210106534379,Mid
Josip Staniic,CRO,DF,Bayern Munich,Bundesliga,22,2000,11,3,470.0,10.0,1.0,0.0,,31.0,,,,1.135154963810445,-2.274107311078658,Low
Niklas Stark,GER,DF,Werder Bremen,Bundesliga,27,1995,18,14,1315.0,0.1,6.0,7.0,3.0,48.0,0.01,0.03,0.01,-0.05612952029599616,-1.8550789033596162,Low
Pascal Stenzel,GER,DF,Stuttgart,Bundesliga,27,1996,11,3,328.0,3.0,1.0,,5.0,12.0,,,,-0.05612952029599616,-3.207955128773981,Low
Jack Stephens,ENG,DF,Bournemouth,Premier League,29,1994,10,8,723.0,1.0,2.0,0.0,,2.0,,,,-0.5326433139385727,-2.8363690145578015,Low
Raheem Sterling,ENG,"FW,MF",Chelsea,Premier League,28,1994,19,16,1338.0,4.0,2.0,4.5,3.5,4.5,55.0,42.0,135.0,-0.2943864171172844,1.541502886817958,High
Angelo Stiller,GER,MF,Hoffenheim,Bundesliga,21,2001,16,5,598.0,1.0,1.0,0.3,0.7,0.5,4.0,16.0,,1.3734118606317332,-3.0227044381337356,Low
Lars Stindl,GER,"FW,MF",M'Gladbach,Bundesliga,34,1988,20,15,1280.0,5.0,6.0,3.3,3.9,3.3,19.0,54.0,62.0,-1.7239277980450138,-1.5446148664386117,Mid
Kevin Stöger,AUT,MF,Bochum,Bundesliga,29,1993,24,22,1936.0,2.0,1.0,2.4,1.0,1.0,28.0,4.1,5.8,-0.5326433139385727,0.6225339608663132,Mid
Petar Stojanovic,SVN,DF,Empoli,Serie A,27,1995,21,15,1377.0,0.2,1.0,42.0,1.2,0.9,0.02,42.0,0.07,-0.05612952029599616,2.507531582966096,High
John Stones,ENG,DF,Manchester City,Premier League,28,1994,15,14,1269.0,0.6,2.0,21.0,1.9,1.3,0.04,26.0,0.14,-0.2943864171172844,-0.3162570447232336,Mid
Jørgen Strand Larsen,NOR,FW,Celta Vigo,La Liga,23,2000,22,15,1250.0,2.0,3.0,3.8,1.9,3.8,11.0,10.0,51.0,0.8968980669891568,-0.48659352379646037,Mid
Gabriel Strefezza,BRA,FW,Lecce,Serie A,25,1997,25,22,1759.0,7.0,1.0,3.7,4.0,1.0,55.0,2.4,5.3,0.4203842733465803,2.7621619707051,High
Pascal Struijk,NED,DF,Leeds United,Premier League,23,1999,21,20,1687.0,2.0,1.0,1.2,2.3,1.2,22.0,102.0,45.0,0.8968980669891568,3.4610436534383546,High
Cristhian Stuani,URU,FW,Girona,La Liga,36,1986,21,5,710.0,6.0,6.0,6.7,3.6,6.0,1.0,4.5,9.0,-2.20044159168759,-6.073252524748941,Low
Damián Suárez,URU,"DF,MF",Getafe,La Liga,34,1988,17,15,1104.0,1.0,1.0,0.3,1.4,1.1,12.0,45.0,0.08,-1.7239277980450138,-2.794341009228126,Low
Denis Suárez,ESP,MF,Espanyol,La Liga,29,1994,7,4,371.0,0.4,0.4,13.0,,13.0,,,,-0.5326433139385727,-2.7785361572590834,Low
Gabriel Suazo,CHI,DF,Toulouse,Ligue 1,25,1997,9,7,611.0,0.1,1.0,13.0,38.0,0.4,,,,0.4203842733465803,0.7648964331782089,Mid
Isaac Success,NGA,FW,Udinese,Serie A,27,1996,27,18,1614.0,3.1,6.0,35.0,6.9,3.9,0.17,184.0,0.33,-0.05612952029599616,6.495080493790706,High
Niklas Süle,GER,DF,Dortmund,Bundesliga,27,1995,21,16,1422.0,1.0,3.0,1.2,1.8,1.2,20.0,89.0,49.0,-0.05612952029599616,1.0817044895737897,High
Ibrahim Sulemana,GHA,MF,Hellas Verona,Serie A,19,2003,11,3,357.0,0.3,3.0,3.0,5.0,11.0,,,,1.8499256542743097,-1.6406478910249604,Mid
Kamaldeen Sulemana,GHA,"FW,MF",Southampton,Premier League,21,2002,8,6,520.0,0.6,1.0,15.0,50.0,22.0,,,,1.3734118606317332,2.3227378628333315,High
Kamaldeen Sulemana,GHA,"FW,MF",Rennes,Ligue 1,21,2002,14,2,326.0,1.0,1.0,1.4,1.9,0.6,17.0,57.0,,1.3734118606317332,-2.118532493058791,Low
Crysencio Summerville,NED,FW,Leeds United,Premier League,21,2001,20,9,1018.0,4.0,2.0,2.4,1.2,2.4,42.0,32.0,61.0,1.3734118606317332,0.5556963234970448,Mid
Ivan unjic,CRO,MF,Hertha BSC,Bundesliga,26,1996,18,12,993.0,0.6,4.0,6.0,6.0,30.0,0.06,0.07,0.06,0.18212737652529207,-2.333431804814014,Low
Suso,ESP,"MF,FW",Sevilla,La Liga,29,1993,15,5,605.0,1.0,1.0,0.7,1.5,0.7,16.0,55.0,66.0,-0.5326433139385727,-3.3337823060848275,Low
Mattias Svanberg,SWE,MF,Wolfsburg,Bundesliga,24,1999,23,14,1283.0,2.0,4.0,1.9,3.0,1.9,15.0,53.0,51.0,0.6586411701678685,0.31812497887937785,Mid
Issiaga Sylla,GUI,DF,Montpellier,Ligue 1,29,1994,7,7,630.0,0.2,3.0,22.0,42.0,2.0,,,,-0.5326433139385727,0.9025754972154547,Mid
Issiaga Sylla,GUI,DF,Toulouse,Ligue 1,29,1994,17,16,1372.0,0.4,3.0,51.0,107.0,95.0,0.03,0.06,0.03,-0.5326433139385727,8.212237786201543,High
Wojciech Szczesny,POL,GK,Juventus,Serie A,32,1990,19,19,1662.0,0.0,0.0,0.0,0.0,0.0,0.0,0.0,0.0,-1.2474140044024373,-2.604640979203439,Low
Dominik Szoboszlai,HUN,"MF,FW",RB Leipzig,Bundesliga,22,2000,23,21,1803.0,4.0,8.0,2.5,2.5,1.0,55.0,9.2,114.0,1.135154963810445,3.3798449376009554,High
Alexander Sørloth,NOR,FW,Real Sociedad,La Liga,27,1995,22,20,1655.0,9.0,1.0,8.7,1.3,8.7,25.0,14.0,89.0,-0.05612952029599616,1.0611911490766441,High
Nicolás Tagliafico,ARG,DF,Lyon,Ligue 1,30,1992,26,26,2316.0,1.0,3.0,1.6,3.4,1.6,29.0,129.0,141.0,-0.7709002107598608,4.736272420357533,High
Jonathan Tah,GER,DF,Leverkusen,Bundesliga,27,1996,24,20,1764.0,1.0,1.0,1.0,1.4,0.4,3.0,4.0,0.05,-0.05612952029599616,-0.6994148817061855,Mid
Flavien Tait,FRA,MF,Rennes,Ligue 1,30,1993,24,16,1425.0,2.0,2.0,1.9,2.0,1.9,42.0,136.0,44.0,-0.7709002107598608,2.5964778736814633,High
Montassar Talbi,TUN,DF,Lorient,Ligue 1,24,1998,28,28,2520.0,1.0,1.0,0.7,0.9,0.2,12.0,0.04,0.07,0.6586411701678685,2.6163391168778567,High
Adrien Tameze,CMR,MF,Hellas Verona,Serie A,29,1994,26,24,2101.0,0.7,2.0,19.0,37.0,84.0,0.03,0.06,0.03,-0.5326433139385727,3.449895871434182,High
Renato Tapia,PER,"MF,DF",Celta Vigo,La Liga,27,1995,18,9,813.0,0.3,5.0,5.0,37.0,1.0,0.04,0.08,0.12,-0.05612952029599616,-1.540445290530868,Mid
Edmond Tapsoba,BFA,DF,Leverkusen,Bundesliga,24,1999,25,24,2151.0,1.0,1.0,2.3,0.9,0.7,28.0,112.0,4.0,0.6586411701678685,5.072762153971392,High
Florian Tardieu,FRA,MF,Troyes,Ligue 1,30,1992,14,11,1008.0,3.0,3.0,2.9,1.0,0.5,20.0,83.0,17.0,-0.7709002107598608,-1.0426492614344385,Mid
Matt Targett,ENG,DF,Newcastle Utd,Premier League,27,1995,11,4,430.0,2.0,0.3,0.0,,,,,,-0.05612952029599616,-3.393481325931698,Low
James Tarkowski,ENG,DF,Everton,Premier League,30,1992,28,28,2520.0,1.0,1.0,1.9,1.7,1.9,10.0,76.0,5.0,-0.7709002107598608,3.11480067069077,High
Ciprian Tataru?anu,ROU,GK,Milan,Serie A,37,1986,16,16,1440.0,0.0,1.0,0.0,0.06,0.06,0.0,0.03,0.03,-2.4386984885088787,-4.570567099346739,Low
Nuno Tavares,POR,"DF,MF",Marseille,Ligue 1,23,2000,24,20,1936.0,6.0,6.0,3.7,2.3,3.7,79.0,87.0,192.0,0.8968980669891568,6.314959964563549,High
Marcus Tavernier,ENG,"MF,FW",Bournemouth,Premier League,24,1999,17,16,1367.0,3.0,4.0,2.5,2.2,2.5,50.0,36.0,100.0,0.6586411701678685,1.9089332973054352,High
Enzo Tchato,CMR,DF,Montpellier,Ligue 1,20,2002,18,10,950.0,1.0,1.0,0.3,1.1,0.3,19.0,29.0,56.0,1.6116687574530215,-0.4939154783142716,Mid
Aurélien Tchouaméni,FRA,MF,Real Madrid,La Liga,23,2000,21,15,1264.0,0.9,3.0,22.0,2.6,1.7,0.07,14.0,0.21,0.8968980669891568,0.8446660427717281,Mid
Mathys Tel,FRA,FW,Bayern Munich,Bundesliga,17,2005,16,1,319.0,4.0,4.0,1.6,2.1,0.4,12.0,42.0,,2.3264394479168864,-1.8788871682092498,Low
Alex Telles,BRA,DF,Sevilla,La Liga,30,1992,18,10,996.0,0.3,2.0,18.0,1.4,1.0,0.03,66.0,0.18,-0.7709002107598608,-1.1174682847210091,Mid
Marc-André ter Stegen,GER,GK,Barcelona,La Liga,30,1992,26,26,2340.0,0.0,0.1,0.0,0.0,0.0,0.0,0.0,0.0,-0.7709002107598608,-0.04715370116950801,Mid
Simon Terodde,GER,FW,Schalke 04,Bundesliga,35,1988,25,16,1371.0,3.0,3.0,4.9,1.3,4.1,3.0,14.0,59.0,-1.962184694866302,-3.2080231228949874,Low
Filippo Terracciano,ITA,"DF,MF",Hellas Verona,Serie A,20,2003,13,4,535.0,0.1,1.0,11.0,17.0,24.0,,,,1.6116687574530215,-0.006956317253951294,Mid
Pietro Terracciano,ITA,GK,Fiorentina,Serie A,33,1990,23,23,2070.0,0.0,1.0,0.0,0.0,0.0,0.0,0.0,0.0,-1.4856709012237255,-1.6198938764821387,Mid
Ramón Terrats,ESP,MF,Villarreal,La Liga,22,2000,5,4,304.0,0.5,1.0,13.0,24.0,1.5,,,,1.135154963810445,-0.2670831120629613,Mid
Martin Terrier,FRA,"FW,MF",Rennes,Ligue 1,26,1997,16,16,1319.0,9.0,4.0,5.6,9.0,3.4,34.0,137.0,0.27,0.18212737652529207,3.7891670585409827,High
Aleksa Terzic,SRB,DF,Fiorentina,Serie A,23,1999,14,4,503.0,0.2,0.2,26.0,,36.0,,,,0.8968980669891568,0.05699616732721158,Mid
Tetê,BRA,FW,Leicester City,Premier League,23,2000,7,6,450.0,1.0,1.0,1.3,13.0,1.4,18.0,,,0.8968980669891568,-1.712393141599435,Low
Tetê,BRA,"FW,MF",Lyon,Ligue 1,23,2000,17,14,1107.0,6.0,2.0,4.2,1.3,4.2,49.0,52.0,130.0,0.8968980669891568,1.8924945675153824,High
Kenny Tete,NED,DF,Fulham,Premier League,27,1995,21,20,1768.0,0.4,4.0,47.0,1.8,1.4,0.02,44.0,0.2,-0.05612952029599616,4.3819771812330774,High
Arthur Theate,BEL,DF,Rennes,Ligue 1,22,2000,27,27,2422.0,2.0,2.0,3.0,3.5,0.5,24.0,2.0,0.07,1.135154963810445,3.749531737279322,High
Malick Thiaw,GER,DF,Milan,Serie A,21,2001,11,8,684.0,0.5,3.0,4.0,2.0,22.0,,,,1.3734118606317332,-0.9757289236850701,Mid
Jan Thielmann,GER,FW,Köln,Bundesliga,20,2002,14,5,558.0,1.0,1.0,0.5,0.1,0.5,13.0,6.0,30.0,1.6116687574530215,-2.7047607554877637,Low
Sada Thioub,SEN,"FW,MF",Angers,Ligue 1,27,1995,20,5,572.0,0.8,1.0,13.0,2.0,1.2,,57.0,,-0.05612952029599616,-1.6149537026953176,Mid
Luke Thomas,ENG,DF,Leicester City,Premier League,21,2001,10,8,691.0,0.1,1.0,5.0,6.0,35.0,,,,1.3734118606317332,-0.636240709213759,Mid
Adrien Thomasson,FRA,MF,Strasbourg,Ligue 1,29,1993,15,10,937.0,1.5,2.0,15.0,3.4,1.9,0.15,73.0,0.19,-0.5326433139385727,-0.9554108144685075,Mid
Adrien Thomasson,FRA,"MF,FW",Lens,Ligue 1,29,1993,10,7,590.0,2.0,2.0,1.5,2.3,0.9,14.0,51.0,,-0.5326433139385727,-3.1511294616475767,Low
Morten Thorsby,NOR,MF,Union Berlin,Bundesliga,26,1996,17,6,622.0,1.0,1.0,0.6,0.4,0.6,,12.0,18.0,0.18212737652529207,-3.4877955049241516,Low
Kristian Thorstvedt,NOR,MF,Sassuolo,Serie A,24,1999,23,12,1001.0,2.0,1.0,1.9,1.1,1.9,26.0,49.0,48.0,0.6586411701678685,-0.1337508444211437,Mid
Marcus Thuram,FRA,FW,M'Gladbach,Bundesliga,25,1997,24,22,1997.0,12.0,3.0,13.2,3.1,13.2,59.0,40.0,131.0,0.4203842733465803,5.07222561747892,High
Khéphren Thuram-Ulie,FRA,MF,Nice,Ligue 1,22,2001,28,23,2007.0,2.0,4.0,2.8,3.7,2.8,66.0,94.0,55.0,1.135154963810445,6.66644627511811,High
Youri Tielemans,BEL,MF,Leicester City,Premier League,25,1997,23,19,1708.0,3.0,1.0,2.3,3.0,2.0,27.0,3.7,4.4,0.4203842733465803,0.840760043610322,Mid
Kieran Tierney,SCO,DF,Arsenal,Premier League,25,1997,19,4,525.0,0.3,1.0,19.0,29.0,0.6,,,,0.4203842733465803,0.22633493952672773,Mid
Steffen Tigges,GER,FW,Köln,Bundesliga,24,1998,22,16,1321.0,5.0,1.0,3.1,4.4,1.3,16.0,65.0,0.07,0.6586411701678685,1.1881746317184083,High
Jean-Clair Todibo,FRA,DF,Nice,Ligue 1,23,1999,26,26,2209.0,0.4,4.0,15.0,112.0,0.6,0.02,0.01,0.02,0.8968980669891568,9.40035596017909,High
Harry Toffolo,ENG,DF,Nott'ham Forest,Premier League,27,1995,12,6,639.0,0.2,0.2,8.0,,35.0,,,,-0.05612952029599616,-2.042288239410906,Low
Karl Toko Ekambi,CMR,"MF,FW",Rennes,Ligue 1,30,1992,8,6,525.0,1.0,1.0,1.6,12.0,2.6,20.0,,,-0.7709002107598608,-3.197758292293124,Low
Karl Toko Ekambi,CMR,"FW,MF",Lyon,Ligue 1,30,1992,19,15,1353.0,4.0,2.0,4.4,3.0,4.4,58.0,36.0,188.0,-0.7709002107598608,0.9020963512308724,Mid
Corentin Tolisso,FRA,MF,Lyon,Ligue 1,28,1994,21,17,1309.0,0.8,1.0,22.0,3.8,2.9,0.06,41.0,0.07,-0.2943864171172844,0.735262131918469,Mid
Jeremy Toljan,GER,DF,Sassuolo,Serie A,28,1994,21,20,1859.0,0.5,1.0,34.0,2.9,2.4,0.02,68.0,0.05,-0.2943864171172844,3.7581886201545056,High
Rafael Tolói,ITA,DF,Atalanta,Serie A,32,1990,22,22,1896.0,1.0,1.0,2.3,1.0,2.3,16.0,113.0,26.0,-1.2474140044024373,1.9578709430308845,High
Tiago Tomás,POR,"FW,MF",Stuttgart,Bundesliga,20,2002,19,12,953.0,2.0,3.0,1.8,2.8,1.8,24.0,16.0,63.0,1.6116687574530215,-0.06776978144917245,Mid
Takehiro Tomiyasu,JPN,DF,Arsenal,Premier League,24,1998,21,6,663.0,0.2,1.0,14.0,0.8,0.6,,28.0,,0.6586411701678685,-1.3027969542319682,Mid
James Tomkins,ENG,DF,Crystal Palace,Premier League,33,1989,5,3,337.0,1.0,1.0,1.0,1.0,1.0,1.0,1.0,,-1.4856709012237255,-7.008971005566703,Low
Fikayo Tomori,ENG,DF,Milan,Serie A,25,1997,24,23,2012.0,1.0,1.0,1.2,1.6,0.4,18.0,9.0,0.04,0.4203842733465803,1.4312035860925458,High
Sandro Tonali,ITA,MF,Milan,Serie A,22,2000,24,21,1929.0,2.0,4.0,2.0,3.4,2.0,43.0,95.0,51.0,1.135154963810445,5.153833087694936,High
Ivan Toney,ENG,FW,Brentford,Premier League,27,1996,25,25,2239.0,16.0,4.0,14.9,9.0,5.0,9.0,3.6,14.5,-0.05612952029599616,2.754096817553126,High
Ferrán Torres,ESP,FW,Barcelona,La Liga,23,2000,23,10,1000.0,2.0,2.0,4.6,3.8,1.0,33.0,6.7,33.0,0.8968980669891568,-0.48565677195365564,Mid
Óliver Torres,ESP,"MF,FW",Sevilla,La Liga,28,1994,24,22,1687.0,3.0,1.0,1.8,3.0,1.8,25.0,114.0,128.0,-0.2943864171172844,3.071608293926196,High
Pau Torres,ESP,DF,Villarreal,La Liga,26,1997,23,23,2070.0,1.0,9.0,55.0,8.0,133.0,0.04,0.07,0.04,0.18212737652529207,5.553258619834496,High
Lucas Torró,ESP,MF,Osasuna,La Liga,28,1994,25,24,1902.0,0.9,9.0,11.0,14.0,82.0,0.04,0.05,0.04,-0.2943864171172844,1.2691574109322366,High
Birama Touré,MLI,MF,Auxerre,Ligue 1,30,1992,28,28,2503.0,1.6,1.0,9.0,110.0,0.9,0.06,0.06,0.03,-0.7709002107598608,7.828449120197927,High
Souleymane Touré,FRA,DF,Auxerre,Ligue 1,20,2003,11,10,887.0,0.8,4.0,8.0,28.0,0.9,0.08,0.02,0.1,1.6116687574530215,0.12944357524209682,Mid
Lucas Tousart,FRA,MF,Hertha BSC,Bundesliga,25,1997,24,24,2134.0,3.0,1.0,1.9,0.7,1.9,27.0,72.0,57.0,0.4203842733465803,3.7324877215808883,High
Yoann Touzghar,TUN,FW,Ajaccio,Ligue 1,36,1986,8,5,390.0,0.2,0.2,3.0,,,,,,-2.20044159168759,-5.191586453601755,Low
Adama Traoré,ESP,"FW,MF",Wolves,Premier League,27,1996,25,9,1176.0,2.0,1.0,1.2,4.6,3.5,70.0,127.0,0.08,-0.05612952029599616,3.074705241568976,High
Boubacar Traoré,MLI,MF,Wolves,Premier League,21,2001,8,4,384.0,0.1,1.0,4.0,0.2,0.2,,2.0,,1.3734118606317332,-2.9100373736443057,Low
Charles Traore,MLI,DF,Nantes,Ligue 1,31,1992,9,4,323.0,2.0,2.0,0.0,,6.0,,,,-1.0091571075811492,-4.52271269334115,Low
Hamari Traoré,MLI,DF,Rennes,Ligue 1,31,1992,21,18,1663.0,1.0,2.0,1.0,1.4,1.0,44.0,111.0,108.0,-1.0091571075811492,2.3858798750429733,High
Kevin Trapp,GER,GK,Eint Frankfurt,Bundesliga,32,1990,24,24,2160.0,0.0,2.0,0.0,0.0,0.0,0.0,0.0,0.0,-1.2474140044024373,-1.0956471513779285,Mid
Mark Travers,IRL,GK,Bournemouth,Premier League,23,1999,11,10,945.0,0.0,0.0,0.0,0.0,0.0,0.0,0.0,0.0,0.8968980669891568,-2.881088282437024,Low
Óscar Trejo,ARG,"MF,FW",Rayo Vallecano,La Liga,34,1988,24,21,1588.0,3.0,4.0,2.8,8.0,2.0,40.0,2.9,4.1,-1.7239277980450138,-0.3147467122879686,Mid
Manu Trigueros,ESP,MF,Villarreal,La Liga,31,1991,15,6,557.0,0.2,2.0,8.0,48.0,0.6,,,,-1.0091571075811492,-0.7571902864703042,Mid
Christopher Trimmel,AUT,DF,Union Berlin,Bundesliga,36,1987,19,16,1469.0,0.6,5.0,27.0,2.8,2.2,0.03,69.0,0.31,-2.20044159168759,0.03779374729300944,Mid
Kieran Trippier,ENG,DF,Newcastle Utd,Premier League,32,1990,26,26,2287.0,1.0,5.0,0.7,7.7,0.7,22.0,166.0,111.0,-1.2474140044024373,4.9735686073800425,High
Leandro Trossard,BEL,FW,Arsenal,Premier League,28,1994,10,6,453.0,1.0,6.0,1.4,3.7,2.3,23.0,65.0,,-0.2943864171172844,-2.4516828054842112,Low
Leandro Trossard,BEL,"FW,MF",Brighton,Premier League,28,1994,16,16,1315.0,7.0,2.0,4.4,2.1,4.4,40.0,67.0,118.0,-0.2943864171172844,1.344679715754204,High
Adrien Truffert,FRA,DF,Rennes,Ligue 1,21,2001,28,24,1954.0,0.6,6.0,55.0,2.2,1.5,0.03,166.0,0.28,1.3734118606317332,10.414446849653833,High
Frank Tsadjout,ITA,"FW,MF",Cremonese,Serie A,23,1999,13,8,588.0,2.0,1.0,1.0,0.2,1.0,6.0,9.0,34.0,0.8968980669891568,-3.1488320834009214,Low
Kostas Tsimikas,GRE,DF,Liverpool,Premier League,26,1996,14,6,536.0,0.6,4.0,19.0,2.1,1.5,,67.0,,0.18212737652529207,-0.49861584356065547,Mid
Viktor Tsyhankov,UKR,MF,Girona,La Liga,25,1997,7,5,450.0,3.0,3.0,2.0,3.5,1.5,14.0,39.0,,0.4203842733465803,-2.8816289910979993,Low
Alessandro Tuia,ITA,DF,Lecce,Serie A,32,1990,6,5,419.0,0.1,0.1,1.0,,,,,,-1.2474140044024373,-4.373667017922108,Low
Tuta,BRA,DF,Eint Frankfurt,Bundesliga,23,1999,24,24,2151.0,1.0,1.0,1.1,1.6,0.4,13.0,14.0,0.04,0.8968980669891568,2.161223243435037,High
Iyenoma Udogie,ITA,DF,Udinese,Serie A,20,2002,23,23,2001.0,3.0,3.0,2.5,3.8,2.5,78.0,81.0,117.0,1.6116687574530215,7.336732604989578,High
Ike Ugbo,CAN,"FW,MF",Troyes,Ligue 1,24,1998,17,5,439.0,2.0,1.0,1.7,2.0,0.3,4.0,18.0,,0.6586411701678685,-3.7454183475423086,Low
Chimuanya Ugochukwu,FRA,MF,Rennes,Ligue 1,19,2004,17,9,951.0,0.2,1.0,6.0,0.7,0.2,0.02,36.0,10.0,1.8499256542743097,-0.5827912253900558,Mid
Samuel Umtiti,FRA,DF,Lecce,Serie A,29,1993,15,14,1214.0,0.4,5.0,7.0,0.03,1.0,0.03,0.03,0.0,-0.5326433139385727,-2.6726321723523343,Low
Enes Ünal,TUR,FW,Getafe,La Liga,25,1997,26,26,2268.0,13.0,3.0,9.3,4.0,5.0,26.0,2.2,7.7,0.4203842733465803,3.344496867008048,High
Cengiz Ünder,TUR,"MF,DF",Marseille,Ligue 1,25,1997,27,19,1660.0,2.0,4.0,5.3,3.0,1.0,49.0,4.9,9.4,0.4203842733465803,2.0623327740735755,High
Dayot Upamecano,FRA,DF,Bayern Munich,Bundesliga,24,1998,23,23,1977.0,0.7,1.0,28.0,0.3,0.7,0.03,153.0,7.0,0.6586411701678685,6.700150841120301,High
Filip Uremovic,CRO,DF,Hertha BSC,Bundesliga,26,1997,16,15,1297.0,0.8,5.0,0.06,11.0,0.9,0.0,0.01,0.06,0.18212737652529207,-1.6711077840622939,Mid
Jere Uronen,FIN,DF,Brest,Ligue 1,28,1994,6,3,300.0,3.0,1.0,,14.0,15.0,,,,-0.2943864171172844,-2.9601318370208567,Low
Jere Uronen,FIN,DF,Schalke 04,Bundesliga,28,1994,6,6,426.0,0.1,1.0,7.0,8.0,17.0,,,,-0.2943864171172844,-2.7148649396289946,Low
Josha Vagnoman,GER,"DF,MF",Stuttgart,Bundesliga,22,2000,14,7,690.0,1.0,2.0,15.0,18.0,1.3,,,,1.135154963810445,0.6099822886037237,Mid
Óscar Valentín,ESP,MF,Rayo Vallecano,La Liga,28,1994,23,19,1668.0,0.4,7.0,12.0,7.0,98.0,0.02,0.06,0.02,-0.2943864171172844,-0.12824492541839194,Mid
Emanuele Valeri,ITA,DF,Cremonese,Serie A,24,1998,26,23,1985.0,2.0,2.0,1.6,3.2,1.6,83.0,70.0,114.0,0.6586411701678685,6.1965743785463605,High
Valery,ESP,"MF,DF",Girona,La Liga,23,1999,18,5,667.0,0.4,2.0,12.0,1.4,1.0,,59.0,,0.8968980669891568,-0.5833795171231978,Mid
Yan Valery,TUN,DF,Angers,Ligue 1,24,1999,20,20,1632.0,0.6,1.0,53.0,59.0,47.0,0.03,0.12,0.03,0.6586411701678685,7.728795458780549,High
Enrique Valiente,ESP,DF,Sevilla,La Liga,20,2002,6,4,368.0,1.0,1.0,0.2,0.2,1.0,3.0,0.4,14.0,1.6116687574530215,-3.7673283825991493,Low
Martin Valjent,SVK,DF,Mallorca,La Liga,27,1995,20,20,1756.0,0.1,7.0,9.0,2.0,41.0,0.0,0.02,0.02,-0.05612952029599616,-0.17913567856338597,Mid
Federico Valverde,URU,"FW,MF",Real Madrid,La Liga,24,1998,26,23,2031.0,7.0,2.0,3.4,4.7,3.4,62.0,117.0,105.0,0.6586411701678685,6.725867348153361,High
Virgil van Dijk,NED,DF,Liverpool,Premier League,31,1991,22,22,1935.0,3.0,3.0,2.2,2.4,0.2,10.0,6.0,0.14,-1.0091571075811492,-0.5602183031762167,Mid
Vanderson,BRA,"DF,MF",Monaco,Ligue 1,21,2001,22,15,1431.0,1.6,3.0,34.0,2.3,1.6,0.1,84.0,118.0,1.3734118606317332,4.3925360293355755,High
Raphaël Varane,FRA,DF,Manchester Utd,Premier League,29,1993,19,17,1479.0,0.7,1.0,11.0,2.0,45.0,0.04,0.05,0.04,-0.5326433139385727,-1.3397341923635273,Mid
Jamie Vardy,ENG,FW,Leicester City,Premier League,36,1987,27,11,1283.0,1.0,4.0,2.7,0.8,2.7,12.0,11.0,79.0,-2.20044159168759,-4.176513000046865,Low
Ruben Vargas,SUI,"MF,FW",Augsburg,Bundesliga,24,1998,16,8,731.0,1.0,2.0,0.7,1.8,0.7,18.0,26.0,42.0,0.6586411701678685,-2.1240184906270003,Low
Johan Vásquez,MEX,DF,Cremonese,Serie A,24,1998,15,11,1055.0,0.4,6.0,14.0,7.0,28.0,0.03,0.04,0.03,0.6586411701678685,-1.104104880830537,Mid
Lucas Vázquez,ESP,DF,Real Madrid,La Liga,31,1991,12,5,492.0,2.0,2.0,0.9,1.8,0.9,14.0,60.0,,-1.0091571075811492,-3.928444080067007,Low
Matías Vecino,URU,MF,Lazio,Serie A,31,1991,24,12,1262.0,2.0,2.0,2.1,2.3,0.1,20.0,16.0,0.14,-1.0091571075811492,-2.363138585832873,Low
Gabriel Veiga,ESP,MF,Celta Vigo,La Liga,20,2002,25,18,1502.0,9.0,3.0,5.4,5.4,1.0,47.0,7.3,77.0,1.6116687574530215,2.974898108004749,High
Renato Veiga,POR,DF,Augsburg,Bundesliga,19,2003,5,4,314.0,0.1,2.0,5.0,3.0,4.0,,,,1.8499256542743097,-1.5090777514669882,Mid
Milo Veljkovic,SRB,DF,Werder Bremen,Bundesliga,27,1995,20,17,1521.0,1.0,1.0,0.4,0.9,0.5,4.0,2.0,0.06,-0.05612952029599616,-1.601048400650196,Mid
Miguel Veloso,POR,MF,Hellas Verona,Serie A,36,1986,17,10,905.0,0.4,4.0,12.0,18.0,67.0,0.04,0.24,0.04,-2.20044159168759,-3.8750390161534503,Low
Joël Veltman,NED,DF,Brighton,Premier League,31,1992,23,18,1718.0,1.0,1.0,1.5,0.5,1.5,37.0,128.0,36.0,-1.0091571075811492,2.568381221732917,High
Mickey van de Ven,NED,DF,Wolfsburg,Bundesliga,21,2001,25,25,2250.0,1.0,1.0,1.2,0.5,1.2,26.0,72.0,13.0,1.3734118606317332,4.8931778961125,High
Lorenzo Venuti,ITA,DF,Fiorentina,Serie A,27,1995,11,6,615.0,0.3,1.0,18.0,36.0,0.6,,,,-0.05612952029599616,0.4960850931474452,Mid
Daniele Verde,ITA,"FW,MF",Spezia,Serie A,26,1996,16,8,689.0,2.0,2.0,2.0,1.2,1.0,10.0,2.1,23.0,0.18212737652529207,-3.534561893337122,Low
Simone Verdi,ITA,MF,Hellas Verona,Serie A,30,1992,14,6,608.0,2.0,2.0,0.9,2.1,1.2,24.0,32.0,,-0.7709002107598608,-3.576716515915218,Low
Gonzalo Verdú,ESP,DF,Elche,La Liga,34,1988,12,8,604.0,1.0,1.0,0.3,0.3,0.3,,,,-1.7239277980450138,-4.643633411698165,Low
Jordan Veretout,FRA,MF,Marseille,Ligue 1,30,1993,28,21,1963.0,3.0,2.0,2.6,2.3,2.6,33.0,159.0,51.0,-0.7709002107598608,4.408934655104391,High
Marco Verratti,ITA,MF,Paris S-G,Ligue 1,30,1992,21,20,1604.0,0.4,8.0,31.0,195.0,1.5,0.02,0.06,0.08,-0.7709002107598608,12.281689603994623,High
Valerio Verre,ITA,MF,Sampdoria,Serie A,29,1994,18,6,677.0,0.6,5.0,16.0,27.0,45.0,,,,-0.5326433139385727,-0.5933832191739137,Mid
Mikel Vesga,ESP,MF,Athletic Club,La Liga,29,1993,25,20,1826.0,3.0,2.0,2.4,4.0,2.0,17.0,1.2,2.0,-0.5326433139385727,-0.22630390815790036,Mid
Guglielmo Vicario,ITA,GK,Empoli,Serie A,26,1996,24,24,2160.0,0.0,3.0,0.0,0.0,0.0,0.0,0.0,0.0,0.18212737652529207,0.33389422954980097,Mid
João Victor,BRA,DF,Nantes,Ligue 1,24,1998,7,4,462.0,5.0,1.0,0.0,14.0,0.4,,,,0.6586411701678685,-2.263347967832438,Low
Aleix Vidal,ESP,"FW,MF",Espanyol,La Liga,33,1989,20,10,897.0,0.1,1.0,10.0,1.6,1.5,0.01,40.0,0.1,-1.4856709012237255,-3.3530066542768546,Low
Clément Vidal,FRA,"DF,MF",Ajaccio,Ligue 1,22,2000,18,13,1181.0,0.6,3.0,3.0,53.0,0.8,0.04,0.02,0.06,1.135154963810445,1.569752666036087,High
Nacho Vidal,ESP,DF,Osasuna,La Liga,28,1995,15,11,961.0,0.5,3.0,16.0,40.0,32.0,0.05,0.11,0.05,-0.2943864171172844,-0.07508034554079568,Mid
Fabio Vieira,POR,"MF,FW",Arsenal,Premier League,22,2000,17,2,410.0,1.0,2.0,0.7,3.1,2.3,5.0,34.0,,1.135154963810445,-3.3189528086906828,Low
Ronaldo Vieira,GNB,MF,Sampdoria,Serie A,24,1998,16,8,815.0,,3.0,,,,,,,0.6586411701678685,-0.832781638834462,Mid
Tonny Vilhena,NED,MF,Salernitana,Serie A,28,1995,23,19,1580.0,3.0,1.0,2.2,1.7,2.2,25.0,62.0,52.0,-0.2943864171172844,1.1673606235666756,High
Toni Villa,ESP,"MF,FW",Girona,La Liga,28,1995,20,8,708.0,1.0,2.0,0.9,1.1,0.9,32.0,34.0,74.0,-0.2943864171172844,-2.307567597845285,Low
Gonzalo Villar,ESP,MF,Sampdoria,Serie A,25,1998,15,8,696.0,9.0,2.0,0.0,0.0,0.0,,,,0.4203842733465803,-2.3929883250985173,Low
Iván Villar,ESP,GK,Celta Vigo,La Liga,25,1997,7,7,630.0,,,0.0,0.0,0.0,0.0,,0.0,0.4203842733465803,-3.4579434235400766,Low
Carlos Vinícius,BRA,FW,Fulham,Premier League,28,1995,18,5,562.0,2.0,1.0,1.5,0.6,1.5,3.0,6.0,25.0,-0.2943864171172844,-4.936372294648917,Low
Mattia Viti,ITA,DF,Nice,Ligue 1,21,2002,9,7,634.0,1.0,1.0,0.1,1.0,19.0,1.0,,,1.3734118606317332,-2.3847392198625412,Low
Vitinha,POR,MF,Paris S-G,Ligue 1,23,2000,26,21,1741.0,1.9,1.0,40.0,3.8,1.9,0.1,61.0,0.05,0.8968980669891568,5.326818910789565,High
Daniel Vivian,ESP,DF,Athletic Club,La Liga,23,1999,18,17,1535.0,1.0,1.0,0.8,1.3,0.5,15.0,4.0,0.06,0.8968980669891568,-0.017269090377625806,Mid
Duan Vlahovic,SRB,FW,Juventus,Serie A,23,2000,18,17,1461.0,8.0,2.0,7.8,5.4,3.0,17.0,6.9,35.0,0.8968980669891568,0.9050381240993681,Mid
Nikola Vlaic,CRO,"MF,FW",Torino,Serie A,25,1997,23,21,1928.0,4.0,2.0,3.8,2.6,3.8,55.0,71.0,151.0,0.4203842733465803,4.510272331996523,High
Kevin Vogt,GER,DF,Hoffenheim,Bundesliga,31,1991,19,19,1550.0,13.0,8.0,0.0,0.01,1.0,0.0,0.01,0.0,-1.0091571075811492,-2.5499852849727827,Low
Mërgim Vojvoda,KVX,DF,Torino,Serie A,28,1995,21,12,1180.0,0.9,4.0,17.0,2.6,1.6,0.07,55.0,0.31,-0.2943864171172844,-0.3506337531249204,Mid
Kevin Volland,GER,"MF,FW",Monaco,Ligue 1,30,1992,9,4,355.0,2.0,1.0,1.3,1.7,0.4,4.0,34.0,,-0.7709002107598608,-5.113257856352121,Low
Stefan de Vrij,NED,DF,Inter,Serie A,31,1992,16,15,1310.0,1.0,1.0,0.8,1.0,0.2,8.0,0.07,0.07,-1.0091571075811492,-3.0006625025692863,Low
Walace,BRA,MF,Udinese,Serie A,27,1995,27,27,2349.0,1.0,5.0,40.0,28.0,128.0,0.04,0.07,0.04,-0.05612952029599616,6.136734286554202,High
Theo Walcott,ENG,"FW,MF",Southampton,Premier League,34,1989,10,4,468.0,1.0,1.0,1.2,0.8,1.2,9.0,2.0,29.0,-1.7239277980450138,-6.500239679968881,Low
Luca Waldschmidt,GER,FW,Wolfsburg,Bundesliga,26,1996,11,4,351.0,1.0,1.0,1.3,5.0,0.5,4.0,,,0.18212737652529207,-3.9732113282524164,Low
Kyle Walker,ENG,DF,Manchester City,Premier League,32,1990,17,14,1166.0,0.4,2.0,28.0,31.0,111.0,0.03,0.04,0.03,-1.2474140044024373,0.285196357178509,Mid
Kyle Walker-Peters,ENG,DF,Southampton,Premier League,25,1997,21,20,1750.0,1.0,1.0,0.8,1.8,1.0,68.0,81.0,0.05,0.4203842733465803,4.591926467542061,High
Aaron Wan-Bissaka,ENG,DF,Manchester Utd,Premier League,25,1997,11,8,739.0,0.1,0.1,21.0,,28.0,,,,0.4203842733465803,0.06308212280793751,Mid
Danny Ward,WAL,GK,Leicester City,Premier League,29,1993,26,26,2340.0,0.0,0.0,0.0,0.0,0.0,0.0,0.0,0.0,-0.5326433139385727,0.19110319565178013,Mid
Joel Ward,ENG,DF,Crystal Palace,Premier League,33,1989,18,15,1405.0,7.0,4.0,0.0,0.01,26.0,0.0,0.01,0.0,-1.4856709012237255,-3.8164040671982233,Low
James Ward-Prowse,ENG,MF,Southampton,Premier League,28,1994,28,28,2520.0,7.0,2.0,4.8,5.0,3.0,17.0,5.1,7.3,-0.2943864171172844,2.6312052342630934,High
Ollie Watkins,ENG,FW,Aston Villa,Premier League,27,1995,26,25,2143.0,9.0,5.0,10.3,1.0,1.0,37.0,2.9,12.4,-0.05612952029599616,2.9540033669660737,High
Timothy Weah,USA,"DF,FW",Lille,Ligue 1,23,2000,19,12,1181.0,2.0,2.0,52.0,3.4,1.4,0.15,106.0,0.15,0.8968980669891568,5.3432479785958655,High
Adam Webster,ENG,DF,Brighton,Premier League,28,1995,20,17,1498.0,1.6,1.0,15.0,6.0,84.0,0.09,0.09,0.1,-0.2943864171172844,-0.4646854175818742,Mid
Wout Weghorst,NED,"FW,MF",Manchester Utd,Premier League,30,1992,8,8,554.0,1.3,1.0,1.0,14.0,2.0,,,,-0.7709002107598608,-2.8988307099332933,Low
Julian Weigl,GER,MF,M'Gladbach,Bundesliga,27,1995,16,14,1264.0,0.3,5.0,3.0,2.0,46.0,0.02,0.05,0.02,-0.05612952029599616,-2.3629813956420387,Low
Mitchell Weiser,GER,"DF,FW",Werder Bremen,Bundesliga,28,1994,22,21,1839.0,1.0,7.0,1.7,3.7,1.7,41.0,94.0,128.0,-0.2943864171172844,3.4512568646943342,High
Shon Weissman,ISR,FW,Valladolid,La Liga,27,1996,15,6,747.0,1.0,1.0,2.3,2.5,0.2,7.0,15.0,,-0.05612952029599616,-3.6683598894162914,Low
Danny Welbeck,ENG,FW,Brighton,Premier League,32,1990,19,14,1258.0,2.0,2.0,5.4,7.9,2.5,20.0,86.0,0.14,-1.2474140044024373,0.01598673815614937,Mid
Timo Werner,GER,"FW,MF",RB Leipzig,Bundesliga,27,1996,19,15,1304.0,7.0,2.0,6.1,2.2,6.1,44.0,36.0,150.0,-0.05612952029599616,1.009906183091837,Mid
Ben White,ENG,DF,Arsenal,Premier League,25,1997,28,26,2155.0,1.0,3.0,0.4,2.1,0.4,51.0,190.0,98.0,0.4203842733465803,7.967720445446088,High
Silvan Widmer,SUI,DF,Mainz 05,Bundesliga,30,1993,21,14,1282.0,2.0,2.0,2.5,41.0,3.2,10.0,0.14,0.14,-0.7709002107598608,-0.3332304418850278,Mid
Mateusz Wieteska,POL,DF,Clermont Foot,Ligue 1,26,1997,27,27,2429.0,1.6,1.0,12.0,2.0,0.3,0.06,7.0,0.04,0.18212737652529207,2.579940139574285,High
Georginio Wijnaldum,NED,MF,Roma,Serie A,32,1990,7,4,343.0,1.0,1.0,1.2,7.0,1.3,7.0,,,-1.2474140044024373,-5.170863185823376,Low
Iñaki Williams,GHA,FW,Athletic Club,La Liga,28,1994,24,22,1855.0,5.0,2.0,6.3,5.5,1.0,78.0,8.2,36.0,-0.2943864171172844,3.716273182190379,High
Neco Williams,WAL,DF,Nott'ham Forest,Premier League,21,2001,25,14,1368.0,1.0,4.0,37.0,58.0,27.0,0.07,0.15,0.07,1.3734118606317332,5.662635217840112,High
Nico Williams,ESP,FW,Athletic Club,La Liga,20,2002,25,24,1993.0,4.0,4.0,3.8,4.2,3.8,118.0,61.0,239.0,1.6116687574530215,8.926266342437614,High
Willian,BRA,FW,Fulham,Premier League,34,1988,19,17,1459.0,3.0,2.0,2.5,2.5,2.5,63.0,74.0,88.0,-1.7239277980450138,1.3537651308501313,High
Joe Willock,ENG,MF,Newcastle Utd,Premier League,23,1999,25,22,1807.0,2.0,4.0,3.8,4.0,3.8,64.0,86.0,103.0,0.8968980669891568,5.783537139052128,High
Callum Wilson,ENG,FW,Newcastle Utd,Premier League,31,1992,19,15,1239.0,7.0,3.0,8.5,3.0,1.0,20.0,1.6,9.3,-1.0091571075811492,-1.7140239729096889,Low
Harry Wilson,WAL,FW,Fulham,Premier League,26,1997,18,4,453.0,1.1,1.0,8.0,38.0,16.0,,,,0.18212737652529207,-0.6040531376466384,Mid
Patrick Wimmer,AUT,"FW,MF",Wolfsburg,Bundesliga,21,2001,18,16,1139.0,3.0,6.0,1.8,3.7,1.8,29.0,47.0,82.0,1.3734118606317332,1.5909249743611436,High
Jonas Wind,DEN,FW,Wolfsburg,Bundesliga,24,1999,15,8,694.0,4.0,4.0,2.0,18.0,2.7,5.0,,,0.6586411701678685,-1.502698241855882,Mid
Harry Winks,ENG,MF,Sampdoria,Serie A,27,1996,10,9,839.0,0.2,0.2,14.0,0.06,7.0,0.02,0.02,0.08,-0.05612952029599616,-2.8614593441559073,Low
Florian Wirtz,GER,"FW,MF",Leverkusen,Bundesliga,19,2003,9,5,521.0,0.2,4.0,15.0,1.5,1.3,,36.0,,1.8499256542743097,-0.1542475448628582,Mid
Yoane Wissa,COD,FW,Brentford,Premier League,26,1996,27,12,1178.0,5.0,2.0,3.9,2.2,3.9,16.0,23.0,82.0,0.18212737652529207,-1.1612202147225565,Mid
Axel Witsel,BEL,"DF,MF",Atlético Madrid,La Liga,34,1989,22,15,1404.0,0.3,2.0,3.0,8.0,49.0,0.02,0.06,0.02,-1.7239277980450138,-3.3074134935069983,Low
Maximilian Wöber,AUT,DF,Leeds United,Premier League,25,1998,10,9,790.0,0.6,1.0,7.0,3.0,36.0,,,,0.4203842733465803,-1.2829898028621125,Mid
Hannes Wolf,AUT,FW,M'Gladbach,Bundesliga,23,1999,13,3,345.0,1.0,1.0,1.3,1.4,0.1,9.0,32.0,,0.8968980669891568,-3.439892535575118,Low
Marius Wolf,GER,DF,Dortmund,Bundesliga,27,1995,18,12,1141.0,1.0,1.0,1.0,1.9,1.0,44.0,60.0,100.0,-0.05612952029599616,0.4322822650473935,Mid
Jeong Woo-yeong,KOR,"MF,FW",Freiburg,Bundesliga,23,1999,20,4,611.0,1.0,1.0,2.0,1.0,2.0,15.0,17.0,31.0,0.8968980669891568,-2.919453453330834,Low
Chris Wood,NZL,FW,Newcastle Utd,Premier League,31,1991,18,4,446.0,2.0,2.0,1.8,0.3,1.0,1.0,4.0,23.0,-1.0091571075811492,-6.1099024782192135,Low
Chris Wood,NZL,FW,Nott'ham Forest,Premier League,31,1991,7,5,372.0,1.0,1.0,1.0,7.0,1.2,2.0,,,-1.0091571075811492,-4.991926348776483,Low
Christopher Wooh,CMR,DF,Rennes,Ligue 1,21,2001,11,10,861.0,0.7,3.0,6.0,0.02,32.0,0.07,0.07,0.09,1.3734118606317332,-1.9882395649837383,Low
Joe Worrall,ENG,DF,Nott'ham Forest,Premier League,26,1997,21,16,1611.0,1.0,1.0,0.5,1.1,0.6,4.0,1.0,0.06,0.18212737652529207,-1.3559018338714102,Mid
Xeka,POR,MF,Rennes,Ligue 1,28,1994,8,6,552.0,0.1,1.0,5.0,,13.0,,,,-0.2943864171172844,-2.698110104820087,Low
Granit Xhaka,SUI,MF,Arsenal,Premier League,30,1992,28,27,2294.0,4.0,5.0,2.8,4.1,2.8,33.0,164.0,145.0,-0.7709002107598608,6.027962870115552,High
Jawad El Yamiq,MAR,DF,Valladolid,La Liga,31,1992,17,11,967.0,0.5,1.0,10.0,1.0,25.0,0.05,0.06,0.05,-1.0091571075811492,-3.635943671069249,Low
Ryan Yates,ENG,MF,Nott'ham Forest,Premier League,25,1997,21,17,1494.0,2.2,2.0,10.0,3.4,1.2,0.13,23.0,0.12,0.4203842733465803,0.19587835642659318,Mid
Leny Yoro,FRA,DF,Lille,Ligue 1,17,2005,9,6,587.0,0.1,0.1,,,,,,,2.3264394479168864,0.18399229593781197,Mid
Maya Yoshida,JPN,DF,Schalke 04,Bundesliga,34,1988,25,25,2238.0,0.2,3.0,5.0,3.0,77.0,0.01,0.01,0.01,-1.7239277980450138,-0.670676748962332,Mid
Ashley Young,ENG,DF,Aston Villa,Premier League,37,1985,19,14,1278.0,1.0,1.0,0.2,1.0,0.8,16.0,29.0,0.07,-2.4386984885088787,-3.6040188026900504,Low
Mohamed Youssouf,COM,DF,Ajaccio,Ligue 1,35,1988,23,21,1907.0,0.1,5.0,42.0,72.0,80.0,0.01,0.07,0.01,-1.962184694866302,5.459443703366473,High
Mattia Zaccagni,ITA,FW,Lazio,Serie A,27,1995,24,23,1892.0,9.0,4.0,5.5,6.0,1.0,74.0,2.2,6.9,-0.05612952029599616,3.7813587322841515,High
Dan-Axel Zagadou,FRA,DF,Stuttgart,Bundesliga,23,1999,9,7,660.0,0.7,2.0,3.0,,21.0,,,,0.8968980669891568,-1.3740583513387268,Mid
Wilfried Zaha,CIV,"FW,MF",Crystal Palace,Premier League,30,1992,23,23,2021.0,6.0,2.0,5.5,3.8,4.0,65.0,6.2,56.0,-0.7709002107598608,2.8391332544369803,High
Warren Zaire-Emery,FRA,"MF,DF",Paris S-G,Ligue 1,17,2006,16,4,524.0,2.0,2.0,1.3,22.0,1.3,15.0,,,2.3264394479168864,-0.040306196466450395,Mid
Denis Zakaria,SUI,MF,Chelsea,Premier League,26,1996,6,4,338.0,0.2,0.2,9.0,,,,,,0.18212737652529207,-2.4838373213268934,Low
Rodrigo Zalazar,URU,"MF,FW",Schalke 04,Bundesliga,23,1999,15,9,850.0,1.0,2.0,2.5,2.2,2.5,19.0,22.0,26.0,0.8968980669891568,-1.4165015863984842,Mid
Joseba Zaldúa,ESP,DF,Cádiz,La Liga,30,1992,10,7,639.0,13.0,1.0,0.0,20.0,13.0,,,,-0.7709002107598608,-2.633275884512006,Low
Nicola Zalewski,POL,DF,Roma,Serie A,21,2002,23,17,1444.0,1.0,1.0,0.8,1.0,0.8,52.0,56.0,70.0,1.3734118606317332,3.242675471599693,High
Andre-Frank Zambo Anguissa,CMR,MF,Napoli,Serie A,27,1995,25,25,2100.0,2.0,4.0,3.4,1.9,3.4,37.0,129.0,92.0,-0.05612952029599616,5.395953935140225,High
Luca Zanimacchia,ITA,"MF,FW",Cremonese,Serie A,24,1998,15,9,746.0,1.2,2.0,22.0,70.0,26.0,,,,0.6586411701678685,4.21614766616894,High
Nicolò Zaniolo,ITA,"MF,FW",Roma,Serie A,23,1999,13,12,890.0,1.0,1.0,2.9,3.8,0.9,34.0,69.0,0.1,0.8968980669891568,1.0254721230397246,Mid
Alessandro Zanoli,ITA,DF,Sampdoria,Serie A,22,2000,11,5,611.0,1.0,2.0,0.7,0.7,0.7,21.0,14.0,26.0,1.135154963810445,-2.4816551536614755,Low
Duván Zapata,COL,FW,Atalanta,Serie A,31,1991,17,10,838.0,1.0,1.0,2.5,0.8,2.5,24.0,28.0,90.0,-1.0091571075811492,-2.913704742811092,Low
Davide Zappacosta,ITA,"DF,MF",Atalanta,Serie A,30,1992,10,7,554.0,1.0,1.0,0.6,1.0,0.6,23.0,32.0,50.0,-0.7709002107598608,-3.665649955343022,Low
Oier Zarraga,ESP,MF,Athletic Club,La Liga,24,1999,19,4,617.0,0.6,4.0,10.0,20.0,21.0,,,,0.6586411701678685,-0.7389848604162714,Mid
Akim Zedadka,ALG,DF,Auxerre,Ligue 1,27,1995,11,11,919.0,0.3,2.0,16.0,40.0,30.0,0.03,0.1,0.03,-0.05612952029599616,0.09286109006523857,Mid
Akim Zedadka,ALG,"DF,MF",Lille,Ligue 1,27,1995,8,4,354.0,1.0,1.0,0.4,0.9,0.5,6.0,18.0,,-0.05612952029599616,-4.8312239109546775,Low
Jordan Zemura,ZIM,DF,Bournemouth,Premier League,23,1999,19,17,1454.0,0.4,1.0,39.0,2.2,1.9,0.02,48.0,0.06,0.8968980669891568,3.794804167539456,High
Arber Zeneli,KVX,"FW,MF",Reims,Ligue 1,28,1995,19,11,902.0,2.0,2.0,41.0,48.0,4.8,0.2,0.2,0.2,-0.2943864171172844,2.5956247475210668,High
Robin Zentner,GER,GK,Mainz 05,Bundesliga,28,1994,19,19,1710.0,0.0,1.0,0.0,0.0,1.0,0.0,0.0,0.0,-0.2943864171172844,-1.5725687055073858,Mid
Edon Zhegrova,KVX,"FW,DF",Lille,Ligue 1,23,1999,16,8,742.0,1.0,4.0,2.3,2.6,2.3,55.0,31.0,141.0,0.8968980669891568,0.12511281485360892,Mid
Piotr Zielinski,POL,MF,Napoli,Serie A,28,1994,27,21,1715.0,3.0,7.0,2.7,5.5,2.7,45.0,81.0,90.0,-0.2943864171172844,3.3075843846604935,High
David Zima,CZE,DF,Torino,Serie A,22,2000,9,4,406.0,0.8,0.8,3.0,,5.0,,,,1.135154963810445,-1.9674227105625712,Low
Oleksandr Zinchenko,UKR,DF,Arsenal,Premier League,26,1996,21,20,1654.0,1.0,2.0,1.2,1.4,1.2,59.0,186.0,53.0,0.18212737652529207,6.373984016446195,High
Joshua Zirkzee,NED,FW,Bologna,Serie A,21,2001,11,4,532.0,1.0,1.0,1.9,1.0,1.9,6.0,9.0,38.0,1.3734118606317332,-3.1860665720378227,Low
Hakim Ziyech,MAR,"FW,MF",Chelsea,Premier League,30,1993,13,6,572.0,0.6,1.0,13.0,2.0,1.4,,56.0,,-0.7709002107598608,-2.216451078823443,Low
Simon Zoller,GER,FW,Bochum,Bundesliga,31,1991,19,17,1275.0,3.0,1.0,3.8,0.9,3.8,8.0,18.0,54.0,-1.0091571075811492,-2.0749303699429325,Low
Nadir Zortea,ITA,DF,Sassuolo,Serie A,23,1999,5,5,450.0,0.1,3.0,16.0,17.0,26.0,,,,0.8968980669891568,-0.2667601411944075,Mid
Kurt Zouma,FRA,DF,West Ham,Premier League,28,1994,17,16,1386.0,1.0,1.0,1.3,21.0,1.3,1.0,0.06,0.06,-0.2943864171172844,-1.1120413189057001,Mid
Igor Zubeldia,ESP,DF,Real Sociedad,La Liga,25,1997,21,19,1707.0,1.0,1.0,0.6,0.4,0.6,12.0,85.0,4.0,0.4203842733465803,1.8427006482135355,High
Martín Zubimendi,ESP,MF,Real Sociedad,La Liga,24,1999,25,24,2141.0,1.0,2.0,0.7,0.9,0.7,29.0,135.0,18.0,0.6586411701678685,5.518994944057036,High
Martin Ødegaard,NOR,MF,Arsenal,Premier League,24,1998,27,27,2306.0,10.0,6.0,8.1,6.7,8.1,66.0,206.0,151.0,0.6586411701678685,10.640291555976113,High
Milan Ðuric,BIH,FW,Hellas Verona,Serie A,32,1990,18,8,762.0,1.0,1.0,0.5,1.4,0.9,1.0,46.0,,-1.2474140044024373,-4.30114957158961,Low
Filip Ðuricic,SRB,"MF,FW",Sampdoria,Serie A,31,1992,24,21,1630.0,3.0,3.0,1.9,3.6,1.7,31.0,62.0,0.17,-1.0091571075811492,1.1672967195785227,High
